Unnamed: 0,Expected,Expected.1,Expected.2,Expected.3
Rk,xG,npxG,xA,npxG+xA
1,0,0,0,0
2,1.2,1.2,0.8,2
3,0,0,0,0
4,1.7,1.7,0.3,1.9
5,0,0,0,0
6,1,1,0.8,1.7
7,1.3,1.3,1.4,2.7
8,2.1,2.1,0.3,2.4
9,0,0,0,0
10,1.2,1.2,0.1,1.2
11,0.7,0.7,0.5,1.1
12,6.4,6.4,0.9,7.3
13,0,0,0,0
14,0.3,0.3,0,0.3
15,1,1,1,1.9
16,0.3,0.3,0,0.3
17,1.1,1.1,2.8,4
18,8.8,8.8,5.8,14.5
19,0.9,0.9,0.9,1.8
20,2.2,2.2,1.7,3.9
21,1.1,1.1,0.4,1.5
22,0.2,0.2,0,0.2
23,1.4,1.4,4.7,6.1
24,0,0,0,0
25,0,0,0,0
26,0.2,0.2,0.9,1.1
27,0,0,0.1,0.1
28,0.6,0.6,0.4,1
29,1.9,1.9,0.7,2.7
30,2.9,2.9,0.9,3.8
31,3.3,1.8,1.3,3.1
32,1.2,1.2,4.6,5.8
33,0.3,0.3,0,0.4
34,1.6,1.6,0.3,1.9
35,0.2,0.2,0,0.2
36,2.3,2,1.2,3.1
37,0.1,0.1,0,0.1
38,0.8,0.8,0.6,1.4
39,1,1,1.4,2.3
40,0.6,0.6,1,1.6
41,0.1,0.1,0.4,0.4
42,1.3,1.3,0.3,1.5
43,16.5,12.7,3.7,16.4
44,1.8,1.8,0.1,1.9
45,0.4,0.4,0.3,0.6
46,1.1,1.1,0,1.1
47,0.1,0.1,0,0.1
48,0,0,0.4,0.4
49,0.9,0.9,0.9,1.8
50,0.1,0.1,0.4,0.4
51,1.3,1.3,2.3,3.6
52,0.2,0.2,1.2,1.3
53,0,0,0,0
54,6.5,5,0.7,5.7
55,2.4,2.4,7.4,9.8
56,5.5,5.3,8.2,13.5
57,0.6,0.6,1,1.6
58,1.3,1.3,4.4,5.7
59,8.3,6.7,3.2,9.9
60,0.1,0.1,0,0.1
61,1.4,1.4,2.3,3.7
62,1.7,1.7,0.6,2.3
63,0.5,0.5,0.1,0.6
64,0.8,0.8,0.3,1.2
65,1,1,0.8,1.7
66,0,0,0,0
67,1.9,1.9,2,3.9
68,0,0,0,0
69,2.8,2.8,8.1,10.8
70,0,0,0.1,0.1
71,1.4,1.4,0.1,1.5
72,1.5,1.5,3.1,4.6
73,0,0,0,0
74,0.1,0.1,0,0.1
75,0,0,0,0
76,0.2,0.2,0.9,1.1
77,1.4,1.4,0.9,2.3
78,3.2,3.2,2.8,5.9
79,1.7,1.7,1.1,2.8
80,0.3,0.3,0.9,1.2
81,0.5,0.5,0.4,0.9
82,0.3,0.3,0.1,0.4
83,0.7,0.7,0.5,1.1
84,2.1,2.1,0.3,2.4
85,0,0,0,0.1
86,0,0,0,0
87,0.4,0.4,0,0.4
88,0.2,0.2,0.3,0.5
89,1.4,1.4,1.5,2.9
90,0,0,0,0
91,2.1,2.1,2.9,5.1
92,0.3,0.3,0.9,1.3
93,0.4,0.4,0.5,0.9
94,0.4,0.4,0.1,0.4
95,1.1,1.1,0.5,1.6
96,0.3,0.3,0,0.3
97,0,0,0,0
98,0,0,0,0
99,0,0,0,0
100,5.5,4.7,0.3,5.1
101,0,0,0,0
102,1.1,1.1,1.3,2.4
103,2.5,2.5,2.2,4.7
104,0.3,0.3,0.5,0.8
105,0,0,0,0
106,0,0,0,0
107,0,0,0.9,1
108,3.8,3.8,5,8.8
109,0,0,0,0
110,0,0,0,0
111,1.7,0.9,5,5.9
112,1.2,1.2,0.4,1.6
113,0.2,0.2,0,0.2
114,11.4,11.4,2.3,13.7
115,0,0,0,0
116,10.3,8.8,4,12.8
117,3.3,3.3,5.1,8.4
118,0.2,0.2,1,1.2
119,0.1,0.1,0,0.1
120,2.2,2.2,2.1,4.3
121,0.7,0.7,0.8,1.4
122,3.7,3.7,2.6,6.3
123,0.3,0.3,0.7,1
124,1.6,1.6,0.1,1.7
125,1.2,1.2,0.9,2.1
126,0,0,0,0
127,0,0,0,0
128,1,1,0.2,1.2
129,0,0,0,0
130,0,0,0,0
131,3,3,2.7,5.7
132,2,2,4.8,6.8
133,0.4,0.4,0,0.4
134,0,0,0,0.1
135,0,0,0,0
136,1,1,0.3,1.3
137,0.1,0.1,0,0.1
138,0.6,0.6,0.2,0.8
139,0,0,0,0
140,4.9,4.9,3,7.9
141,0,0,0,0
142,12.5,8.7,8.3,17
143,0.8,0.8,0.6,1.5
144,0.2,0.2,0.1,0.4
145,0.6,0.6,0.5,1.1
146,10.6,9.1,2.8,11.9
147,0,0,0.4,0.4
148,0.3,0.3,3.1,3.4
149,0,0,0,0
150,0.9,0.9,2.8,3.7
151,1.4,1.4,1.9,3.2
152,0.2,0.2,0,0.2
153,0.7,0.7,0,0.7
154,6.9,6.9,1.5,8.4
155,0,0,0.5,0.5
156,2.4,2.4,0.7,3
157,0.5,0.5,0,0.5
158,1.4,1.4,2.6,4
159,0.2,0.2,0,0.2
160,0.8,0.8,2.6,3.4
161,0,0,0.6,0.6
162,3.5,3.5,0.9,4.4
163,0.6,0.6,0.3,0.9
164,0.5,0.5,2.8,3.3
165,0,0,0,0
166,0.1,0.1,0.1,0.1
167,1.5,1.5,0.6,2.2
168,7.4,6.6,1.4,8
169,6.9,6.9,6.1,13
170,0.1,0.1,0,0.1
171,0,0,0,0
172,1.1,1.1,0.8,1.9
173,0.2,0.2,1.9,2.1
174,3.3,3.3,4.5,7.8
175,0,0,0,0
176,0.1,0.1,0,0.1
177,0.6,0.6,0,0.6
178,5.8,5.8,1.7,7.6
179,1.1,1.1,1.7,2.8
180,5.3,5.3,1.9,7.2
181,0,0,0.6,0.7
182,1.8,1.8,0,1.9
183,0.2,0.2,0.7,0.8
184,0,0,0,0
185,0,0,1.4,1.5
186,4.4,4.4,5.1,9.5
187,0.1,0.1,0.1,0.1
188,17.3,15.7,4.1,19.8
189,0.6,0.6,0.1,0.7
190,0.5,0.5,0.3,0.8
191,5.9,5.1,1.2,6.3
192,5.8,5.8,2.8,8.6
193,1,1,1.7,2.7
194,0.2,0.2,0,0.3
195,0,0,0,0
196,0.1,0.1,0.2,0.2
197,2.9,2.9,1.1,4
198,0.1,0.1,0,0.1
199,2.6,2.6,5.4,8.1
200,0,0,0,0
201,1.8,1.8,1.9,3.7
202,3.2,3.2,3.6,6.8
203,0,0,0.1,0.1
204,1.6,1.6,3,4.6
205,5.1,4.4,0.7,5.1
206,6.2,6.2,1.5,7.7
207,0,0,0.3,0.3
208,0.6,0.6,1,1.6
209,0.2,0.2,0,0.3
210,3.3,3.3,2.1,5.4
211,1.8,1.8,2,3.8
212,0,0,1.2,1.3
213,8.9,8,5.1,13.2
214,2.1,2.1,0.2,2.4
215,0.2,0.2,0.3,0.5
216,0.4,0.4,0.8,1.3
217,0.3,0.3,0.6,0.8
218,0.8,0.8,0.8,1.6
219,3.3,3.3,1.8,5.1
220,0,0,0,0
221,1.2,1.2,1.8,3
222,1.4,1.4,3.4,4.8
223,0,0,0,0
224,1.4,1.4,1.4,2.8
225,1.2,1.2,0.2,1.4
226,0.5,0.5,0.2,0.7
227,0,0,0,0
228,1.4,1.4,0.3,1.6
229,5.5,5.5,3,8.5
230,1,1,0.2,1.2
231,1.2,1.2,0.5,1.7
232,0,0,0.7,0.7
233,9.1,9.1,5,14.1
234,0.9,0.9,0.2,1.1
235,2,2,3.2,5.3
236,0.2,0.2,0.3,0.5
237,1,1,0.3,1.3
238,0.3,0.3,1,1.3
239,0.4,0.4,0.1,0.4
240,0,0,0,0
241,0,0,0,0
242,1.6,1.6,1,2.6
243,0,0,0,0
244,0.6,0.6,0.7,1.2
245,0.4,0.4,1.3,1.7
246,2.2,2.2,1.8,4
247,2.8,2.8,1.6,4.4
248,0.8,0.8,2.4,3.2
249,3,3,3.3,6.3
250,13.8,9.9,6.9,16.8
251,1.4,1.4,0.3,1.7
252,0,0,0,0
253,2.3,2.3,3.4,5.7
254,0,0,0,0
255,19.1,10.1,6.3,16.4
256,0.8,0.8,1.2,2
257,0,0,0,0
258,1.2,0.5,0.5,1
259,0.1,0.1,0.4,0.5
260,7.6,6.8,2,8.8
261,0.4,0.4,0.6,1.1
262,0.1,0.1,0.4,0.4
263,0,0,0,0
264,0.3,0.3,1.4,1.7
265,0,0,0,0
266,0,0,0.2,0.2
267,0,0,0,0
268,0.7,0.7,0.5,1.2
269,2.3,2.3,4.4,6.6
270,0.8,0.8,3,3.7
271,2.3,1.6,0.4,2
272,0.2,0.2,0,0.2
273,0.8,0,0.1,0.1
274,0.7,0.7,2.6,3.3
275,8.1,8.1,1,9.1
276,17.8,17,6.3,23.3
277,1.8,0.3,0.3,0.6
278,0,0,0,0
279,14.6,8.5,5.2,13.7
280,0,0,0,0
281,0.8,0.8,1.9,2.7
282,0.3,0.3,0,0.3
283,6.1,6.1,3.8,9.9
284,0.1,0.1,0.7,0.8
285,1.7,1.7,0.5,2.2
286,1.2,0.5,1.2,1.7
287,2.5,2.5,1.3,3.7
288,1,1,1.6,2.6
289,0.2,0.2,0.7,0.9
290,1.5,1.5,2.1,3.7
291,0.3,0.3,0.2,0.5
292,0,0,0,0
293,0,0,0.3,0.3
294,0,0,0,0
295,0,0,0,0
296,0.6,0.6,1.2,1.8
297,0.8,0.8,1.5,2.3
298,0,0,0,0
299,0,0,0,0
300,2.1,2.1,0.2,2.3
301,0,0,0.2,0.2
302,0.4,0.4,0,0.4
303,0.9,0.9,0,0.9
304,2.4,2.4,0.6,3
305,2,2,6.8,8.8
306,0.1,0.1,0.1,0.2
307,1.2,1.2,1,2.2
308,4.4,3.7,1.3,5
309,0,0,0.1,0.1
310,0.8,0.8,0.5,1.3
311,0,0,0,0
312,6.8,6.8,3.2,10
313,0,0,0,0
314,0.3,0.3,0.6,0.9
315,1.1,1.1,2.1,3.2
316,0,0,0.1,0.1
317,2.8,2.8,6,8.8
318,0.3,0.3,1.1,1.4
319,0.1,0.1,0.1,0.2
320,3.6,3.6,1.2,4.8
321,0.1,0.1,0.2,0.3
322,1.7,1.7,0.2,1.9
323,1.9,1.9,1.8,3.8
324,1.1,1.1,0.4,1.6
325,2.8,2.8,3.2,6
326,1.6,1.6,0.7,2.3
327,0.2,0.2,0.9,1.1
328,1.4,1.4,0.3,1.7
329,2.7,2.7,0.6,3.3
330,0,0,0,0
331,0,0,0,0
332,1.3,1.3,0,1.4
333,1,1,0.3,1.3
334,12.2,9.2,3.6,12.8
335,2.3,2.3,1,3.4
336,2.3,0.7,2.3,3.1
337,1.6,1.6,0.4,2
338,1.4,1.4,0.2,1.6
339,5.5,4,6.7,10.6
340,0.3,0.3,0,0.4
341,0.2,0.2,0.6,0.8
342,0.6,0.6,0.6,1.2
343,5.6,5.6,5.3,11
344,0,0,0,0
345,6.3,6.3,4.6,10.8
346,0.6,0.6,0.7,1.3
347,1.9,1.9,0.2,2
348,5.9,5.9,1,6.9
349,0.4,0.4,0.5,1
350,0,0,0,0
351,0.2,0.2,0.1,0.3
352,0.3,0.3,1.3,1.5
353,0.8,0.8,0.9,1.7
354,5,4.3,2,6.3
355,3,3,2.8,5.9
356,1.3,1.3,0.2,1.4
357,0.2,0.2,1.2,1.5
358,0,0,0,0
359,0,0,0.3,0.3
360,0,0,0,0
361,3.7,3.7,3.4,7.1
362,3.4,3.4,0.5,3.9
363,0,0,0,0
364,1.7,1.7,1.7,3.4
365,0.2,0.2,0.2,0.4
366,1.6,0.9,0.1,1
367,0.3,0.3,0,0.4
368,0,0,0,0
369,2.1,0.6,0.4,1
370,1.6,1.6,0.5,2.2
371,1.8,0.3,2.3,2.6
372,1.9,1.9,1.1,3
373,1.8,1.8,4.3,6.2
374,1.2,1.2,2.4,3.6
375,0,0,0,0
376,1.3,1.3,0.7,2
377,0.4,0.4,1.1,1.4
378,0,0,0,0
379,0,0,0,0
380,4,3.6,5.2,8.9
381,0.4,0.4,0.4,0.8
382,0.4,0.4,0.4,0.8
383,0,0,0,0
384,7.1,7.1,0.6,7.7
385,0,0,0,0
386,2,2,1.2,3.1
387,0.2,0.2,0,0.2
388,3.3,1.1,0.1,1.2
389,0,0,0,0
390,4.5,4.5,1.5,6.1
391,0,0,0,0
392,2.4,2.4,1.8,4.2
393,0,0,0,0
394,1.5,1.5,1,2.5
395,0,0,0,0
396,0.4,0.4,0.3,0.8
397,0.5,0.5,1.4,1.9
398,0.2,0.2,3.6,3.8
399,0,0,0,0
400,0,0,0,0
401,0,0,0,0
402,0,0,0,0
403,0.2,0.2,0,0.2
404,0,0,0,0
405,1.2,1.2,1.3,2.4
406,1.3,1.3,1.1,2.4
407,0.3,0.3,1.7,2
408,3.4,3.4,2,5.4
409,0.7,0.7,0.7,1.4
410,1.6,1.6,0.6,2.2
411,5.3,4.6,0.7,5.2
412,0,0,0,0
413,0.7,0.7,1.4,2.1
414,1.4,1.4,0.3,1.7
415,0,0,0,0
416,0,0,0,0
417,1.2,1.2,1.8,3
418,0,0,0,0
419,0.3,0.3,0,0.3
420,1,1,0.2,1.2
421,1,1,1,2
422,5.5,4.8,8.8,13.5
423,0.1,0.1,0,0.1
424,0,0,0.1,0.1
425,4.8,2.6,3.7,6.3
426,0.3,0.3,1.3,1.6
427,5.9,5.9,1.3,7.2
428,15.3,15.3,2,17.3
429,0.9,0.9,0,0.9
430,0,0,0,0
431,3.5,3.5,1.7,5.2
432,1.9,1.9,1.3,3.2
433,1.4,0.7,1.4,2
434,0.8,0.8,2.4,3.2
435,5.4,2.9,5.1,8
436,2,2,4.9,6.9
437,4.8,3.3,5.8,9.1
438,,,,
439,1.1,1.1,1.6,2.7
440,3.6,3.6,1.3,5
441,0.5,0.5,0.1,0.6
442,0.1,0.1,0,0.1
443,4.2,3.4,3.2,6.6
444,9.4,7.1,1.7,8.8
445,0.7,0.7,1.9,2.6
446,0.2,0.2,0.7,0.9
447,0.4,0.4,1,1.4
448,0,0,0,0
449,7.6,7.6,1.9,9.5
450,0.2,0.2,0,0.2
451,0.4,0.4,0.8,1.2
452,1,1,0.6,1.6
453,0.5,0.5,0.3,0.8
454,0.1,0.1,1.2,1.3
455,6,6,5.6,11.6
456,0.4,0.4,0,0.4
457,2.7,2.7,1.3,4
458,1.2,1.2,0.1,1.2
459,0,0,0,0
460,0.6,0.6,0.8,1.4
461,1.1,1.1,0.4,1.5
462,1.3,1.3,0.5,1.7
463,4.7,4.7,3.6,8.3
464,0.3,0.3,2.2,2.5
465,0,0,0,0
466,0,0,0,0
467,0.3,0.3,0.8,1.1
468,0.1,0.1,0.1,0.1
469,1.3,1.3,2,3.3
470,0,0,0,0
471,1.7,1.7,0.1,1.7
472,2,2,0.7,2.7
473,3.3,3.3,3,6.4
474,0.1,0.1,0.1,0.2
475,3.5,3.5,2.5,6
476,0.4,0.4,0.2,0.6
477,5.4,4.7,3.4,8
478,7.4,7.4,2.7,10.1
479,0.7,0.7,2.9,3.6
480,0.9,0.9,0.2,1.2
481,0,0,0,0
482,0.8,0.8,2.6,3.5
483,1.5,1.5,4.5,5.9
484,1.2,1.2,1.5,2.7
485,0.4,0.4,0,0.4
486,2.5,2.5,0.8,3.4
487,0.1,0.1,0.1,0.2
488,0.6,0.6,0.2,0.8
489,0,0,0,0
490,0.2,0.2,0.7,0.8
491,1.9,1.9,1.3,3.2
492,0.1,0.1,0,0.1
493,0.1,0.1,0.1,0.2
494,0,0,0.2,0.2
495,1.9,1.9,0.9,2.8
496,0.6,0.6,1.1,1.7
497,0.9,0.9,0.3,1.2
498,0.1,0.1,0,0.1
499,5.7,5,3.1,8
500,2.4,2.4,1,3.4
501,1.2,1.2,2.5,3.6
502,0.4,0.4,0.7,1.1
503,0,0,0.1,0.2
504,1,1,2.1,3.1
505,1.5,1.5,2.4,3.9
506,0.6,0.6,0,0.6
507,0.7,0.7,0.8,1.6
508,6,6,6.5,12.5
509,2.4,2.4,2.8,5.3
510,1.1,1.1,0.7,1.8
511,0.3,0.3,1.2,1.5
512,0.3,0.3,0.5,0.8
513,0.7,0.7,0.4,1.1
514,0.4,0.4,0,0.4
515,2,1.2,2,3.2
516,0.1,0.1,0.4,0.5
517,0.1,0.1,0,0.1
518,3.5,3.5,2.6,6.1
519,0.1,0.1,0.4,0.5
520,0,0,0,0
521,0,0,0,0
522,0.1,0.1,0,0.1
523,0,0,0,0
524,0.6,0.6,1.2,1.8
525,0,0,0,0
526,0,0,0.1,0.1
527,0,0,0,0
528,0.3,0.3,0.1,0.4
529,4,4,3.1,7
530,1.8,1.8,6,7.8
531,0.4,0.4,3.3,3.7
532,0.1,0.1,0.4,0.5
533,1.3,1.3,0.1,1.4
534,0.9,0.9,1.5,2.4
535,0.4,0.4,0.3,0.7
536,1.2,1.2,1.9,3.1
537,1.9,1.9,0.7,2.5
538,1.5,1.5,0,1.5
539,0,0,0,0
540,0.6,0.6,0,0.6
541,0,0,0,0
542,4.1,4.1,6.6,10.8
543,1.3,1.3,0.1,1.4
544,3.5,3.5,0.2,3.7
545,0,0,0,0
546,0,0,0.1,0.1
547,0.3,0.3,0.4,0.7
548,1.3,1.3,0,1.3
549,0.2,0.2,0.5,0.7
550,0,0,0.1,0.1
551,0.7,0.7,1.6,2.3
552,0,0,0,0
553,0.1,0.1,0,0.1
554,0,0,0.3,0.3
555,7.4,7.4,1.8,9.3
556,3.1,3.1,1.2,4.4
557,0.3,0.3,0.3,0.5
558,2.3,2.3,2.9,5.2
559,2.5,2.5,3.4,6
560,7.6,7.4,5.7,13.1
561,8.3,7.8,2,9.8
562,0.2,0.2,1,1.2
563,0,0,0,0
564,1,1,1.3,2.3
565,0,0,0,0
566,0.2,0.2,1.7,1.8
567,0.2,0.2,0,0.2
568,0.7,0.7,0.1,0.9
569,1.4,0.6,0.3,1
570,0,0,0,0
571,0.1,0.1,0.7,0.8
572,2,2,0.9,2.9
573,0.1,0.1,0.3,0.4
574,0,0,0,0
575,0,0,0,0
576,1.2,1.2,4.6,5.9
577,2.8,2.1,0.5,2.6
578,0.7,0.7,1.3,1.9
579,0.1,0.1,0.1,0.2
580,0.7,0.7,0,0.7
581,3.2,3.2,1.8,5
582,0,0,0,0
583,3.9,3.9,0.9,4.7
584,0.4,0.4,0.4,0.8
585,0,0,0.2,0.2
586,0,0,0,0
587,0.9,0.9,5.9,6.9
588,0.9,0.1,0.4,0.5
589,2.2,2.2,0.9,3.1
590,0,0,0.2,0.2
591,0,0,0.5,0.5
592,2,1.2,7.2,8.4
593,0.5,0.5,0.6,1.1
594,0,0,0,0
595,2.5,2.5,1.1,3.7
596,1.7,1.7,3,4.8
597,0.9,0.9,0.7,1.6
598,0,0,0,0
599,8.1,5.8,5,10.8
600,0.2,0.2,0,0.2
601,0.2,0.2,0,0.2
602,0.2,0.2,0,0.2
603,0.5,0.5,0.2,0.7
604,0.2,0.2,0.2,0.3
605,1.5,1.5,0.1,1.6
606,0.3,0.3,0.2,0.5
607,1.3,1.3,0.1,1.4
608,1.8,1.8,0.6,2.4
609,1.2,1.2,0.3,1.5
610,5.1,4.3,1,5.3
611,0.3,0.3,1,1.3
612,0,0,0,0
613,0.5,0.5,1.2,1.7
614,0,0,0,0
615,4.6,4.6,2.1,6.7
616,0.7,0.7,1.2,1.9
617,2.4,2.4,2.8,5.2
618,0.8,0.8,0.3,1
619,1.2,1.2,3.5,4.7
620,0.3,0.3,0,0.4
621,0,0,0,0
622,0.6,0.6,0.2,0.8
623,0,0,0.1,0.1
624,0.1,0.1,0,0.1
625,0.1,0.1,0.2,0.3
626,1.4,1.4,5.8,7.2
627,0,0,0,0
628,1.2,1.2,1.5,2.7
629,0,0,0,0
630,9.8,9.8,3.1,13
631,0.2,0.2,0.8,1
632,0.2,0.2,0.6,0.9
633,0.2,0.2,1,1.1
634,1,1,0.5,1.5
635,0,0,0,0
636,1.3,1.3,0,1.4
637,1.7,1.7,0,1.7
638,9.7,7.5,10.2,17.6
639,0.3,0.3,0,0.3
640,6.6,4.3,10,14.3
641,0,0,0,0
642,0.1,0.1,1.5,1.6
643,2.3,2.3,0.9,3.2
644,0,0,0.4,0.4
645,0.9,0.9,1,1.9
646,2.6,2.6,1.7,4.3
647,2.8,2.8,1.3,4.1
648,0.2,0.2,0.4,0.6
649,0.2,0.2,0.4,0.5
650,1.2,1.2,2.2,3.4
651,0,0,0,0
652,1.1,1.1,0.8,1.9
653,0.4,0.4,0.2,0.6
654,0,0,0,0
655,0.2,0.2,1.6,1.8
656,0,0,0,0
657,0.1,0.1,0,0.1
658,10.8,10.1,5.9,16
659,0,0,0.1,0.1
660,1,1,0,1.1
661,3.8,3.8,0.7,4.5
662,5.6,5.6,4.9,10.6
663,0.7,0.7,0.1,0.8
664,2.4,2.4,2.6,5
665,4.7,4.7,3.1,7.8
666,1.4,1.4,1.6,3
667,0.5,0.5,0,0.5
668,3.3,3.3,0.7,4
669,1.8,1.8,0.6,2.3
670,0.6,0.6,1.2,1.7
671,0,0,0,0
672,0.2,0.2,0.4,0.6
673,0.2,0.2,0.1,0.2
674,0,0,0.1,0.1
675,17.7,11.6,13.7,25.3
676,0,0,0,0
677,0.3,0.3,0.1,0.4
678,0,0,0,0
679,0,0,0,0
680,2.5,2.5,2.6,5
681,6.8,6.8,0.6,7.5
682,1.3,1.3,1.1,2.3
683,1.8,1.8,1.6,3.3
684,0,0,0.2,0.2
685,1.6,1.6,0.1,1.7
686,0.4,0.4,0,0.4
687,3.8,3.8,4.7,8.5
688,5.1,5.1,10.6,15.7
689,0,0,0,0
690,0.6,0.6,0,0.7
691,13.2,9.4,1.8,11.1
692,0.3,0.3,0.1,0.4
693,5.6,5.6,6.8,12.5
694,5,5,1.7,6.7
695,1.1,1.1,0,1.1
696,0.3,0.3,0.5,0.7
697,0,0,0.5,0.5
698,0,0,0.1,0.1
699,7.2,6.4,3.2,9.6
700,0.4,0.4,0.3,0.7
701,0.6,0.6,0.5,1.2
702,0,0,0.4,0.4
703,0,0,0,0
704,1.2,1.2,0.2,1.4
705,0.1,0.1,0.3,0.4
706,6,6,8.1,14.1
707,1.2,1.2,1,2.2
708,2.4,2.4,0.1,2.4
709,0.5,0.5,0.1,0.6
710,1.1,1.1,0.6,1.7
711,3.3,3.3,1.6,4.9
712,0.3,0.3,0.3,0.6
713,3.2,3.2,3,6.2
714,0.9,0.9,0.1,1
715,0,0,0,0
716,0.6,0.6,5.4,6
717,0.3,0.3,0,0.3
718,0,0,0.2,0.2
719,0.8,0.8,0.4,1.2
720,2.3,2.3,6.6,9
721,0,0,0,0
722,0.4,0.4,0.1,0.5
723,1,1,0.3,1.2
724,4.3,3.5,1.3,4.9
725,0.3,0.3,0,0.3
726,1.9,1.9,1.1,3
727,4.4,4.4,2.3,6.7
728,0,0,0,0
729,0,0,0,0
730,0,0,0,0
731,2.3,2.3,0.4,2.7
732,0,0,0.2,0.2
733,0.2,0.2,0.1,0.3
734,0.9,0.9,0.6,1.5
735,0.4,0.4,0.2,0.6
736,1.7,1.7,0.5,2.2
737,2.1,2.1,2.2,4.3
738,1.6,0.1,0.5,0.6
739,5.2,5,3.3,8.3
740,0.5,0.5,0.3,0.8
741,0.4,0.4,0.8,1.2
742,3.7,3.7,3.7,7.4
743,7.6,6,1.1,7.2
744,0.1,0.1,0.2,0.3
745,0,0,0,0
746,0.1,0.1,0.1,0.2
747,1.5,1.5,2.3,3.7
748,0,0,0,0
749,0,0,0,0
750,0,0,0,0
751,0,0,0,0
752,1,1,0.1,1.1
753,4.3,3.5,2.3,5.8
754,0.4,0.4,0.1,0.5
755,2.1,2.1,2.2,4.3
756,1.2,1.2,1.8,3
757,0.2,0.2,0.5,0.6
758,0,0,0,0
759,0,0,0.1,0.1
760,0.4,0.4,0,0.4
761,0.6,0.6,1.2,1.9
762,0.5,0.5,2.7,3.2
763,0.3,0.3,0.4,0.7
764,0,0,0.1,0.1
765,0.1,0.1,0,0.1
766,0,0,0,0
767,0,0,0,0.1
768,2.2,2.2,2.8,4.9
769,2.8,2.8,1.6,4.4
770,0,0,0,0
771,1.3,1.3,1,2.3
772,0,0,0,0
773,1.1,1.1,0.2,1.3
774,1.3,1.3,2.4,3.7
775,1,1,5.8,6.8
776,0,0,0,0
777,5.8,2.8,4.1,6.9
778,0,0,0,0
779,1.1,1.1,1.3,2.4
780,0.3,0.3,0.5,0.8
781,0,0,0,0.1
782,0.2,0.2,1.1,1.3
783,2.5,2.5,0.9,3.4
784,0.4,0.4,0.1,0.5
785,1.6,1.6,2.1,3.8
786,0.1,0.1,0.1,0.2
787,0.7,0.7,0.6,1.2
788,4.6,4.6,2.9,7.5
789,13,12.2,2.5,14.7
790,3.7,3.7,2,5.7
791,0,0,0.5,0.5
792,0,0,0.6,0.6
793,1.6,1.6,0,1.6
794,0.2,0.2,0.2,0.3
795,0,0,0.4,0.4
796,0.1,0.1,0,0.1
797,0.7,0.7,0.2,1
798,0,0,0,0
799,1.1,1.1,3.3,4.4
800,0,0,0,0
801,0.5,0.5,0.7,1.2
802,0.8,0.8,0.9,1.6
803,0.2,0.2,0,0.2
804,0.3,0.3,0,0.3
805,4,4,3.4,7.4
806,1.8,1.8,0.7,2.5
807,0.5,0.5,0.6,1.1
808,0.5,0.5,0.2,0.7
809,0.3,0.3,0.2,0.5
810,2,2,0.2,2.2
811,0.2,0.2,0.1,0.3
812,2,2,0.8,2.8
813,7,7,1,8
814,1.2,1.2,2.2,3.4
815,0,0,0,0
816,1.3,1.3,0.1,1.4
817,0.1,0.1,0,0.1
818,14.8,14.8,1.3,16.1
819,1.2,1.2,1.1,2.3
820,2.3,2.3,2.1,4.4
821,5.8,5,1,6
822,1.7,1.7,2.6,4.3
823,1.3,1.3,0.5,1.8
824,0,0,0,0
825,0.6,0.6,0,0.7
826,0,0,0,0
827,1.4,1.4,1.3,2.6
828,0.2,0.2,0.5,0.7
829,0.2,0.2,1.3,1.5
830,0,0,0.1,0.1
831,1.7,1.7,1.9,3.6
832,0.5,0.5,1.3,1.8
833,0,0,0.1,0.1
834,0.5,0.5,0.2,0.7
835,1.7,1.7,0.3,2
836,3.3,1.8,2.8,4.6
837,2.2,2.2,0.5,2.7
838,2.2,2.2,2.8,5.1
839,0,0,0,0
840,0,0,0,0
841,0.4,0.4,0.4,0.8
842,0.3,0.3,0.5,0.8
843,3.1,1.5,2.9,4.5
844,0.1,0.1,0,0.1
845,0,0,0,0
846,0.7,0.7,0.1,0.9
847,0,0,0,0
848,0.1,0.1,0.1,0.1
849,7,6.3,5.7,11.9
850,0.7,0.7,0.7,1.4
851,0.3,0.3,1.3,1.6
852,0.2,0.2,0.1,0.3
853,0.1,0.1,0,0.1
854,0.1,0.1,0.7,0.8
855,4.1,4.1,3.8,7.9
856,0.9,0.7,1.5,2.2
857,3.4,3.4,3,6.4
858,0,0,0,0
859,0,0,0,0
860,1.8,1.8,1.4,3.2
861,0.5,0.5,2,2.5
862,1.8,1.8,0.1,1.9
863,0.2,0.2,0,0.2
864,7.5,5.2,5.3,10.5
865,0.9,0.9,0.2,1.1
866,0.2,0.2,0.2,0.4
867,1.2,1.2,0.2,1.4
868,5.1,3.6,3.8,7.3
869,5.2,4.4,5.9,10.3
870,15.4,7.8,11,18.8
871,0.7,0.7,0.9,1.6
872,0,0,0,0
873,3.2,1.7,1.8,3.5
874,0,0,0.1,0.1
875,0,0,0,0
876,0,0,0,0
877,0.1,0.1,0.1,0.2
878,1.1,1.1,0.6,1.8
879,0.3,0.3,0.3,0.6
880,1.3,1.3,0.3,1.5
881,0.8,0.8,0.9,1.7
882,0.7,0.7,3.4,4.1
883,0,0,0.4,0.4
884,1.9,1.9,5.5,7.4
885,,,,
886,1.4,1.4,0,1.4
887,0.2,0.2,1.5,1.7
888,0,0,0,0
889,4.1,1.9,5.1,6.9
890,0,0,0,0
891,3.1,1.6,1.4,3
892,12.6,12.6,6.4,19
893,0.8,0.8,0.7,1.5
894,0.9,0.9,2.6,3.5
895,0,0,0,0
896,0.5,0.5,0,0.5
897,0.1,0.1,0,0.1
898,2.2,2.2,2,4.2
899,0,0,0,0
900,5.5,5.5,4.1,9.7
901,0.3,0.3,0.1,0.4
902,3.2,3.2,2.3,5.5
903,1,1,0.3,1.3
904,0.2,0.2,0,0.2
905,2.1,2.1,2.3,4.4
906,0.2,0.2,1.7,1.9
907,0,0,0,0
908,2.3,2.3,0.9,3.2
909,0.1,0.1,0,0.1
910,0.6,0.6,0,0.6
911,1.2,1.2,0.4,1.6
912,1.2,1.2,1.4,2.5
913,6.5,6.5,2.6,9.1
914,5.8,3.6,5.3,8.9
915,0,0,0,0
916,4.2,3.3,2.6,5.9
917,0.2,0.2,0.2,0.5
918,0,0,0,0
919,0,0,0.3,0.3
920,0.2,0.2,0.1,0.4
921,0,0,0.3,0.3
922,0.3,0.3,1.8,2.1
923,0.1,0.1,0.2,0.3
924,0.2,0.2,1.2,1.4
925,0,0,2,2
926,0,0,0,0
927,0.9,0.9,2.1,3
928,1.9,1.9,2.5,4.5
929,0.3,0.3,1.2,1.5
930,2.2,2.2,2.8,5
931,0.7,0.7,0.6,1.2
932,1.3,1.3,0.8,2.2
933,0.1,0.1,0.6,0.7
934,3.3,3.3,5.3,8.6
935,0.1,0.1,0,0.1
936,5.4,4.7,4.6,9.3
937,6,4.5,0.2,4.7
938,1.2,1.2,0,1.2
939,2,2,2.1,4.1
940,0,0,0,0
941,0,0,0,0
942,0.6,0.6,0,0.7
943,3.6,2.9,1.8,4.6
944,1.8,1.8,1.9,3.7
945,1.2,1.2,1.3,2.5
946,2.4,2.4,1.1,3.4
947,2.5,2.5,0.3,2.7
948,2.1,1.4,0.2,1.6
949,0.2,0.2,3.1,3.3
950,1.8,1.8,1.6,3.4
951,1.5,1.5,0.7,2.1
952,3.4,3.4,1.2,4.6
953,0.7,0.7,0.6,1.3
954,7,7,1,8
955,0.4,0.4,0.8,1.2
956,1.3,1.3,1.2,2.5
957,0.4,0.4,0.4,0.8
958,1.5,1.5,0.3,1.8
959,0.1,0.1,0.1,0.2
960,0.7,0.7,0.3,1
961,0.1,0.1,0.2,0.4
962,6.4,4.1,1.3,5.4
963,3.4,2.7,5.1,7.8
964,0,0,0,0
965,0.5,0.5,0.2,0.7
966,0.8,0.8,1.7,2.5
967,0,0,0,0
968,2,2,0.5,2.6
969,0,0,0.1,0.1
970,0,0,0,0
971,0.9,0.9,0.2,1.1
972,0,0,0,0
973,2,2,0.6,2.6
974,1.4,1.4,1.2,2.6
975,0,0,0,0
976,0.3,0.3,1.7,1.9
977,0.3,0.3,1,1.3
978,3.9,3.9,3.4,7.4
979,1.8,1.8,0.1,1.8
980,4.2,4.2,2.4,6.6
981,1,1,0.1,1.1
982,0.2,0.2,0,0.2
983,8.1,5.1,2.3,7.3
984,0.6,0.6,1.9,2.4
985,0.1,0.1,0.4,0.5
986,0,0,0.3,0.3
987,1,1,0.6,1.6
988,0.1,0.1,0.3,0.4
989,0,0,0,0
990,0,0,0,0
991,0,0,0.1,0.2
992,1.4,1.4,0,1.4
993,0.4,0.4,0.3,0.7
994,2.1,2.1,2,4.1
995,1.2,1.2,0.1,1.3
996,4.8,4.8,0.7,5.5
997,2.9,2.9,0.6,3.5
998,3.3,3.3,1.1,4.4
999,8,8,4.6,12.5
1000,0.9,0.9,0.6,1.5
1001,0.7,0.7,0.5,1.2
1002,0.1,0.1,0.4,0.6
1003,0.8,0.8,0.3,1.2
1004,0.4,0.4,1,1.4
1005,1.2,0.5,0.2,0.7
1006,0,0,0,0
1007,2.8,2.8,4.8,7.6
1008,0,0,0,0
1009,0.5,0.5,1,1.4
1010,3.1,3.1,1.1,4.2
1011,0.2,0.2,0.7,0.9
1012,0,0,0,0
1013,6.8,6.8,0.9,7.8
1014,4.2,3.5,2.5,6
1015,2.2,2.2,1.4,3.7
1016,1.2,1.2,1.1,2.3
1017,0,0,0,0
1018,0.6,0.6,1.2,1.8
1019,0,0,0,0
1020,0,0,0,0
1021,0.1,0.1,0.6,0.7
1022,4.3,2.8,1.3,4.1
1023,0.9,0.9,0.4,1.4
1024,0.3,0.3,0,0.3
1025,0.5,0.5,0.1,0.6
1026,8.1,5.2,2,7.1
1027,0,0,0,0
1028,0,0,0,0
1029,0,0,0,0
1030,4.1,4.1,2.6,6.7
1031,0.6,0.6,2.4,3
1032,6.8,6.8,3.9,10.6
1033,14,11,5.3,16.4
1034,0.4,0.4,0.2,0.6
1035,0,0,0.7,0.7
1036,2.1,2.1,0,2.1
1037,0.6,0.6,0.4,1
1038,1,1,0.3,1.3
1039,0.1,0.1,0,0.1
1040,1.2,1.2,0.8,2
1041,5.7,3.4,0.5,4
1042,4.3,4.3,8.6,12.9
1043,0,0,0,0
1044,7.4,7.4,1.8,9.2
1045,1,1,1.3,2.4
1046,2.6,1.8,3,4.8
1047,0.4,0.4,0,0.5
1048,13.9,12.4,5.6,18
1049,7.9,4.9,6.2,11.1
1050,0,0,0,0
1051,2,2,1.7,3.7
1052,0.4,0.4,0.6,1
1053,5.6,2.5,5.5,8
1054,0.1,0.1,0.1,0.2
1055,0,0,0,0
1056,0.3,0.3,0.6,0.9
1057,0,0,0,0
1058,0.4,0.4,0.5,0.9
1059,5,3.5,1.6,5.1
1060,0.2,0.2,0,0.2
1061,3.4,3.4,3.6,7.1
1062,1,1,1.4,2.4
1063,3.8,3.8,7,10.9
1064,0.1,0.1,0,0.1
1065,0.2,0.2,0,0.2
1066,0.5,0.5,0.8,1.3
1067,4.9,4.9,2.2,7
1068,1.4,1.4,1.3,2.7
1069,1.1,1.1,0,1.1
1070,0.3,0.3,0.1,0.5
1071,0.6,0.6,1.2,1.8
1072,0.5,0.5,0,0.5
1073,2.4,1.6,1.7,3.3
1074,8,7.2,3.1,10.3
1075,0,0,0,0
1076,1.1,1.1,0,1.1
1077,0.8,0.8,0.5,1.3
1078,9,7.5,4.5,12
1079,0.9,0.9,5.9,6.8
1080,0.3,0.3,0.4,0.6
1081,0.8,0.8,0.7,1.5
1082,0,0,0,0
1083,1.5,1.5,0.6,2.1
1084,1.5,1.5,0.1,1.5
1085,0,0,0.2,0.2
1086,6.5,6.5,4.2,10.7
1087,23.7,20.5,5.4,25.9
1088,1.1,1.1,0.1,1.1
1089,0.3,0.3,0.4,0.8
1090,0.1,0.1,0,0.1
1091,3.5,3.5,1.6,5.1
1092,5.4,5.4,1.8,7.2
1093,4.4,4.4,2.6,7
1094,2.3,2.3,2.3,4.6
1095,4.6,4.6,6.7,11.4
1096,2.9,2.9,1.2,4.1
1097,1.9,1.1,2.5,3.7
1098,4.3,3.5,0.6,4.1
1099,4.5,4.2,3.1,7.3
1100,0,0,0,0
1101,0.9,0.9,0.9,1.8
1102,1.4,1.4,4.9,6.3
1103,0,0,0,0
1104,6.6,6.6,7.1,13.7
1105,1.2,1.2,1.2,2.4
1106,0.2,0.2,0.2,0.4
1107,3.1,3.1,1.5,4.6
1108,1.2,1.2,0,1.2
1109,6.3,6.3,1.6,7.8
1110,0.5,0.5,0.4,0.9
1111,1.6,1.6,0.8,2.4
1112,0.6,0.6,2.8,3.4
1113,3.4,3.4,1.6,5
1114,0.1,0.1,0,0.1
1115,1.6,1.6,0.9,2.5
1116,0,0,0,0
1117,0.3,0.3,0.4,0.6
1118,0,0,0,0
1119,1.7,1.7,1.4,3
1120,1.1,1.1,0.7,1.8
1121,0.2,0.2,0.6,0.8
1122,0.1,0.1,0.5,0.6
1123,1.2,1.2,0.1,1.4
1124,0.1,0.1,1.8,2
1125,0.6,0.6,0,0.6
1126,0.3,0.3,0.2,0.5
1127,1.2,1.2,0.4,1.6
1128,0.1,0.1,0.5,0.6
1129,0.8,0.8,1.2,2
1130,1.2,1.2,0.7,1.8
1131,3.6,3.6,5.2,8.9
1132,3.3,2.5,2.6,5.1
1133,1.2,1.2,2.6,3.8
1134,0.2,0.2,0.3,0.6
1135,0,0,0,0
1136,1.9,1.9,1.1,3
1137,2.6,2.6,1.7,4.2
1138,0.5,0.5,3.4,3.8
1139,0.8,0.8,1.4,2.2
1140,10.3,9.5,8.9,18.4
1141,0.1,0.1,0.3,0.4
1142,1.1,1.1,0.2,1.3
1143,2,2,0.7,2.7
1144,0,0,0,0
1145,0.1,0.1,0.1,0.2
1146,0.1,0.1,0.2,0.3
1147,1.5,1.5,1.5,3
1148,4.9,2.7,5.5,8.2
1149,0,0,0,0
1150,1.1,1.1,0.2,1.4
1151,7.4,7.4,3,10.5
1152,0.8,0.8,0.6,1.4
1153,0.1,0.1,0,0.1
1154,3.6,3.6,6.9,10.5
1155,3.4,3.4,0.8,4.2
1156,0.2,0.2,1.6,1.8
1157,0,0,0,0
1158,0.1,0.1,0,0.1
1159,0.5,0.5,0.8,1.3
1160,0,0,0,0
1161,0.3,0.3,0.4,0.7
1162,0.1,0.1,0,0.1
1163,1.4,1.4,3.1,4.5
1164,0,0,0,0
1165,3.4,3.4,0.9,4.4
1166,4.3,4.3,0.6,4.8
1167,3.4,2.5,0.5,2.9
1168,0.2,0.2,1.6,1.8
1169,1.1,1.1,1.9,3
1170,0.1,0.1,0,0.1
1171,0.9,0.9,1.1,2
1172,0.9,0.9,0.6,1.5
1173,0.5,0.5,0,0.6
1174,0.2,0.2,0.2,0.3
1175,0.2,0.2,1,1.2
1176,16.3,12.1,1.5,13.6
1177,9.6,8.8,3.1,11.9
1178,0.3,0.3,0,0.3
1179,0.5,0.5,0.2,0.6
1180,0,0,0,0
1181,0.1,0.1,0.3,0.4
1182,7.7,3.9,0.5,4.4
1183,0.1,0.1,0.2,0.3
1184,7.8,7,2.9,10
1185,4.2,3.5,2.5,6
1186,0.5,0.5,0.4,0.9
1187,1.2,1.2,0.8,2
1188,1.1,1.1,0.7,1.8
1189,5.6,4.1,7.8,11.9
1190,0,0,0,0
1191,1.2,1.2,0.2,1.4
1192,19.9,13.9,6.7,20.5
1193,2.3,2.3,1.7,4
1194,0.6,0.6,1,1.6
1195,8.3,6.7,2.6,9.3
1196,4.1,3.4,2.1,5.4
1197,16.2,10,8.4,18.4
1198,3.5,3.5,3.6,7.2
1199,0.1,0.1,0.1,0.2
1200,2.4,2.4,1.9,4.3
1201,1.5,1.5,0.4,1.9
1202,15.5,14.7,2.3,17
1203,1.8,1.8,1.7,3.5
1204,0.5,0.5,0,0.5
1205,0.6,0.6,0.1,0.6
1206,1.1,1.1,1.8,2.9
1207,0.8,0.8,0.9,1.8
1208,0,0,0,0
1209,1.4,1.4,0.4,1.8
1210,0,0,0,0
1211,1.6,1.6,3.2,4.8
1212,0,0,0,0
1213,2,2,2,4
1214,2.3,2.3,1.2,3.5
1215,1.6,1.6,3,4.6
1216,0,0,0,0
1217,0.4,0.4,0.4,0.8
1218,5.1,5.1,3.1,8.2
1219,0.2,0.2,0,0.2
1220,5.1,2.8,4.4,7.2
1221,0,0,0,0
1222,0.2,0.2,0.6,0.8
1223,6.7,6.7,1.4,8
1224,1.3,1.3,0.5,1.7
1225,1.6,1.6,0,1.6
1226,0,0,0,0
1227,0.3,0.3,1,1.3
1228,0,0,0,0
1229,8.7,8.7,3.4,12.1
1230,0,0,0,0
1231,2.4,2.4,0.8,3.1
1232,1,1,2.5,3.5
1233,0.1,0.1,0,0.1
1234,5.9,5.2,2.1,7.3
1235,0.2,0.2,1.6,1.8
1236,0.4,0.4,0.2,0.6
1237,0,0,0.4,0.4
1238,1.4,1.4,1.6,3
1239,5.5,5.5,5.5,11
1240,3.8,3.8,1.1,4.9
1241,0.7,0.7,2.3,3
1242,1.5,1.5,2.8,4.3
1243,7,0.1,2.1,2.2
1244,1.7,1.7,1.6,3.3
1245,1.9,1.9,0.6,2.4
1246,4.3,3.5,0.9,4.4
1247,13.7,10.6,3,13.6
1248,0.3,0.3,0.6,0.8
1249,,,,
1250,0.9,0.9,1.9,2.8
1251,6.6,6.6,1.6,8.2
1252,5.5,4.3,0.9,5.2
1253,1.1,1.1,0.1,1.2
1254,2.7,2.7,0.6,3.4
1255,3,3,0.1,3.1
1256,4.4,4.4,3.6,8
1257,6.5,6.5,3.1,9.6
1258,1.6,1.6,1.6,3.2
1259,0,0,0,0
1260,0.8,0.8,1.7,2.5
1261,0.1,0.1,0.2,0.3
1262,1,1,0.2,1.2
1263,2.8,2,1.8,3.8
1264,1.2,1.2,3.3,4.5
1265,10.2,10.2,3.5,13.7
1266,0.1,0.1,0,0.1
1267,0.6,0.6,1,1.6
1268,11.4,4.6,6.3,10.9
1269,9,9,3.5,12.5
1270,0.4,0.4,0.1,0.5
1271,6,6,1.9,7.9
1272,4,4,0.3,4.3
1273,0.1,0.1,0,0.2
1274,1.5,1.5,0.5,2
1275,0.6,0.6,0.4,1
1276,5.6,5.6,7.5,13
1277,0.4,0.4,0.4,0.8
1278,0.8,0.8,0.7,1.5
1279,0,0,0,0
1280,0.7,0.7,1.1,1.8
1281,1.1,1.1,2.2,3.4
1282,0,0,0.2,0.2
1283,1.2,1.2,1.9,3.1
1284,20.5,17.5,7.4,24.8
1285,0.3,0.3,0,0.3
1286,1.2,1.2,2.5,3.8
1287,0.9,0.9,1.1,2
1288,0,0,0,0
1289,3.3,3.3,2,5.3
1290,0,0,0,0
1291,0.1,0.1,0.1,0.3
1292,0,0,0,0
1293,0,0,0,0
1294,0.9,0.9,5.1,6
1295,0.2,0.2,1.2,1.4
1296,0,0,0,0
1297,0,0,0,0
1298,10.7,10.7,0.9,11.6
1299,1.2,1.2,1.1,2.3
1300,0.3,0.3,0,0.3
1301,0.7,0.7,0.7,1.5
1302,0.4,0.4,0,0.4
1303,0.5,0.5,0.8,1.3
1304,0.3,0.3,0.2,0.5
1305,0,0,0,0
1306,0,0,0,0
1307,0,0,0,0
1308,1.3,1.3,0.4,1.7
1309,2.1,2.1,2.6,4.7
1310,0,0,0,0
1311,13.6,3.7,2.8,6.4
1312,0,0,0,0
1313,0,0,0,0
1314,0.8,0.8,0.2,1
1315,4.9,2.6,1.5,4.1
1316,1,1,0.2,1.2
1317,0,0,0.5,0.5
1318,10.7,10.7,2.1,12.8
1319,0,0,0,0.1
1320,0.4,0.4,0.5,1
1321,2.5,2.5,6.6,9
1322,0.2,0.2,0.3,0.5
1323,0.8,0.8,0,0.8
1324,1.4,1.4,1.2,2.6
1325,1.3,1.3,1,2.4
1326,0.1,0.1,0,0.1
1327,0,0,0,0
1328,0.1,0.1,0.3,0.4
1329,0.3,0.3,0,0.3
1330,0.3,0.3,1.7,1.9
1331,3.3,1.8,3.9,5.7
1332,3.8,3.8,1.2,5.1
1333,7.9,6.4,3.5,9.8
1334,0.8,0.8,0.5,1.3
1335,0,0,0,0
1336,3.6,3.6,1.2,4.9
1337,0,0,0.3,0.3
1338,0.1,0.1,1,1.1
1339,0.9,0.9,0.3,1.2
1340,0,0,0,0
1341,0.8,0.8,0.2,1
1342,0,0,0,0
1343,1.1,1.1,0.1,1.2
1344,0.8,0,0,0
1345,0.9,0.9,1.2,2.1
1346,0.5,0.5,0,0.6
1347,0,0,0,0
1348,1.9,1.9,2.6,4.5
1349,0,0,0,0
1350,0.1,0.1,0.9,1.1
1351,0,0,0,0
1352,0.4,0.4,1.6,2
1353,10,10,6.1,16.1
1354,0.8,0.8,0.4,1.2
1355,0.3,0.3,1.2,1.6
1356,0.5,0.5,0,0.5
1357,5.3,3.8,0.9,4.6
1358,0.2,0.2,0.3,0.4
1359,0.1,0.1,0,0.1
1360,0.7,0.7,0,0.7
1361,6.7,6.7,1.3,8
1362,0,0,0,0
1363,0,0,0,0
1364,2.2,2.2,0.2,2.4
1365,1,1,1.2,2.2
1366,3.9,3.9,11.5,15.4
1367,0.3,0.3,0,0.3
1368,3.5,3.5,1.2,4.7
1369,0,0,0,0
1370,0.7,0.7,0.2,1
1371,2.1,2.1,0.7,2.8
1372,1.3,1.3,0.3,1.6
1373,0.8,0.8,0.2,1
1374,1,1,1.8,2.9
1375,0,0,0,0
1376,0.2,0.2,0.4,0.5
1377,16.3,12.5,4.7,17.2
1378,0.4,0.4,1.2,1.6
1379,0.2,0.2,0.4,0.6
1380,2.2,2.2,6.7,8.9
1381,0.2,0.2,0.3,0.5
1382,0.7,0.7,1.1,1.8
1383,6.6,2,4.5,6.5
1384,0.1,0.1,0.3,0.4
1385,1.4,1.4,0.5,1.9
1386,0.9,0.9,0.8,1.7
1387,6.8,3.8,1.8,5.6
1388,0,0,0.1,0.1
1389,2.9,2.9,6.4,9.4
1390,0.9,0.9,0.4,1.3
1391,0.1,0.1,0.9,1
1392,0.5,0.5,0.4,0.9
1393,3.7,3.7,2,5.7
1394,0.7,0.7,1.7,2.4
1395,0.9,0.9,0.8,1.7
1396,0.3,0.3,0,0.3
1397,0.3,0.3,1,1.3
1398,0.5,0.5,0,0.5
1399,11.7,11.7,4.9,16.5
1400,9.7,7.4,2.7,10.1
1401,0.1,0.1,0.1,0.2
1402,1.6,1.6,0.4,1.9
1403,0,0,0,0
1404,1.1,1.1,1,2.1
1405,0.4,0.4,0,0.4
1406,2.4,2.4,2.4,4.7
1407,0.9,0.9,0.9,1.8
1408,2.5,0.3,4,4.3
1409,2.4,2.4,2.8,5.3
1410,1.4,1.4,0.9,2.4
1411,1.3,1.3,0.3,1.6
1412,0.6,0.6,1.1,1.7
1413,1.4,1.4,0,1.4
1414,0,0,0,0
1415,1.2,1.2,0.9,2
1416,10.2,9.3,3.9,13.2
1417,0.8,0.8,0.7,1.5
1418,0.4,0.4,0.2,0.7
1419,0.7,0.7,1.1,1.8
1420,0,0,0,0
1421,7.3,7.3,0.6,8
1422,3.4,3.4,1.1,4.5
1423,1,1,0,1
1424,0.5,0.5,0.5,1
1425,1,1,0.3,1.3
1426,1.9,1.9,2.2,4.1
1427,3.2,3.2,5.2,8.4
1428,0,0,0.1,0.1
1429,0,0,0,0
1430,0.7,0.7,0.1,0.8
1431,2,2,1,3.1
1432,2.9,2.9,4.1,7.1
1433,2.2,2.2,3.9,6.1
1434,1.7,1.7,0.5,2.2
1435,1.2,1.2,4.5,5.7
1436,0.3,0.3,2.3,2.5
1437,0,0,0,0
1438,2,2,0.1,2.1
1439,1.3,1.3,0.3,1.6
1440,0.3,0.3,0,0.3
1441,5.7,5.7,4.5,10.2
1442,0,0,0.1,0.1
1443,0.1,0.1,0.6,0.8
1444,0,0,0,0
1445,0,0,0,0
1446,4.3,3.6,1.3,4.9
1447,0.4,0.4,0.3,0.7
1448,2.2,2.2,0.3,2.5
1449,0.1,0.1,0.4,0.5
1450,1.3,1.3,2,3.3
1451,0.9,0.9,0.8,1.8
1452,1,1,1.1,2.1
1453,1.4,1.4,0.9,2.3
1454,0,0,0,0
1455,0.9,0.9,2,3
1456,1.3,1.3,2.3,3.5
1457,2.3,2.3,0.3,2.7
1458,0.5,0.5,0.4,0.9
1459,0.1,0.1,0.3,0.4
1460,0,0,0,0
1461,0,0,0,0
1462,0.4,0.4,1.4,1.8
1463,31.6,24.7,3.6,28.4
1464,0.2,0.2,1.6,1.8
1465,4.7,2.4,0.7,3.1
1466,0.1,0.1,0,0.1
1467,2.8,1.1,3.9,5
1468,2.1,2.1,0.3,2.4
1469,1.1,1.1,0.6,1.8
1470,0.6,0.6,0.8,1.4
1471,0.6,0.6,0.5,1.1
1472,0.7,0.7,0.7,1.3
1473,0.8,0.8,1.3,2.1
1474,5.1,3.4,1.5,4.9
1475,0.3,0.3,0.5,0.8
1476,1.6,1.6,2,3.6
1477,0.2,0.2,0.2,0.5
1478,0.7,0.7,0.6,1.4
1479,0,0,0,0
1480,1.3,1.3,0.4,1.7
1481,0.1,0.1,0.1,0.2
1482,4.3,4.3,5.2,9.5
1483,0,0,0,0
1484,1.2,1.2,1.3,2.4
1485,0,0,0,0
1486,4.2,2.7,3.5,6.2
1487,0.7,0.7,1.1,1.9
1488,0,0,0,0
1489,3.1,3.1,1.4,4.5
1490,0,0,0,0
1491,0.3,0.3,0,0.3
1492,0,0,0,0
1493,0,0,0.1,0.1
1494,1.4,1.4,1.1,2.5
1495,5.5,4.8,5.2,10
1496,0,0,0,0
1497,3.2,3.2,3.4,6.5
1498,0.1,0.1,0.8,0.8
1499,1.3,1.3,0.8,2.1
1500,0.1,0.1,0.1,0.2
1501,1.6,1.6,1,2.6
1502,0,0,0.2,0.2
1503,0,0,0,0
1504,1,1,1.7,2.7
1505,1.2,1.2,1.2,2.4
1506,0.2,0.2,0.1,0.3
1507,0.4,0.4,1.6,1.9
1508,0,0,0,0
1509,5.9,2.1,2.2,4.2
1510,0.1,0.1,0.1,0.2
1511,0.1,0.1,0.2,0.3
1512,0,0,0,0
1513,0.7,0.7,2.3,3
1514,5.4,5.4,1,6.3
1515,7.9,7.9,4.6,12.4
1516,0.1,0.1,0,0.1
1517,0.1,0.1,0,0.2
1518,1.1,1.1,1.1,2.2
1519,0.1,0.1,0.1,0.3
1520,0,0,0,0
1521,0,0,0.3,0.3
1522,1.9,1.9,4.7,6.6
1523,8.3,7.6,3.6,11.2
1524,0.4,0.4,0.9,1.3
1525,0.1,0.1,0.2,0.3
1526,0,0,0,0
1527,0,0,0,0
1528,0.9,0.9,0.4,1.3
1529,1.5,1.5,1.5,3
1530,22.7,18.1,7.8,25.9
1531,6.9,5.3,2.5,7.8
1532,2,2,1.6,3.7
1533,0.4,0.4,0.8,1.2
1534,2,1.3,1.2,2.5
1535,0.7,0.7,0.4,1.1
1536,0,0,0,0
1537,0.8,0.8,0.3,1
1538,1.9,1.9,1.5,3.4
1539,0,0,0,0
1540,1.1,1.1,2.4,3.5
1541,4.8,4,4.2,8.2
1542,0,0,0,0
1543,0,0,0,0
1544,0,0,0.1,0.2
1545,4.4,4.4,5.3,9.7
1546,0,0,0,0
1547,0.7,0.7,2,2.6
1548,1.1,1.1,0.5,1.7
1549,0.1,0.1,0,0.1
1550,5.1,5.1,2.3,7.4
1551,0.1,0.1,0.3,0.4
1552,0.7,0.7,0,0.8
1553,0.3,0.3,0.4,0.6
1554,2.1,2.1,0.3,2.4
1555,0,0,0,0
1556,0,0,0,0
1557,5.6,5.6,5.9,11.5
1558,0.4,0.4,1.4,1.8
1559,0,0,0.2,0.2
1560,2,2,2.1,4.1
1561,0,0,0.2,0.2
1562,0.1,0.1,0.2,0.3
1563,0.7,0.7,0.7,1.4
1564,4.8,4,1.1,5.1
1565,3.1,3.1,0.6,3.6
1566,0,0,0,0
1567,1.6,0.9,0,0.9
1568,0.2,0.2,0.3,0.5
1569,0.1,0.1,0,0.1
1570,1.8,1.8,1.1,3
1571,0.4,0.4,0.1,0.5
1572,0,0,0,0
1573,0.6,0.6,0,0.6
1574,0.1,0.1,0.1,0.2
1575,0,0,0,0
1576,0.1,0.1,0,0.1
1577,6.5,5.7,9.7,15.4
1578,0,0,0.1,0.1
1579,1.5,1.5,2.3,3.8
1580,1.6,1.6,0.4,2
1581,2.1,2.1,0.3,2.4
1582,0.2,0.2,0,0.3
1583,0.1,0.1,1.2,1.3
1584,2.5,2.5,0.9,3.4
1585,0,0,0,0
1586,0.2,0.2,1.3,1.4
1587,2.3,2.3,0.1,2.4
1588,0.8,0.8,0.2,1
1589,2.1,2.1,0.6,2.7
1590,0.8,0.8,0.1,1
1591,15.3,15.3,5.7,20.9
1592,0,0,0,0
1593,0.5,0.5,0,0.5
1594,1.4,1.4,1.5,2.9
1595,3.3,1,3,4.1
1596,0,0,0,0
1597,0.8,0.8,0.4,1.2
1598,0,0,0.2,0.3
1599,0,0,0.2,0.2
1600,2.8,2.8,1.7,4.5
1601,0.8,0.8,1.2,2
1602,0.5,0.5,0.4,0.9
1603,3.8,3.8,0.6,4.4
1604,0.1,0.1,0.2,0.2
1605,0,0,0,0
1606,0.4,0.4,1.2,1.6
1607,1.3,1.3,0.5,1.8
1608,1.7,1.7,1.7,3.4
1609,0,0,0,0
1610,0.6,0.6,1.1,1.7
1611,1.6,1.6,1,2.6
1612,0.1,0.1,0.6,0.7
1613,1.3,1.3,1.8,3.1
1614,0,0,0,0
1615,1.2,0.4,0.4,0.8
1616,0,0,0,0
1617,0.9,0.9,0.2,1.1
1618,1.5,1.5,0.2,1.6
1619,0.5,0.5,0.6,1.1
1620,0.1,0.1,0.5,0.6
1621,0.1,0.1,0.1,0.2
1622,1.5,1.5,4.8,6.3
1623,2.2,2.2,0.1,2.3
1624,0.4,0.4,0.1,0.5
1625,0,0,0,0
1626,1.5,1.5,0.6,2.1
1627,0.3,0.3,0,0.3
1628,9.3,6.3,2.5,8.8
1629,6.5,6.5,2,8.5
1630,0.2,0.2,1.2,1.4
1631,0,0,0.4,0.4
1632,0,0,0,0
1633,0,0,0.2,0.2
1634,3.4,3.4,2.1,5.5
1635,1.4,1.4,0.4,1.8
1636,0,0,0.2,0.2
1637,1.3,1.3,0.6,2
1638,0.6,0.6,0.5,1.1
1639,0.3,0.3,0.2,0.4
1640,0,0,0,0
1641,15.5,14,4.5,18.5
1642,0,0,0.1,0.1
1643,2.7,2.7,2.8,5.5
1644,2,2,2.2,4.2
1645,0.8,0.8,0,0.8
1646,0.2,0.2,0.2,0.4
1647,0.3,0.3,0.5,0.8
1648,0.4,0.4,0.3,0.8
1649,0,0,0,0
1650,1.7,1.7,1.4,3.1
1651,0,0,0,0
1652,0.3,0.3,1.9,2.2
1653,6.6,5.1,1.2,6.3
1654,1.1,0.3,0.8,1.2
1655,1,1,0.7,1.7
1656,1.3,1.3,0.5,1.8
1657,0.2,0.2,0,0.2
1658,7.4,6.7,1.5,8.2
1659,0.3,0.3,0.4,0.7
1660,0.6,0.6,1,1.7
1661,0,0,0.1,0.1
1662,0,0,0,0
1663,0,0,0,0
1664,0.1,0.1,0.1,0.3
1665,0,0,0,0
1666,13,9.9,3.6,13.5
1667,0.7,0.7,1.4,2
1668,5.7,4.9,1.2,6.1
1669,1.4,1.4,0.3,1.7
1670,3.2,3.2,1.6,4.8
1671,8.3,8.3,1.7,10
1672,0,0,0,0
1673,0.4,0.4,0.4,0.9
1674,0,0,0,0
1675,0.5,0.5,1.2,1.7
1676,24.6,20.1,4.6,24.7
1677,0.5,0.5,0,0.6
1678,0.6,0.6,0.6,1.1
1679,3.3,3.3,2.5,5.8
1680,0.2,0.2,0.9,1.1
1681,3.1,3.1,1.1,4.1
1682,0,0,0,0
1683,0,0,0.3,0.3
1684,2.2,2.2,3,5.3
1685,7.1,7.1,1.3,8.3
1686,4.2,4.2,2.8,6.9
1687,1.1,1.1,6.5,7.6
1688,2.1,2.1,0.9,3.1
1689,0,0,0.2,0.2
1690,0.8,0.8,0.3,1.2
1691,0,0,0.6,0.6
1692,1.6,1.6,0.3,2
1693,0.1,0.1,0,0.1
1694,0.9,0.9,2,2.9
1695,0.6,0.6,0.3,0.9
1696,0.4,0.4,0.4,0.8
1697,0,0,0,0
1698,1.4,1.4,0.1,1.4
1699,0.4,0.4,0.4,0.8
1700,3.1,3.1,1.7,4.8
1701,0.8,0.8,2.5,3.3
1702,0.2,0.2,0.9,1
1703,0.1,0.1,0.3,0.4
1704,0.9,0.9,0.2,1.1
1705,1.6,1.6,1.6,3.2
1706,7.5,6.7,2,8.7
1707,5.4,5.4,1.4,6.9
1708,0,0,0,0
1709,0,0,0,0
1710,0.4,0.4,0.4,0.9
1711,0,0,0,0
1712,0,0,0.1,0.1
1713,0.6,0.6,1.7,2.3
1714,0.1,0.1,0.4,0.4
1715,0.1,0.1,0,0.1
1716,0,0,0,0
1717,0,0,0.2,0.2
1718,0,0,0.1,0.1
1719,3.7,3.7,2.1,5.8
1720,1.1,1.1,1.8,2.9
1721,0.1,0.1,0,0.1
1722,5.3,5.3,3.7,9
1723,1.7,0.9,1.1,2
1724,0,0,0.1,0.1
1725,23.6,19.4,10.8,30.3
1726,7.5,7.5,2.9,10.4
1727,0.9,0.9,1.7,2.6
1728,0,0,0.1,0.1
1729,1,1,0.1,1
1730,0.1,0.1,0,0.1
1731,0.6,0.6,0.8,1.3
1732,0,0,0,0
1733,0,0,0,0
1734,0.3,0.3,3.2,3.5
1735,0,0,0,0
1736,0,0,0,0
1737,1.3,1.3,0.1,1.3
1738,2.6,2.6,0.7,3.3
1739,2.6,2.6,0.3,2.9
1740,8.5,6.2,1.2,7.4
1741,5.7,5.7,6.4,12.1
1742,0,0,0,0
1743,1.1,1.1,0,1.1
1744,2.3,0.8,1.3,2.1
1745,0.5,0.5,2.1,2.6
1746,5.6,5.6,1.7,7.3
1747,0,0,0,0
1748,0,0,0,0
1749,0.1,0.1,0,0.1
1750,0.4,0.4,1.2,1.7
1751,8.8,8,1.5,9.5
1752,1.3,1.3,0,1.3
1753,1.2,1.2,0.5,1.7
1754,0.7,0.7,0,0.7
1755,1.9,1.9,0.6,2.5
1756,1,1,1,2
1757,13.6,11.4,1.8,13.2
1758,0.7,0.7,1.3,2
1759,1.8,1.8,2.5,4.4
1760,0.6,0.6,1.3,1.9
1761,0,0,0,0
1762,0.4,0.4,0.4,0.8
1763,6.5,5,2.6,7.6
1764,0.8,0.8,0,0.8
1765,0.8,0.8,1.9,2.7
1766,12.3,11.5,9,20.5
1767,0.9,0.9,0.2,1
1768,0.9,0.9,0.1,1
1769,1.8,1,0,1.1
1770,2.7,2.7,4.2,7
1771,12.5,11.7,3.9,15.7
1772,1.3,1.3,1,2.3
1773,0,0,0,0
1774,0.4,0.4,0,0.4
1775,0.1,0.1,0.3,0.4
1776,0.1,0.1,0.7,0.8
1777,0,0,0,0
1778,5,4.3,2.2,6.5
1779,1.6,1.6,2.5,4.1
1780,0.7,0.7,2.7,3.5
1781,0,0,0.1,0.1
1782,3.4,3.4,3.4,6.9
1783,0,0,0,0
1784,0,0,0,0
1785,1.5,1.5,1.3,2.7
1786,1,1,0.1,1.1
1787,1.1,1.1,1.2,2.3
1788,0.2,0.2,0.3,0.5
1789,0.8,0.8,1.2,2
1790,0,0,0,0
1791,0,0,0,0
1792,1.4,0.7,1.6,2.3
1793,0,0,0.3,0.4
1794,0.3,0.3,0.2,0.5
1795,0.1,0.1,0,0.1
1796,0,0,0,0
1797,10.9,10.2,4.8,15
1798,0.1,0.1,0,0.2
1799,1.5,1.5,2.9,4.4
1800,0.5,0.5,0.3,0.8
1801,0.3,0.3,0,0.3
1802,0.8,0.8,2.1,2.8
1803,19.1,11.6,7.6,19.2
1804,2.4,2.4,2.4,4.8
1805,0.1,0.1,0.6,0.7
1806,0,0,0,0
1807,0,0,0,0
1808,2.4,2.4,0.4,2.8
1809,0.3,0.3,0.6,0.9
1810,0.2,0.2,0.4,0.6
1811,2.8,2.8,0.7,3.5
1812,1.9,1.9,0.7,2.6
1813,0,0,0,0
1814,11.5,10,2.5,12.5
1815,6.8,6,7.8,13.8
1816,2.2,2.2,2.3,4.5
1817,0.7,0.7,0.3,1.1
1818,0.7,0.7,2.6,3.3
1819,0.1,0.1,0,0.1
1820,0,0,0,0
1821,0,0,0,0
1822,2.3,2.3,1.5,3.8
1823,1.9,1.9,0.7,2.7
1824,1,1,0.5,1.5
1825,0,0,0,0
1826,0,0,0,0
1827,7.1,6.4,11.5,17.9
1828,0,0,0,0
1829,0.8,0.8,0.2,0.9
1830,3.9,3.9,3,6.9
1831,0.3,0.3,0.6,0.9
1832,0,0,0,0
1833,16.1,13.8,4.7,18.5
1834,0.5,0.5,0.2,0.6
1835,4.6,4.6,0.3,4.9
1836,1.2,1.2,2.2,3.4
1837,0.4,0.4,0.1,0.6
1838,2.5,2.5,0.8,3.3
1839,0,0,0,0
1840,0,0,0,0
1841,0.7,0.7,0.8,1.5
1842,3.1,3.1,0.9,4
1843,0,0,0,0
1844,0,0,0,0
1845,0.5,0.5,0,0.6
1846,2,2,1.1,3.1
1847,0.2,0.2,1.4,1.6
1848,1.4,1.4,1.5,2.9
1849,1.1,1.1,0.3,1.5
1850,0,0,0,0
1851,0.4,0.4,0.1,0.5
1852,0.3,0.3,1.6,1.9
1853,1.5,1.5,0.4,1.9
1854,0.1,0.1,0.4,0.5
1855,0,0,0,0
1856,1.6,1.6,1.7,3.3
1857,0.1,0.1,0,0.1
1858,0,0,0,0.1
1859,2.3,2.3,3.7,6
1860,0,0,0,0
1861,0,0,0.1,0.1
1862,0.3,0.3,0,0.3
1863,0,0,0,0
1864,0.3,0.3,1,1.3
1865,1,1,5.3,6.3
1866,0,0,0.3,0.3
1867,0,0,0,0
1868,1.4,1.4,2,3.4
1869,0,0,0,0
1870,0.8,0.8,1.5,2.2
1871,0.2,0.2,0.1,0.3
1872,1.4,1.4,2.4,3.8
1873,1.2,1.2,0.1,1.3
1874,0,0,0,0
1875,6.3,6.3,3.6,9.9
1876,0,0,0,0
1877,3.9,3.9,1.4,5.3
1878,0,0,0,0
1879,4.8,4.8,6.2,11
1880,0.8,0.8,0.1,0.9
1881,0,0,0.2,0.2
1882,3.1,3.1,2.3,5.4
1883,0.5,0.5,0.1,0.6
1884,5.1,2.9,2.1,5
1885,12.3,7.7,7.2,14.9
1886,1.3,1.3,1.9,3.2
1887,0.5,0.5,0,0.5
1888,0.4,0.4,1.1,1.5
1889,0,0,0,0
1890,3.4,2.6,1,3.5
1891,2.6,1.9,2,3.9
1892,3.2,2.4,0.2,2.7
1893,0.9,0.9,0,0.9
1894,0.1,0.1,0,0.1
1895,6.7,6.7,3,9.7
1896,0.3,0.3,0,0.3
1897,2.7,1.8,2,3.8
1898,0.4,0.4,0.1,0.5
1899,0,0,0,0
1900,0.3,0.3,0.8,1.1
1901,4.3,4.3,0.2,4.5
1902,2.4,2.4,0.8,3.3
1903,0.4,0.4,0.1,0.5
1904,0,0,0,0
1905,7.8,7.8,7.5,15.3
1906,0.1,0.1,0,0.1
1907,0,0,0.2,0.2
1908,6.5,6.5,5.8,12.3
1909,4.8,4.8,3,7.8
1910,0.2,0.2,0.3,0.6
1911,0,0,0.1,0.1
1912,0.5,0.5,1.8,2.3
1913,0.1,0.1,0,0.1
1914,0,0,0,0
1915,0.6,0.6,0,0.7
1916,1.8,1.8,0.7,2.5
1917,0.3,0.3,0.1,0.4
1918,0,0,0,0
1919,16.3,10.2,1.8,12
1920,0.4,0.4,0.1,0.5
1921,0.6,0.6,2.1,2.7
1922,9.1,6,2.6,8.6
1923,1.8,1.8,1,2.8
1924,0,0,0,0
1925,0.2,0.2,0.1,0.3
1926,0,0,0.1,0.1
1927,0.7,0.7,0.8,1.6
1928,0,0,0,0
1929,10.6,6.8,3.6,10.5
1930,0.3,0.3,1.5,1.7
1931,0.1,0.1,0.6,0.8
1932,0.1,0.1,0.1,0.1
1933,0.7,0.7,0.6,1.3
1934,1.5,1.5,1,2.5
1935,2.9,2.9,0.7,3.6
1936,2,2,0.3,2.3
1937,0.9,0.9,0.8,1.8
1938,0.6,0.6,1,1.5
1939,0.4,0.4,2.2,2.6
1940,0,0,0.1,0.1
1941,0,0,0.2,0.2
1942,0,0,0,0
1943,0.6,0.6,0.2,0.7
1944,2.4,2.4,1.7,4.1
1945,0,0,0,0
1946,7.6,7,4.9,12
1947,0,0,0,0
1948,0,0,0,0
1949,0,0,0,0
1950,5.3,5.3,2.4,7.7
1951,0.6,0.6,0.1,0.7
1952,1.9,1.1,1.6,2.7
1953,0.3,0.3,0.5,0.8
1954,3.5,3.5,0.8,4.2
1955,5.9,2.9,4,6.9
1956,1,1,0.2,1.2
1957,8.5,6.5,2.4,8.8
1958,0,0,0.6,0.6
1959,0.5,0.5,1.5,2
1960,1.2,1.2,2.1,3.3
1961,10.3,10.3,2.7,13
1962,0.5,0.5,0.1,0.6
1963,0,0,0.1,0.1
1964,0.6,0.6,0.1,0.7
1965,0.3,0.3,0.1,0.4
1966,0.7,0.7,1.9,2.5
1967,4.3,4.3,4.8,9.1
1968,0,0,0.2,0.2
1969,0,0,0,0
1970,2,2,3.6,5.7
1971,1.2,1.2,0.9,2
1972,0.2,0.2,0.9,1.1
1973,0.7,0.7,0.1,0.7
1974,0.4,0.4,0.2,0.6
1975,10.8,5.5,5.9,11.4
1976,0.1,0.1,0.2,0.4
1977,0.6,0.6,0.7,1.3
1978,0.6,0.6,0.9,1.6
1979,0.9,0.9,0,0.9
1980,0,0,0,0
1981,0,0,0,0
1982,1.3,1.3,0.6,1.9
1983,0,0,0,0
1984,0,0,0.1,0.1
1985,0.4,0.4,0.1,0.5
1986,8.3,8.3,4.1,12.4
1987,0.1,0.1,0.9,1
1988,0,0,0.1,0.1
1989,0,0,0.1,0.1
1990,0,0,0,0
1991,1.6,1.6,0.2,1.9
1992,0,0,0,0
1993,0,0,0,0
1994,0,0,0,0
1995,4,3.2,1.6,4.8
1996,0,0,0,0
1997,0.6,0.6,0,0.6
1998,0,0,0,0
1999,9.6,9.6,6.3,15.9
2000,0.1,0.1,0.2,0.3
2001,0,0,0,0
2002,1,1,1.3,2.3
2003,1.4,1.4,5.4,6.8
2004,0,0,0,0
2005,0.7,0.7,0.8,1.5
2006,1.3,1.3,1,2.3
2007,0.1,0.1,0,0.1
2008,4.5,4.5,2.8,7.4
2009,0.9,0.9,0.2,1.2
2010,0,0,0.4,0.4
2011,0,0,0.4,0.4
2012,0.3,0.3,1.1,1.4
2013,0,0,0,0
2014,0.3,0.3,0,0.3
2015,0.9,0.9,0.1,1.1
2016,0.4,0.4,1.9,2.3
2017,0,0,0,0
2018,0,0,0,0
2019,0.3,0.3,0,0.3
2020,0,0,0,0
2021,6.1,6.1,0.4,6.4
2022,5,4.3,7.7,12
2023,0.5,0.5,0,0.5
2024,0,0,0,0
2025,0,0,0.8,0.8
2026,1.8,1.8,4.7,6.5
2027,3.9,3.8,4.7,8.5
2028,5.1,5.1,2.7,7.9
2029,13,9.2,5.4,14.6
2030,0,0,0,0
2031,1.4,1.4,0.9,2.3
2032,0,0,0,0
2033,1.3,1.3,1.9,3.2
2034,1.5,1.5,0.3,1.8
2035,6.4,5.7,7.7,13.4
2036,0.1,0.1,1.2,1.3
2037,0.3,0.3,0.1,0.4
2038,0.1,0.1,0,0.1
2039,0,0,0,0
2040,0,0,0,0
2041,1,1,0.2,1.2
2042,0.5,0.5,0.4,1
2043,0,0,0,0
2044,0,0,0,0
2045,7,6.2,0.9,7.1
2046,1.3,1.3,2.4,3.7
2047,2.1,2.1,0.8,2.9
2048,0.9,0.7,2,2.7
2049,1.8,1.8,0.3,2.1
2050,7.2,4.1,5.4,9.5
2051,0.7,0.7,2.4,3.1
2052,0.4,0.4,0.5,0.9
2053,1.7,1.7,0.7,2.4
2054,1.2,1.2,4.1,5.3
2055,3.7,2.9,3.2,6.1
2056,3.2,3.2,1.3,4.5
2057,2.8,2.8,1.3,4
2058,0.4,0.4,0.6,1.1
2059,0,0,0,0
2060,1,1,1,2
2061,6.5,3.5,4.8,8.3
2062,0.1,0.1,0.4,0.5
2063,0.1,0.1,0,0.1
2064,0.7,0.7,0,0.7
2065,0,0,0,0
2066,4.4,4.4,4.5,8.9
2067,2.1,2.1,3.1,5.2
2068,0.3,0.3,0,0.4
2069,0,0,0,0
2070,2.5,2.5,2.4,4.8
2071,4.1,4.1,2,6.1
2072,6.4,5.6,1.5,7.1
2073,0,0,0,0
2074,0.1,0.1,0.3,0.4
2075,0.7,0.7,1.8,2.5
2076,1.3,1.3,0.2,1.6
2077,0.3,0.3,2.8,3
2078,3,3,1.5,4.5
2079,0.3,0.3,0,0.3
2080,0.6,0.6,0.5,1.1
2081,0.7,0.7,0.3,1
2082,0.4,0.4,3.8,4.1
2083,2.5,2.5,3.1,5.6
2084,1.1,1.1,0.4,1.5
2085,0,0,0,0
2086,6.7,5.9,1.3,7.2
2087,0.5,0.5,0.3,0.8
2088,0.1,0.1,0,0.1
2089,0,0,0,0
2090,3.9,3.9,0.5,4.3
2091,0,0,0,0
2092,0,0,0.4,0.5
2093,1,1,0.5,1.5
2094,0.5,0.5,0.9,1.4
2095,0.2,0.2,0.5,0.7
2096,0.5,0.5,0.6,1.1
2097,1,1,0.1,1.1
2098,1.5,1.5,0.9,2.4
2099,0,0,0,0
2100,0.6,0.6,0.5,1.1
2101,0,0,0,0
2102,0,0,0.3,0.3
2103,2.9,2.9,2.1,5
2104,1.2,1.2,1,2.2
2105,4.3,4.3,1.6,5.9
2106,0.1,0.1,1.3,1.3
2107,5.1,5.1,3.9,9
2108,0,0,0,0
2109,3.4,3.4,0.5,3.9
2110,3.1,3.1,1.9,5
2111,2.1,2.1,2.1,4.2
2112,6.9,6.9,1.4,8.2
2113,0,0,0,0
2114,0.9,0.9,0.4,1.3
2115,5.2,5.2,3.1,8.4
2116,1.3,1.3,0.4,1.7
2117,0,0,0,0
2118,0.8,0.8,1.5,2.4
2119,0,0,0.4,0.4
2120,0.1,0.1,0,0.1
2121,0.6,0.6,0,0.6
2122,0,0,0.5,0.5
2123,5.5,5.5,5.1,10.6
2124,0.8,0.8,0.8,1.5
2125,0,0,0,0.1
2126,5,5,2.8,7.8
2127,0,0,0.1,0.1
2128,0,0,0,0
2129,0.3,0.3,0.8,1.1
2130,0.5,0.5,0.8,1.3
2131,0.3,0.3,0.4,0.6
2132,4.5,4.5,3.5,8
2133,0.7,0.7,1.4,2.1
2134,1.9,1.9,0.8,2.7
2135,0.1,0.1,0,0.1
2136,0,0,0,0
2137,4.1,4.1,1.9,6
2138,0.3,0.3,0.2,0.5
2139,0.8,0.8,1.9,2.7
2140,2.6,2.6,0.5,3.2
2141,5.4,5.4,2.8,8.2
2142,2.2,2.2,0.8,3
2143,11,8.7,1.5,10.3
2144,5.9,5.1,2.9,8
2145,0.3,0.3,0.1,0.5
2146,0.3,0.3,0.3,0.6
2147,0.3,0.3,0,0.3
2148,0.4,0.4,0.1,0.4
2149,0,0,0,0
2150,3,3,1.1,4.1
2151,1.6,1.6,0.4,1.9
2152,0,0,0.1,0.1
2153,0.3,0.3,0.3,0.6
2154,1.8,1.8,0.4,2.2
2155,1.7,1.7,0.9,2.6
2156,0,0,0,0
2157,0.4,0.4,0.1,0.5
2158,0,0,0,0
2159,0.3,0.3,1.4,1.6
2160,0,0,0.4,0.4
2161,1.3,1.3,3.2,4.5
2162,0,0,0,0
2163,0,0,0,0
2164,5.2,3.7,1.3,5
2165,0.1,0.1,0,0.2
2166,2.3,2.2,1.4,3.6
2167,0.7,0.7,1.9,2.6
2168,2.4,2.4,0.4,2.8
2169,3.8,2.3,0.2,2.5
2170,0,0,0.2,0.2
2171,5,5,3.6,8.6
2172,0.5,0.5,0.3,0.8
2173,0,0,0,0
2174,0,0,0,0
2175,1.1,1.1,0.1,1.2
2176,9.3,9.3,3.6,12.9
2177,4.3,3.6,1.7,5.3
2178,4.3,4.3,2.6,7
2179,0,0,0,0
2180,0,0,0,0
2181,7.7,7.3,5.3,12.6
2182,1.6,1.6,3,4.6
2183,1.2,0.5,0.7,1.2
2184,0.6,0.6,0,0.6
2185,3.3,3.3,3.3,6.6
2186,0.3,0.3,1.4,1.8
2187,0,0,0,0
2188,1.6,1.6,1.7,3.2
2189,4.8,4.8,1.4,6.2
2190,0,0,0,0
2191,1.2,1.2,2.4,3.6
2192,0.1,0.1,0,0.2
2193,0.9,0.9,0.4,1.3
2194,0,0,0,0
2195,0,0,0.1,0.1
2196,0.2,0.2,0.1,0.3
2197,0,0,0,0
2198,0,0,0.1,0.1
2199,10,7.4,8.1,15.5
2200,2.1,2.1,2.3,4.4
2201,0,0,0,0
2202,4.5,4.5,4.3,8.8
2203,0.1,0.1,0.9,0.9
2204,0,0,0,0
2205,3,3,4.5,7.5
2206,0,0,0,0
2207,0,0,0,0
2208,0,0,0,0
2209,0.9,0.9,1.4,2.2
2210,3.1,1.6,2.1,3.6
2211,0.2,0.2,0.3,0.5
2212,0,0,0.3,0.3
2213,0,0,0,0
2214,11.5,10.7,3.2,13.9
2215,4.9,4.9,1.6,6.5
2216,2.3,2.3,1.5,3.8
2217,0,0,0,0
2218,0.7,0.7,1,1.6
2219,2.6,2.6,1.9,4.4
2220,1.6,1.6,1.8,3.4
2221,3.5,3.5,3.3,6.8
2222,9.3,4.4,1.2,5.6
2223,0.4,0.4,0.6,1
2224,0.7,0.7,1.5,2.2
2225,0.4,0.4,1.5,1.9
2226,0.1,0.1,0.1,0.2
2227,1.1,1.1,0.6,1.7
2228,0.2,0.2,0.7,0.9
2229,0,0,0,0
2230,0.5,0.5,2,2.5
2231,2.1,2.1,1.8,3.8
2232,1.4,1.4,6.9,8.3
2233,0.6,0.6,1.6,2.2
2234,3.1,3.1,0.8,3.9
2235,0.4,0.4,0.9,1.3
2236,0,0,0,0
2237,1.5,1.5,0.4,1.9
2238,0.3,0.3,0,0.3
2239,0,0,0,0
2240,1.7,1.7,2.1,3.7
2241,0,0,0,0
2242,0.1,0.1,1.3,1.4
2243,0,0,0,0
2244,2.5,1.7,1.7,3.5
2245,6.3,6.3,2.4,8.6
2246,0.2,0.2,0.5,0.7
2247,0.6,0.6,0.7,1.3
2248,0.5,0.5,0.9,1.4
2249,5.5,4,0.5,4.5
2250,1.7,1.7,0.7,2.4
2251,3.4,3.4,5.4,8.8
2252,2.3,2.3,1.7,4
2253,0,0,0,0
2254,0.5,0.5,0.3,0.8
2255,0,0,0.6,0.6
2256,2.5,2.5,3,5.5
2257,0.3,0.3,0.6,1
2258,0.6,0.6,1.5,2.1
2259,0,0,0,0
2260,2.3,2.3,0.5,2.8
2261,1.8,1.8,1,2.8
2262,0.4,0.4,1.1,1.5
2263,26.5,20.4,2.8,23.2
2264,0.5,0.5,0.1,0.6
2265,1,1,1.1,2.1
2266,0.7,0.7,2.1,2.8
2267,0.6,0.6,1.5,2.1
2268,0.5,0.5,0.3,0.8
2269,0.7,0.7,1.5,2.2
2270,0.6,0.6,0,0.6
2271,0,0,0,0
2272,1,0.3,0.1,0.4
2273,0,0,0,0
2274,1.1,1.1,0.3,1.4
2275,0.6,0.6,2.2,2.8
2276,0,0,0.1,0.1
2277,0,0,0,0
2278,0.4,0.4,0.4,0.8
2279,0,0,0,0
2280,0,0,0,0.1
2281,0.7,0.7,2,2.7
2282,2.6,2.6,2.4,5
2283,2.6,2.6,2.8,5.5
2284,0,0,0,0
2285,0.1,0.1,0,0.1
2286,1.2,1.2,0.1,1.2
2287,0,0,0,0
2288,0,0,0.1,0.1
2289,0.4,0.4,0.2,0.6
2290,0,0,0,0
2291,0,0,0,0
2292,0.2,0.2,1.3,1.4
2293,0,0,0,0
2294,0.5,0.5,1,1.5
2295,0.2,0.2,0,0.3
2296,1.3,1.3,0.2,1.5
2297,0.8,0.8,1.6,2.3
2298,0,0,0,0
2299,7.2,4.2,2.3,6.5
2300,2.9,2.9,2.8,5.7
2301,0.6,0.6,0.2,0.8
2302,2.6,2.6,3.3,5.9
2303,1.1,1.1,0.4,1.5
2304,3.5,3.5,0.3,3.8
2305,6.9,6.9,4.7,11.6
2306,0.3,0.3,1.4,1.7
2307,0,0,0,0
2308,0,0,0,0
2309,0,0,0.5,0.5
2310,20.9,16.4,6.3,22.6
2311,2.8,2.8,0.5,3.2
2312,0.6,0.6,0,0.6
2313,0,0,0,0
2314,0.4,0.4,0,0.4
2315,6.8,6.1,1.3,7.4
2316,1.9,1.9,1.2,3.1
2317,0,0,0.5,0.5
2318,0.6,0.6,1.1,1.7
2319,7.6,7.6,0.7,8.3
2320,1.1,1.1,2.5,3.6
2321,1.2,1.2,2.2,3.4
2322,0.1,0.1,0.1,0.2
2323,3,3,0.9,4
2324,4.3,4.3,0.3,4.5
2325,2.9,2.9,1.2,4.1
2326,2.3,2.3,1.6,3.9
2327,0,0,0,0
2328,5.6,4.8,5.9,10.8
2329,1.1,1.1,0,1.1
2330,1.9,1.9,0.1,2
2331,0.2,0.2,0.1,0.3
2332,0.1,0.1,0.9,1.1
2333,0,0,0.3,0.3
2334,0,0,0,0
2335,7.4,6.6,6.8,13.4
2336,1.2,1.2,1.7,2.9
2337,5.6,5.6,6.4,12
2338,0.4,0.4,0.3,0.7
2339,0.9,0.9,1.8,2.6
2340,0,0,0,0
2341,0,0,0,0
2342,0,0,0.1,0.2
2343,1.2,1.2,2.1,3.3
2344,3.8,3.8,2.3,6.1
2345,0.3,0.3,0.1,0.5
2346,1.9,1.9,1.5,3.4
2347,0.2,0.2,0.3,0.5
2348,0.2,0.2,0.8,1
2349,1.2,1.2,0.4,1.6
2350,0,0,0.1,0.1
2351,1,1,0.6,1.6
2352,1.7,0.9,0,0.9
2353,4.8,4.8,5.4,10.2
2354,5.2,5.2,3.8,9
2355,0,0,0,0
2356,0.1,0.1,0.1,0.2
2357,0.4,0.4,0.5,0.9
2358,2.4,1.6,1.3,3
2359,5,2.7,5.8,8.6
2360,0.9,0.9,0.2,1.1
2361,0.1,0.1,0.4,0.5
2362,7.3,5.7,1.7,7.5
2363,0,0,0,0
2364,1.2,0.4,0,0.4
2365,0.5,0.5,0.3,0.9
2366,0,0,0,0
2367,1.1,1.1,2.8,3.9
2368,9.7,9.7,2.3,12
2369,1.1,1.1,0.9,2
2370,2.8,2.8,3.3,6.1
2371,0.6,0.6,0.2,0.8
2372,1.3,1.3,0.2,1.5
2373,1.6,1.6,1.7,3.3
2374,0,0,0,0
2375,1.4,1.4,2.1,3.5
2376,0.6,0.6,1,1.6
2377,0.3,0.3,0.4,0.7
2378,0.7,0.7,1.1,1.8
2379,0.4,0.4,0.4,0.8
2380,0.3,0.3,2.7,3
2381,0.1,0.1,0.3,0.5
2382,0,0,0,0
2383,0,0,0,0
2384,0,0,0.3,0.3
2385,0,0,0,0
2386,0.4,0.4,0,0.4
2387,3.6,2.8,0.7,3.5
2388,0.3,0.3,0,0.3
2389,0,0,0,0
2390,1.9,1.9,1.1,3
2391,0.1,0.1,0.1,0.2
2392,1.1,1.1,1,2.1
2393,1.3,1.3,1.2,2.6
2394,0,0,0,0
2395,2.2,2.2,1.5,3.6
2396,0.1,0.1,0.5,0.6
2397,0,0,0,0
2398,0.6,0.6,1.8,2.4
2399,0,0,0.3,0.3
2400,0,0,0,0
2401,1.3,1.3,1.5,2.9
2402,0,0,0.3,0.3
2403,0.4,0.4,3,3.4
2404,2.7,1.2,0.6,1.8
2405,0.7,0.7,5.2,5.9
2406,2.5,2.5,2.7,5.2
2407,5.1,5.1,2,7.1
2408,0,0,0,0
2409,0,0,0,0
2410,0,0,0,0
2411,0.1,0.1,2.5,2.6
2412,0.2,0.2,0,0.2
2413,1.1,1.1,0.6,1.7
2414,0.1,0.1,0,0.1
2415,6.8,3.8,4.8,8.6
2416,0.1,0.1,0,0.1
2417,0,0,0,0
2418,0.4,0.4,0.9,1.3
2419,24.3,18.9,5.5,24.5
2420,2.8,2.8,3.7,6.5
2421,0.5,0.5,3.1,3.7
2422,2.9,2.9,4,6.8
2423,6,5.3,0.5,5.8
2424,0,0,0,0
2425,0,0,0.2,0.2
2426,0,0,0,0
2427,0,0,0,0
2428,1.1,1.1,0.3,1.5
2429,0,0,0,0
2430,1.5,1.5,1.1,2.5
2431,8.1,8.1,1.2,9.3
2432,8.3,7.6,3.4,11
2433,0,0,0.1,0.1
2434,0.1,0.1,0,0.1
2435,0.5,0.5,0,0.5
2436,1.1,1.1,2.9,4
2437,0.4,0.4,0.7,1.1
2438,1.9,1.9,0.2,2.1
2439,0,0,0,0
2440,0,0,0,0
2441,0.1,0.1,0,0.1
2442,1.3,1.3,0.4,1.6
2443,0.4,0.4,0.5,0.9
2444,0,0,0,0.1
2445,0,0,0,0
2446,0.4,0.4,0.2,0.5
2447,3.9,3.9,1.1,5
2448,0,0,0,0
2449,3.5,3.5,2.1,5.6
2450,2.1,2.1,1.3,3.4
2451,1.8,1.8,0.4,2.1
2452,1.3,0.5,0.1,0.7
2453,1.6,1.6,0.4,1.9
2454,0,0,0,0.1
2455,2.8,2.8,1.5,4.3
2456,0.1,0.1,0,0.1
2457,0.4,0.4,0.5,0.9
2458,2,2,3,5
2459,0.2,0.2,0.3,0.5
2460,0,0,0,0
2461,0.2,0.2,0.9,1.1
2462,0,0,1.2,1.3
2463,0,0,0,0
2464,2.4,2.4,0.8,3.1
2465,1.2,1.2,0.3,1.5
2466,1.3,1.3,1.3,2.6
2467,5.8,4.4,0.7,5
2468,9.5,2.7,4.6,7.3
2469,0,0,0,0
2470,0.5,0.5,1.2,1.8
2471,0.1,0.1,0.1,0.2
2472,0,0,0.1,0.1
2473,6.2,6.2,6.4,12.7
2474,0.8,0.8,0.4,1.1
2475,0.6,0.6,5.9,6.5
2476,0,0,0,0
2477,9.9,8.4,3.6,12
2478,2,2,1.8,3.9
2479,0,0,0,0
2480,9.2,9.2,1.5,10.7
2481,0,0,0,0
2482,0.8,0.8,0.1,0.9
2483,1.2,1.2,0.1,1.3
2484,0.1,0.1,0,0.1
2485,0.3,0.3,1.2,1.4
2486,0,0,0,0
2487,0.2,0.2,0.5,0.7
2488,0,0,0,0
2489,0.6,0.6,1.6,2.1
2490,0.1,0.1,0.1,0.2
2491,0.5,0.5,0.2,0.7
2492,2,2,5,7
2493,0,0,0,0
2494,0,0,0,0
2495,2,2,0.2,2.2
2496,0.1,0.1,0.5,0.6
2497,0.2,0.2,0,0.2
2498,0.9,0.9,0.2,1.2
2499,4.3,4.3,2.5,6.9
2500,0,0,0,0
2501,0.1,0.1,0.3,0.4
2502,0.2,0.2,0,0.2
2503,0.7,0.7,0.5,1.3
2504,12.2,11.4,4.8,16.2
2505,1.1,1.1,1.6,2.7
2506,10,4.7,5.6,10.3
2507,1.6,1.6,0.9,2.5
2508,2.2,2.2,0.1,2.3
2509,0,0,0,0
2510,0.5,0.5,0.9,1.4
2511,0.5,0.5,2.4,2.8
2512,0,0,0.3,0.3
2513,2.4,2.4,0.2,2.6
2514,2.9,2.9,1,3.8
2515,0,0,0,0
2516,0.4,0.4,0.2,0.6
2517,0.3,0.3,0.7,1
2518,0.9,0.9,5,5.8
2519,15.6,13.3,3.3,16.6
2520,0,0,0,0
2521,1.1,1.1,0.3,1.4
2522,2.1,2.1,4.5,6.6
2523,0,0,0.2,0.2
2524,4,4,2.5,6.5
2525,0,0,0,0
2526,1.5,1.5,0.4,1.9
2527,0,0,0,0
2528,2.2,2.2,0.6,2.7
2529,0,0,0.1,0.1
2530,0,0,0.1,0.1
2531,6.4,5.7,2.2,7.9
2532,0.2,0.2,0.1,0.4
2533,0.8,0.8,0.1,1
2534,0,0,0,0
2535,2.4,2.4,2.3,4.8
2536,1.7,1.7,1.9,3.5
2537,0.2,0.2,0,0.2
2538,0.9,0.9,0.9,1.8
2539,1.1,1.1,0.5,1.5
2540,0.2,0.2,3.1,3.4
2541,2.6,2.6,0.7,3.3
2542,0,0,0,0
2543,0,0,0.3,0.3
2544,0,0,0,0
2545,0.3,0.3,0,0.3
2546,0.1,0.1,0,0.1
2547,0,0,0,0
2548,0.1,0.1,1.8,1.8
2549,0,0,0,0
2550,0,0,0,0
2551,0.4,0.4,0.1,0.5
2552,4,4,2.1,6.1
2553,0,0,0.2,0.2
2554,1.8,1.8,0.8,2.6
2555,0.2,0.2,1.1,1.3
2556,0.4,0.4,0,0.5
2557,2.3,2.3,2.7,5
2558,0.2,0.2,0,0.2
2559,0,0,0,0
2560,0.1,0.1,0,0.1
2561,0,0,0,0
2562,6.3,5.6,4.5,10
2563,0.3,0.3,0.1,0.4
2564,0.2,0.2,1.6,1.8
2565,0,0,0,0
2566,3.3,3.3,1,4.3
2567,9.8,8.3,9,17.3
2568,0.5,0.5,0.1,0.5
2569,1.1,1.1,0.7,1.7
2570,1.5,1.5,2.1,3.6
2571,0,0,0,0
2572,0.3,0.3,0.2,0.6
2573,2.2,2.2,0,2.2
2574,6.4,6.4,4.7,11.2
2575,0.5,0.5,0.9,1.3
2576,3.7,3.7,0.9,4.5
2577,7.8,7.8,2,9.8
2578,0.8,0.8,0.3,1.1
2579,0,0,0,0
2580,4.5,3,3.3,6.3
2581,0.4,0.4,4.1,4.5
2582,0.2,0.2,0,0.2
2583,0.3,0.3,0,0.4
2584,0.5,0.5,0.9,1.4
2585,0.6,0.6,0.1,0.7
2586,18.2,18.2,6.1,24.3
2587,2.3,2.3,0.5,2.8
2588,0.5,0.5,1,1.5
2589,3.5,3.5,0.9,4.4
2590,1.2,1.2,0.5,1.7
2591,0.2,0.2,0.1,0.3
2592,0,0,0,0
2593,0.4,0.4,0,0.4
2594,0.5,0.5,1.3,1.8
2595,1.3,1.3,0,1.3
2596,0,0,0.4,0.4
2597,0.9,0.9,0,0.9
2598,0,0,0,0
2599,0.6,0.6,0.4,0.9
2600,0.2,0.2,0.6,0.8
2601,5.4,5.4,1.9,7.3
2602,0.8,0.8,1.7,2.5
2603,1.2,1.2,1.1,2.3
2604,6.2,2.4,1.5,3.9
2605,1.5,1.5,0.6,2.1
2606,0.1,0.1,0.7,0.8
2607,0,0,0.1,0.1
2608,2.5,1.7,1.8,3.5
2609,1.1,1.1,1.2,2.4
2610,1.5,1.5,1,2.5
2611,2.3,2.3,3.7,6.1
2612,1,1,2.1,3.1
2613,0.1,0.1,0,0.1
2614,2.2,2.2,5.4,7.7
2615,0.3,0.3,0.8,1
2616,6.4,6.4,3.3,9.7
2617,0,0,0,0
2618,0.1,0.1,0,0.1
2619,0.2,0.2,0.1,0.4
2620,0,0,0,0
2621,1.4,1.4,3.3,4.7
2622,0,0,0.2,0.2
2623,1.5,1.5,0.7,2.3
2624,0,0,0,0
2625,0.1,0.1,2.7,2.8
2626,3.8,3.8,2,5.8
2627,2.7,2.7,5.1,7.8
2628,0.3,0.3,4.9,5.2
2629,3.1,3.1,1,4.1
2630,0,0,0.2,0.2
2631,0.1,0.1,3.6,3.7
2632,5.1,5.1,4.3,9.4
2633,0.1,0.1,0.4,0.5
2634,1.5,1.5,2,3.5
2635,0.1,0.1,0,0.1
2636,0,0,0,0
2637,0,0,0,0
2638,0.4,0.4,0.2,0.6
2639,0.2,0.2,0,0.2
2640,0.1,0.1,0.3,0.4
2641,0.3,0.3,0,0.3
2642,0.4,0.4,2.2,2.6
2643,0.1,0.1,0.5,0.6
2644,0.1,0.1,0,0.1
2645,12.6,10.3,2.1,12.4
2646,0,0,0,0
2647,0.1,0.1,0,0.1
2648,4.1,3.3,1.3,4.6
2649,0.3,0.3,1.8,2
2650,1,1,0.9,1.9
2651,0,0,0,0
2652,2.8,2.8,1.2,4
2653,0,0,0,0
2654,0,0,0.1,0.1
2655,0.1,0.1,0,0.1
2656,0,0,0.4,0.4
2657,0.1,0.1,0.1,0.2
2658,0.3,0.3,0,0.3
2659,0.1,0.1,0,0.1
2660,4.5,4.5,0.3,4.9
2661,2,2,3.2,5.2
2662,2.1,2.1,0.1,2.2
2663,19.7,12.8,4.9,17.8
2664,3.8,3.8,2.7,6.5
2665,0,0,0,0
2666,0.2,0.2,0.1,0.3
2667,0.3,0.3,0.2,0.5
2668,0,0,0,0
2669,2.2,2.2,4.3,6.5
2670,1.3,1.3,0.3,1.6
2671,0,0,0,0
2672,0,0,0,0
2673,0.5,0.5,0,0.5
2674,1.8,0.3,0.9,1.2
2675,1.4,1.4,1.1,2.5
2676,0.5,0.5,0.2,0.7
2677,0.2,0.2,1.5,1.7
2678,3.3,3.3,1.5,4.8
2679,4,4,5.4,9.4
2680,0.7,0.7,1.4,2.1
2681,7.5,3.7,2.4,6.1
2682,0,0,0,0
2683,1.1,1.1,2.6,3.6
2684,2.3,2.3,1.8,4.1
2685,1.6,1.6,1,2.7
2686,2.1,2.1,0.6,2.7
2687,0.3,0.3,0.2,0.5
2688,0,0,0,0
2689,0,0,0.4,0.4
2690,0.5,0.5,1.2,1.7
2691,0,0,1,1
2692,2.5,2.5,1.3,3.8
2693,0,0,0,0
2694,0.5,0.5,1.7,2.2
2695,0,0,0.1,0.1
2696,0.1,0.1,1,1.1
2697,1.8,1.8,3.3,5.1
2698,0.9,0.9,1.3,2.3
2699,5.3,5.3,2,7.3
2700,0.4,0.4,1.1,1.5
2701,0,0,0,0
2702,0,0,0,0
2703,1.4,1.4,0.1,1.5
2704,3.8,0.7,1.4,2.1
2705,0,0,0,0
2706,0.6,0.6,0.7,1.3
2707,0.5,0.5,0.2,0.7
2708,18.4,13.8,2.8,16.6
2709,0.3,0.3,0.6,0.9
2710,3.5,3.5,1.8,5.3
2711,0,0,0.6,0.6
2712,1.3,1.3,0.9,2.2
2713,0,0,0.2,0.2
2714,10.4,10.4,6.2,16.6
2715,1.4,1.4,0.4,1.8
2716,0,0,0.1,0.1
2717,0,0,0,0
2718,0.1,0.1,0.2,0.3
2719,1,1,1.3,2.2
2720,6.1,6.1,1.8,7.8
2721,0,0,0,0
2722,0.6,0.6,0.6,1.2
2723,3,3,1.2,4.2
2724,0,0,0,0
2725,0.2,0.2,0.5,0.8
2726,1,1,1.4,2.4
2727,0.5,0.5,0,0.5
2728,7.3,5.1,5.1,10.1
2729,0.9,0.9,2.4,3.3
2730,0.1,0.1,0.4,0.5
2731,5.3,2.2,4.1,6.3
2732,3.2,2.4,2.4,4.8
2733,16,14.5,4.2,18.7
2734,0,0,0,0
2735,3.6,3.6,0.9,4.5
2736,1.2,1.2,0.2,1.4
2737,17.9,15.8,4.9,20.6
2738,0.1,0.1,0,0.1
2739,5.3,5.3,1.8,7.1
2740,6.8,6,2.2,8.2
2741,0.6,0.6,0.1,0.7
2742,1,1,1,1.9
2743,11.9,11.9,6.1,18
2744,1.1,1.1,5,6.2
2745,0.7,0.7,0.7,1.4
2746,3.2,3.2,1.8,4.9
2747,0,0,0,0
2748,0.3,0.3,0,0.3
2749,0.1,0.1,0,0.1
2750,6.9,6.2,4.8,11
2751,0.1,0.1,0.3,0.4
2752,0,0,0,0
2753,0.5,0.5,0.4,0.9
2754,2.1,2.1,2.5,4.6
2755,0.4,0.4,0,0.5
2756,3.6,2.6,0.7,3.4
2757,11.3,8.2,2.2,10.5
2758,0,0,0,0
2759,0.1,0.1,0.3,0.3
2760,4.4,4.4,4.6,8.9
2761,11.8,8.3,4.2,12.5
2762,1,1,0.6,1.6
2763,2,2,2.7,4.7
2764,3.5,3.5,3.2,6.7
2765,0.6,0.6,0.3,0.8
2766,1.7,1.7,1.5,3.2
2767,13.3,11.8,2.2,14
2768,0,0,0,0
2769,0.8,0.8,2.2,3
2770,0.8,0.8,1.6,2.4
2771,0.6,0.6,0,0.6
2772,0.4,0.4,0,0.4
2773,0,0,0,0
2774,0.4,0.4,1,1.4
2775,5.6,5.6,4.1,9.7
2776,0.1,0.1,0.1,0.2
2777,10.3,7.3,4.1,11.3
2778,0,0,0,0
2779,0.9,0.9,0.6,1.5
2780,0.4,0.4,0.3,0.7
2781,1.9,1.9,0.7,2.6
2782,3.4,3.4,1.7,5.2
2783,1.4,1.2,2.7,3.9
2784,0,0,0.2,0.3
2785,0.9,0.9,0.7,1.6
2786,3.8,3.1,5.1,8.2
2787,0,0,0,0
2788,0,0,0,0
2789,0,0,0,0
2790,7.5,5.9,3.3,9.2
2791,2.2,2.2,2.2,4.4
2792,1.3,1.3,1.1,2.3
2793,0.1,0.1,0.8,0.8
2794,0,0,0.1,0.1
2795,1.8,1.8,2.2,4.1
2796,0.5,0.5,1.3,1.8
2797,0.3,0.3,0,0.3
2798,15.4,14.6,6.5,21.2
2799,0.7,0.7,2.6,3.4
2800,2.5,2.5,1.2,3.7
2801,0.1,0.1,0,0.1
2802,8.1,8.1,1.4,9.5
2803,0,0,1.7,1.7
2804,1.5,1.5,1.1,2.6
2805,1.7,1.7,2,3.7
2806,0.1,0.1,0.3,0.4
2807,0.6,0.6,0.1,0.7
2808,1.8,1.8,1.1,3
2809,0,0,0,0
2810,5.4,5.4,5.4,10.7
2811,0.7,0.7,1.3,2.1
2812,0.1,0.1,0.2,0.3
2813,0.4,0.4,0.2,0.5
2814,1.9,1.9,3.7,5.6
2815,0,0,0,0
2816,1.2,1.2,0.1,1.3
2817,1.8,1.8,0,1.9
2818,1,1,0.7,1.8
2819,0.8,0.8,1.9,2.7
2820,0.6,0.6,0.6,1.1
2821,1.1,1.1,2.1,3.2
2822,0.1,0.1,0.4,0.5
2823,5.7,5,6.1,11.1
