Unnamed: 0,Per 90 Minutes.5,Per 90 Minutes.6,Per 90 Minutes.7,Per 90 Minutes.8,Per 90 Minutes.9
Rk,xG,xA,xG+xA,npxG,npxG+xA
1,0,0,0,0,0
2,0.06,0.04,0.1,0.06,0.1
3,0,0,0,0,0
4,0.05,0.01,0.06,0.05,0.06
5,0,0,0,0,0
6,0.07,0.05,0.12,0.07,0.12
7,0.04,0.04,0.08,0.04,0.08
8,0.21,0.03,0.24,0.21,0.24
9,0,0,0,0,0
10,0.08,0,0.09,0.08,0.09
11,0.05,0.03,0.08,0.05,0.08
12,0.56,0.07,0.63,0.56,0.63
13,0,0,0,0,0
14,0.06,0,0.06,0.06,0.06
15,0.03,0.03,0.06,0.03,0.06
16,0.24,0,0.24,0.24,0.24
17,0.04,0.11,0.15,0.04,0.15
18,0.3,0.19,0.49,0.3,0.49
19,0.04,0.04,0.09,0.04,0.09
20,0.41,0.32,0.74,0.41,0.74
21,0.03,0.01,0.04,0.03,0.04
22,0.43,0,0.43,0.43,0.43
23,0.05,0.18,0.23,0.05,0.23
24,0,0,0,0,0
25,0,0,0,0,0
26,0.01,0.05,0.06,0.01,0.06
27,0,0.01,0.01,0,0.01
28,0.07,0.05,0.13,0.07,0.13
29,0.13,0.05,0.18,0.13,0.18
30,0.08,0.03,0.11,0.08,0.11
31,0.54,0.21,0.75,0.29,0.5
32,0.05,0.19,0.23,0.05,0.23
33,0.12,0.02,0.13,0.12,0.13
34,0.16,0.03,0.19,0.16,0.19
35,0.11,0,0.11,0.11,0.11
36,0.1,0.05,0.15,0.08,0.13
37,0.26,0,0.26,0.26,0.26
38,0.06,0.04,0.1,0.06,0.1
39,0.03,0.05,0.08,0.03,0.08
40,0.04,0.06,0.1,0.04,0.1
41,0.04,0.17,0.21,0.04,0.21
42,0.04,0.01,0.05,0.04,0.05
43,0.5,0.11,0.61,0.39,0.5
44,0.07,0,0.07,0.07,0.07
45,0.04,0.03,0.07,0.04,0.07
46,0.67,0,0.67,0.67,0.67
47,0.01,0,0.02,0.01,0.02
48,0,0.08,0.08,0,0.08
49,0.08,0.08,0.16,0.08,0.16
50,0,0.03,0.03,0,0.03
51,0.04,0.08,0.12,0.04,0.12
52,0.01,0.07,0.08,0.01,0.08
53,0.02,0,0.02,0.02,0.02
54,0.47,0.05,0.52,0.36,0.41
55,0.07,0.22,0.29,0.07,0.29
56,0.19,0.28,0.47,0.18,0.46
57,0.02,0.03,0.05,0.02,0.05
58,0.07,0.23,0.29,0.07,0.29
59,0.48,0.19,0.67,0.39,0.58
60,0.01,0,0.01,0.01,0.01
61,0.07,0.11,0.18,0.07,0.18
62,0.07,0.03,0.09,0.07,0.09
63,0.03,0.01,0.04,0.03,0.04
64,0.03,0.01,0.05,0.03,0.05
65,0.11,0.08,0.19,0.11,0.19
66,0.04,0,0.04,0.04,0.04
67,0.12,0.13,0.26,0.12,0.26
68,0,0,0,0,0
69,0.08,0.24,0.32,0.08,0.32
70,0.13,0.22,0.35,0.13,0.35
71,0.36,0.03,0.39,0.36,0.39
72,0.05,0.11,0.17,0.05,0.17
73,0,0,0,0,0
74,0,0,0,0,0
75,0,0,0,0,0
76,0.01,0.04,0.05,0.01,0.05
77,0.2,0.13,0.33,0.2,0.33
78,0.12,0.1,0.22,0.12,0.22
79,0.16,0.11,0.27,0.16,0.27
80,0.02,0.05,0.07,0.02,0.07
81,0.02,0.02,0.04,0.02,0.04
82,0.02,0.01,0.02,0.02,0.02
83,0.07,0.05,0.11,0.07,0.11
84,0.12,0.02,0.14,0.12,0.14
85,0.03,0.02,0.04,0.03,0.04
86,0,0,0,0,0
87,0.05,0,0.05,0.05,0.05
88,0.02,0.03,0.06,0.02,0.06
89,0.17,0.18,0.35,0.17,0.35
90,0,0,0,0,0
91,0.1,0.14,0.24,0.1,0.24
92,0.01,0.04,0.06,0.01,0.06
93,0.02,0.02,0.03,0.02,0.03
94,0.04,0.01,0.05,0.04,0.05
95,0.04,0.02,0.05,0.04,0.05
96,0.14,0,0.14,0.14,0.14
97,0,0,0,0,0
98,0,0,0,0,0
99,0,0,0,0,0
100,0.44,0.03,0.47,0.38,0.41
101,0,0,0,0,0
102,0.03,0.04,0.08,0.03,0.08
103,0.09,0.08,0.17,0.09,0.17
104,0.02,0.03,0.04,0.02,0.04
105,0,0,0,0,0
106,0.02,0,0.02,0.02,0.02
107,0,0.09,0.1,0,0.1
108,0.16,0.21,0.37,0.16,0.37
109,0,0,0,0,0
110,0,0,0,0,0
111,0.08,0.23,0.31,0.04,0.27
112,0.04,0.01,0.05,0.04,0.05
113,0.69,0,0.69,0.69,0.69
114,0.52,0.11,0.62,0.52,0.62
115,0.01,0.01,0.01,0.01,0.01
116,0.52,0.2,0.72,0.44,0.65
117,0.17,0.27,0.44,0.17,0.44
118,0.01,0.06,0.07,0.01,0.07
119,0.5,0,0.5,0.5,0.5
120,0.07,0.06,0.13,0.07,0.13
121,0.04,0.04,0.08,0.04,0.08
122,0.22,0.16,0.38,0.22,0.38
123,0.01,0.02,0.04,0.01,0.04
124,0.09,0.01,0.1,0.09,0.1
125,0.04,0.03,0.07,0.04,0.07
126,0,0,0,0,0
127,0,0,0,0,0
128,0.31,0.07,0.38,0.31,0.38
129,0.04,0,0.04,0.04,0.04
130,0,0,0,0,0
131,0.1,0.09,0.18,0.1,0.18
132,0.07,0.17,0.24,0.07,0.24
133,0.34,0.01,0.35,0.34,0.35
134,0.02,0.03,0.05,0.02,0.05
135,0,0,0,0,0
136,0.05,0.02,0.07,0.05,0.07
137,0.03,0,0.03,0.03,0.03
138,0.07,0.03,0.09,0.07,0.09
139,0,0,0,0,0
140,0.23,0.15,0.38,0.23,0.38
141,0.01,0,0.01,0.01,0.01
142,0.39,0.26,0.65,0.27,0.54
143,0.09,0.07,0.16,0.09,0.16
144,0.02,0.02,0.04,0.02,0.04
145,0.06,0.05,0.11,0.06,0.11
146,0.41,0.11,0.52,0.35,0.46
147,0,0.01,0.01,0,0.01
148,0.01,0.09,0.1,0.01,0.1
149,0,0,0,0,0
150,0.04,0.13,0.17,0.04,0.17
151,0.08,0.11,0.18,0.08,0.18
152,0.13,0,0.13,0.13,0.13
153,0.31,0,0.31,0.31,0.31
154,0.46,0.1,0.56,0.46,0.56
155,0,0.08,0.08,0,0.08
156,0.1,0.03,0.13,0.1,0.13
157,0.05,0,0.06,0.05,0.06
158,0.04,0.07,0.1,0.04,0.1
159,0.15,0,0.15,0.15,0.15
160,0.03,0.11,0.14,0.03,0.14
161,0,0.17,0.17,0,0.17
162,0.4,0.11,0.5,0.4,0.5
163,0.02,0.01,0.03,0.02,0.03
164,0.02,0.1,0.12,0.02,0.12
165,0,0,0,0,0
166,0.05,0.05,0.09,0.05,0.09
167,0.26,0.1,0.36,0.26,0.36
168,0.41,0.08,0.49,0.37,0.45
169,0.29,0.26,0.55,0.29,0.55
170,0.01,0,0.01,0.01,0.01
171,0,0,0,0,0
172,0.05,0.04,0.09,0.05,0.09
173,0.01,0.1,0.11,0.01,0.11
174,0.11,0.15,0.26,0.11,0.26
175,0,0,0,0,0
176,0.16,0.06,0.22,0.16,0.22
177,0.05,0,0.05,0.05,0.05
178,0.44,0.13,0.57,0.44,0.57
179,0.04,0.05,0.09,0.04,0.09
180,0.52,0.19,0.71,0.52,0.71
181,0,0.03,0.04,0,0.04
182,0.1,0,0.1,0.1,0.1
183,0.03,0.09,0.12,0.03,0.12
184,0,0,0,0,0
185,0,0.09,0.1,0,0.1
186,0.13,0.15,0.29,0.13,0.29
187,0,0,0.01,0,0.01
188,0.51,0.12,0.63,0.46,0.59
189,0.06,0.01,0.07,0.06,0.07
190,0.04,0.02,0.06,0.04,0.06
191,0.39,0.08,0.47,0.34,0.42
192,0.19,0.09,0.28,0.19,0.28
193,0.03,0.06,0.09,0.03,0.09
194,0.09,0.01,0.1,0.09,0.1
195,0,0,0,0,0
196,0.01,0.04,0.05,0.01,0.05
197,0.15,0.06,0.21,0.15,0.21
198,0.04,0,0.04,0.04,0.04
199,0.08,0.17,0.25,0.08,0.25
200,0,0,0,0,0
201,0.12,0.12,0.23,0.12,0.23
202,0.19,0.21,0.4,0.19,0.4
203,0.06,0.16,0.22,0.06,0.22
204,0.15,0.27,0.42,0.15,0.42
205,0.35,0.04,0.39,0.3,0.34
206,0.29,0.07,0.35,0.29,0.35
207,0.02,0.33,0.35,0.02,0.35
208,0.02,0.04,0.06,0.02,0.06
209,0.25,0.04,0.29,0.25,0.29
210,0.13,0.08,0.21,0.13,0.21
211,0.12,0.14,0.26,0.12,0.26
212,0,0.1,0.1,0,0.1
213,0.27,0.16,0.43,0.25,0.41
214,0.07,0.01,0.08,0.07,0.08
215,0.04,0.09,0.13,0.04,0.13
216,0.02,0.04,0.07,0.02,0.07
217,0.06,0.13,0.19,0.06,0.19
218,0.03,0.03,0.05,0.03,0.05
219,0.11,0.06,0.18,0.11,0.18
220,0,0,0,0,0
221,0.04,0.05,0.09,0.04,0.09
222,0.08,0.2,0.28,0.08,0.28
223,0,0,0,0,0
224,0.17,0.18,0.35,0.17,0.35
225,0.04,0.01,0.05,0.04,0.05
226,0.14,0.05,0.19,0.14,0.19
227,0,0,0,0,0
228,0.11,0.02,0.14,0.11,0.14
229,0.21,0.11,0.32,0.21,0.32
230,0.23,0.06,0.29,0.23,0.29
231,0.04,0.02,0.06,0.04,0.06
232,0,1.77,1.77,0,1.77
233,0.37,0.2,0.58,0.37,0.58
234,0.03,0.01,0.04,0.03,0.04
235,0.17,0.26,0.43,0.17,0.43
236,0.01,0.02,0.03,0.01,0.03
237,0.03,0.01,0.04,0.03,0.04
238,0.05,0.17,0.22,0.05,0.22
239,0.04,0.01,0.04,0.04,0.04
240,0.05,0,0.05,0.05,0.05
241,0,0,0,0,0
242,0.23,0.15,0.39,0.23,0.39
243,0.08,0.07,0.15,0.08,0.15
244,0.02,0.02,0.04,0.02,0.04
245,0.03,0.09,0.12,0.03,0.12
246,0.25,0.2,0.45,0.25,0.45
247,0.12,0.07,0.19,0.12,0.19
248,0.04,0.1,0.14,0.04,0.14
249,0.16,0.18,0.33,0.16,0.33
250,0.43,0.22,0.65,0.31,0.52
251,0.09,0.02,0.11,0.09,0.11
252,0,0,0,0,0
253,0.12,0.18,0.3,0.12,0.3
254,0,0,0,0,0
255,0.66,0.22,0.88,0.35,0.57
256,0.06,0.09,0.15,0.06,0.15
257,0,0,0,0,0
258,0.12,0.05,0.17,0.05,0.09
259,0.01,0.03,0.04,0.01,0.04
260,0.43,0.11,0.55,0.39,0.5
261,0.06,0.09,0.14,0.06,0.14
262,0.03,0.21,0.25,0.03,0.25
263,0,0,0,0,0
264,0.01,0.05,0.06,0.01,0.06
265,0,0,0,0,0
266,0,0.26,0.26,0,0.26
267,0,0.01,0.01,0,0.01
268,0.05,0.03,0.08,0.05,0.08
269,0.15,0.28,0.43,0.15,0.43
270,0.06,0.22,0.27,0.06,0.27
271,0.12,0.02,0.14,0.08,0.1
272,0.06,0,0.06,0.06,0.06
273,0.12,0.01,0.14,0,0.01
274,0.03,0.1,0.13,0.03,0.13
275,0.4,0.05,0.45,0.4,0.45
276,0.55,0.19,0.75,0.53,0.72
277,0.41,0.06,0.46,0.07,0.13
278,0,0,0,0,0
279,0.53,0.19,0.72,0.31,0.5
280,0.03,0,0.03,0.03,0.03
281,0.04,0.1,0.14,0.04,0.14
282,0.22,0,0.22,0.22,0.22
283,0.24,0.15,0.39,0.24,0.39
284,0,0.02,0.03,0,0.03
285,0.11,0.03,0.14,0.11,0.14
286,0.1,0.1,0.2,0.04,0.14
287,0.18,0.09,0.28,0.18,0.28
288,0.05,0.09,0.14,0.05,0.14
289,0.04,0.13,0.18,0.04,0.18
290,0.14,0.2,0.34,0.14,0.34
291,0.13,0.09,0.22,0.13,0.22
292,0,0,0,0,0
293,0,0.13,0.13,0,0.13
294,0,0,0,0,0
295,0,0,0,0,0
296,0.02,0.04,0.06,0.02,0.06
297,0.11,0.22,0.33,0.11,0.33
298,0,0,0,0,0
299,0,0,0,0,0
300,0.69,0.08,0.77,0.69,0.77
301,0.04,0.19,0.23,0.04,0.23
302,0.25,0,0.25,0.25,0.25
303,0.05,0,0.05,0.05,0.05
304,0.17,0.04,0.22,0.17,0.22
305,0.06,0.22,0.28,0.06,0.28
306,0.01,0.01,0.02,0.01,0.02
307,0.04,0.03,0.06,0.04,0.06
308,0.26,0.08,0.34,0.22,0.3
309,0.02,0.03,0.04,0.02,0.04
310,0.12,0.08,0.2,0.12,0.2
311,0,0,0,0,0
312,0.22,0.1,0.32,0.22,0.32
313,0,0,0,0,0
314,0.01,0.02,0.03,0.01,0.03
315,0.11,0.21,0.32,0.11,0.32
316,0,0.05,0.05,0,0.05
317,0.12,0.26,0.38,0.12,0.38
318,0.01,0.05,0.07,0.01,0.07
319,0.09,0.06,0.14,0.09,0.14
320,0.18,0.06,0.24,0.18,0.24
321,0.03,0.06,0.09,0.03,0.09
322,0.14,0.01,0.15,0.14,0.15
323,0.13,0.12,0.26,0.13,0.26
324,0.05,0.02,0.07,0.05,0.07
325,0.11,0.13,0.24,0.11,0.24
326,0.25,0.11,0.36,0.25,0.36
327,0.12,0.64,0.76,0.12,0.76
328,0.05,0.01,0.06,0.05,0.06
329,0.12,0.03,0.15,0.12,0.15
330,0,0,0,0,0
331,0,0,0,0,0
332,0.06,0,0.06,0.06,0.06
333,0.03,0.01,0.03,0.03,0.03
334,0.41,0.12,0.52,0.3,0.42
335,0.12,0.05,0.18,0.12,0.18
336,0.31,0.32,0.63,0.1,0.42
337,0.19,0.05,0.24,0.19,0.24
338,0.21,0.03,0.24,0.21,0.24
339,0.17,0.21,0.39,0.13,0.34
340,0.01,0,0.01,0.01,0.01
341,0.02,0.06,0.09,0.02,0.09
342,0.1,0.1,0.2,0.1,0.2
343,0.2,0.19,0.39,0.2,0.39
344,0,0,0,0,0
345,0.22,0.16,0.38,0.22,0.38
346,0.04,0.04,0.08,0.04,0.08
347,0.05,0.01,0.06,0.05,0.06
348,0.2,0.03,0.23,0.2,0.23
349,0.06,0.07,0.13,0.06,0.13
350,0,0,0,0,0
351,0.16,0.08,0.24,0.16,0.24
352,0.02,0.09,0.11,0.02,0.11
353,0.07,0.08,0.15,0.07,0.15
354,0.38,0.16,0.54,0.33,0.48
355,0.18,0.17,0.35,0.18,0.35
356,0.12,0.02,0.14,0.12,0.14
357,0.02,0.11,0.14,0.02,0.14
358,0,0,0,0,0
359,0,0.01,0.01,0,0.01
360,0,0,0,0,0
361,0.18,0.17,0.35,0.18,0.35
362,0.1,0.02,0.12,0.1,0.12
363,0,0,0,0,0
364,0.14,0.13,0.27,0.14,0.27
365,0.02,0.01,0.03,0.02,0.03
366,0.26,0.02,0.28,0.14,0.16
367,0.02,0,0.02,0.02,0.02
368,0,0,0,0,0
369,0.06,0.01,0.07,0.02,0.03
370,0.05,0.02,0.07,0.05,0.07
371,0.12,0.14,0.26,0.02,0.16
372,0.06,0.04,0.1,0.06,0.1
373,0.06,0.15,0.22,0.06,0.22
374,0.06,0.13,0.2,0.06,0.2
375,0,0,0,0,0
376,0.24,0.13,0.38,0.24,0.38
377,0.01,0.04,0.05,0.01,0.05
378,0,0,0,0,0
379,0,0,0,0,0
380,0.16,0.21,0.37,0.14,0.35
381,0.05,0.06,0.11,0.05,0.11
382,0.04,0.03,0.07,0.04,0.07
383,0,0,0,0,0
384,0.39,0.03,0.43,0.39,0.43
385,0,0,0,0,0
386,0.18,0.11,0.29,0.18,0.29
387,0.02,0,0.02,0.02,0.02
388,0.27,0.01,0.28,0.09,0.1
389,0,0,0,0,0
390,0.3,0.1,0.4,0.3,0.4
391,0,0,0,0,0
392,0.17,0.13,0.3,0.17,0.3
393,0,0,0,0,0
394,0.06,0.04,0.11,0.06,0.11
395,0,0,0,0,0
396,0.03,0.02,0.05,0.03,0.05
397,0.04,0.1,0.14,0.04,0.14
398,0.01,0.13,0.14,0.01,0.14
399,0,0,0,0,0
400,0,0,0,0,0
401,0,0,0,0,0
402,0,0,0,0,0
403,0.02,0,0.02,0.02,0.02
404,0,0,0,0,0
405,0.11,0.12,0.23,0.11,0.23
406,0.05,0.04,0.09,0.05,0.09
407,0.01,0.05,0.06,0.01,0.06
408,0.15,0.09,0.23,0.15,0.23
409,0.04,0.04,0.07,0.04,0.07
410,0.07,0.02,0.09,0.07,0.09
411,0.52,0.06,0.58,0.44,0.51
412,0,0,0,0,0
413,0.08,0.17,0.25,0.08,0.25
414,0.06,0.01,0.07,0.06,0.07
415,0,0,0,0,0
416,0,0,0,0,0
417,0.04,0.06,0.1,0.04,0.1
418,0,0,0,0,0
419,0.2,0,0.2,0.2,0.2
420,0.06,0.01,0.07,0.06,0.07
421,0.03,0.03,0.06,0.03,0.06
422,0.19,0.3,0.49,0.16,0.47
423,0.03,0,0.03,0.03,0.03
424,0,0.05,0.05,0,0.05
425,0.16,0.13,0.29,0.09,0.21
426,0.04,0.18,0.22,0.04,0.22
427,0.34,0.08,0.42,0.34,0.42
428,0.48,0.06,0.54,0.48,0.54
429,0.05,0,0.05,0.05,0.05
430,0,0,0,0,0
431,0.1,0.05,0.14,0.1,0.14
432,0.07,0.05,0.12,0.07,0.12
433,0.17,0.16,0.34,0.08,0.25
434,0.03,0.1,0.13,0.03,0.13
435,0.19,0.18,0.38,0.11,0.29
436,0.08,0.19,0.27,0.08,0.27
437,0.17,0.21,0.38,0.12,0.33
438,,,,,
439,0.05,0.07,0.11,0.05,0.11
440,0.16,0.06,0.22,0.16,0.22
441,0.04,0.01,0.05,0.04,0.05
442,0.13,0,0.13,0.13,0.13
443,0.2,0.16,0.36,0.16,0.32
444,0.5,0.09,0.59,0.38,0.47
445,0.04,0.1,0.13,0.04,0.13
446,0.02,0.06,0.08,0.02,0.08
447,0.01,0.03,0.05,0.01,0.05
448,0,0,0,0,0
449,0.34,0.08,0.42,0.34,0.42
450,0.3,0,0.3,0.3,0.3
451,0.09,0.21,0.3,0.09,0.3
452,0.03,0.02,0.05,0.03,0.05
453,0.14,0.1,0.24,0.14,0.24
454,0.01,0.08,0.09,0.01,0.09
455,0.25,0.23,0.48,0.25,0.48
456,0.13,0,0.13,0.13,0.13
457,0.24,0.11,0.36,0.24,0.36
458,0.27,0.02,0.29,0.27,0.29
459,0,0,0,0,0
460,0.05,0.08,0.13,0.05,0.13
461,0.4,0.13,0.53,0.4,0.53
462,0.09,0.03,0.13,0.09,0.13
463,0.15,0.11,0.26,0.15,0.26
464,0.01,0.08,0.1,0.01,0.1
465,0,0,0,0,0
466,0,0,0,0,0
467,0.01,0.04,0.05,0.01,0.05
468,0.02,0.03,0.05,0.02,0.05
469,0.05,0.08,0.13,0.05,0.13
470,0,0,0,0,0
471,0.08,0,0.08,0.08,0.08
472,0.15,0.05,0.21,0.15,0.21
473,0.17,0.16,0.33,0.17,0.33
474,0.01,0.03,0.04,0.01,0.04
475,0.14,0.1,0.23,0.14,0.23
476,0.07,0.03,0.1,0.07,0.1
477,0.2,0.12,0.32,0.17,0.29
478,0.48,0.17,0.66,0.48,0.66
479,0.04,0.16,0.2,0.04,0.2
480,0.05,0.01,0.06,0.05,0.06
481,0,0,0,0,0
482,0.03,0.1,0.13,0.03,0.13
483,0.06,0.17,0.23,0.06,0.23
484,0.03,0.04,0.08,0.03,0.08
485,0.02,0,0.03,0.02,0.03
486,0.61,0.2,0.82,0.61,0.82
487,0.01,0.01,0.02,0.01,0.02
488,0.03,0.01,0.05,0.03,0.05
489,0,0,0,0,0
490,0.01,0.04,0.05,0.01,0.05
491,0.22,0.14,0.36,0.22,0.36
492,0.39,0,0.39,0.39,0.39
493,0.01,0.01,0.02,0.01,0.02
494,0,0.02,0.02,0,0.02
495,0.07,0.04,0.11,0.07,0.11
496,0.07,0.14,0.21,0.07,0.21
497,0.18,0.07,0.25,0.18,0.25
498,0.04,0.01,0.05,0.04,0.05
499,0.33,0.18,0.51,0.29,0.46
500,0.08,0.03,0.11,0.08,0.11
501,0.04,0.09,0.13,0.04,0.13
502,0.03,0.06,0.09,0.03,0.09
503,0.01,0.02,0.03,0.01,0.03
504,0.13,0.28,0.4,0.13,0.4
505,0.12,0.2,0.32,0.12,0.32
506,0.04,0,0.04,0.04,0.04
507,0.28,0.31,0.59,0.28,0.59
508,0.24,0.26,0.51,0.24,0.51
509,0.1,0.11,0.21,0.1,0.21
510,0.05,0.03,0.09,0.05,0.09
511,0.01,0.05,0.06,0.01,0.06
512,0.06,0.12,0.18,0.06,0.18
513,0.06,0.03,0.09,0.06,0.09
514,0.11,0,0.11,0.11,0.11
515,0.14,0.14,0.28,0.09,0.23
516,0.01,0.02,0.03,0.01,0.03
517,0.29,0,0.29,0.29,0.29
518,0.23,0.17,0.41,0.23,0.41
519,0.05,0.16,0.2,0.05,0.2
520,0,0,0,0,0
521,0,0,0,0,0
522,0.02,0,0.02,0.02,0.02
523,0,0.02,0.02,0,0.02
524,0.06,0.12,0.18,0.06,0.18
525,0,0,0,0,0
526,0,0.54,0.54,0,0.54
527,0,0,0,0,0
528,0.02,0,0.02,0.02,0.02
529,0.19,0.14,0.33,0.19,0.33
530,0.06,0.22,0.28,0.06,0.28
531,0.01,0.11,0.12,0.01,0.12
532,0.01,0.03,0.04,0.01,0.04
533,0.03,0,0.04,0.03,0.04
534,0.06,0.09,0.15,0.06,0.15
535,0.04,0.03,0.07,0.04,0.07
536,0.06,0.11,0.17,0.06,0.17
537,0.23,0.08,0.31,0.23,0.31
538,0.05,0,0.05,0.05,0.05
539,0,0,0,0,0
540,0.58,0,0.58,0.58,0.58
541,0,0,0,0,0
542,0.21,0.34,0.55,0.21,0.55
543,0.03,0,0.04,0.03,0.04
544,0.4,0.02,0.42,0.4,0.42
545,0,0,0,0,0
546,0,0.47,0.47,0,0.47
547,0.03,0.04,0.08,0.03,0.08
548,0.05,0,0.05,0.05,0.05
549,0.03,0.06,0.09,0.03,0.09
550,0,0.9,0.9,0,0.9
551,0.03,0.07,0.1,0.03,0.1
552,0,0,0,0,0
553,0.11,0,0.11,0.11,0.11
554,0.01,0.11,0.12,0.01,0.12
555,0.44,0.11,0.54,0.44,0.54
556,0.26,0.1,0.36,0.26,0.36
557,0.02,0.02,0.04,0.02,0.04
558,0.11,0.14,0.25,0.11,0.25
559,0.09,0.13,0.22,0.09,0.22
560,0.29,0.21,0.5,0.28,0.49
561,0.39,0.09,0.48,0.36,0.46
562,0.02,0.08,0.09,0.02,0.09
563,0,0,0,0,0
564,0.04,0.06,0.1,0.04,0.1
565,0,0,0,0,0
566,0.01,0.12,0.14,0.01,0.14
567,0.14,0,0.14,0.14,0.14
568,0.43,0.07,0.49,0.43,0.49
569,0.6,0.14,0.74,0.27,0.41
570,0,0.05,0.05,0,0.05
571,0.04,0.19,0.23,0.04,0.23
572,0.16,0.07,0.23,0.16,0.23
573,0.02,0.08,0.09,0.02,0.09
574,0,0,0,0,0
575,0,0,0,0,0
576,0.04,0.14,0.17,0.04,0.17
577,0.26,0.05,0.31,0.19,0.24
578,0.04,0.07,0.1,0.04,0.1
579,0.06,0.06,0.12,0.06,0.12
580,0.03,0,0.03,0.03,0.03
581,0.19,0.11,0.3,0.19,0.3
582,0,0,0,0,0
583,0.53,0.12,0.65,0.53,0.65
584,0.02,0.03,0.05,0.02,0.05
585,0,0.01,0.01,0,0.01
586,0,0,0,0,0
587,0.03,0.17,0.19,0.03,0.19
588,0.05,0.02,0.07,0.01,0.03
589,0.09,0.04,0.13,0.09,0.13
590,0,0.52,0.52,0,0.52
591,0,0.02,0.02,0,0.02
592,0.08,0.3,0.38,0.05,0.35
593,0.02,0.03,0.04,0.02,0.04
594,0,0,0,0,0
595,0.16,0.07,0.23,0.16,0.23
596,0.05,0.08,0.13,0.05,0.13
597,0.08,0.06,0.14,0.08,0.14
598,0,0,0,0,0
599,0.34,0.21,0.55,0.24,0.45
600,0.02,0,0.02,0.02,0.02
601,0.61,0,0.61,0.61,0.61
602,0.09,0,0.09,0.09,0.09
603,0.46,0.14,0.6,0.46,0.6
604,0.04,0.03,0.08,0.04,0.08
605,0.06,0,0.06,0.06,0.06
606,0.02,0.02,0.04,0.02,0.04
607,0.17,0.01,0.18,0.17,0.18
608,0.06,0.02,0.08,0.06,0.08
609,0.09,0.03,0.12,0.09,0.12
610,0.46,0.09,0.55,0.39,0.48
611,0.02,0.07,0.09,0.02,0.09
612,0,0,0,0,0
613,0.04,0.08,0.12,0.04,0.12
614,0,0,0,0,0
615,0.12,0.05,0.18,0.12,0.18
616,0.06,0.1,0.16,0.06,0.16
617,0.12,0.14,0.26,0.12,0.26
618,0.05,0.02,0.06,0.05,0.06
619,0.04,0.11,0.14,0.04,0.14
620,0.02,0,0.02,0.02,0.02
621,0,0.05,0.05,0,0.05
622,0.07,0.02,0.09,0.07,0.09
623,0.03,0.05,0.07,0.03,0.07
624,0.03,0.01,0.04,0.03,0.04
625,0.01,0.02,0.03,0.01,0.03
626,0.07,0.27,0.34,0.07,0.34
627,0,0,0,0,0
628,0.1,0.12,0.21,0.1,0.21
629,0,0.02,0.02,0,0.02
630,0.38,0.12,0.5,0.38,0.5
631,0.01,0.04,0.05,0.01,0.05
632,0.01,0.04,0.06,0.01,0.06
633,0.01,0.06,0.07,0.01,0.07
634,0.34,0.16,0.49,0.34,0.49
635,0,0,0,0,0
636,0.06,0,0.07,0.06,0.07
637,0.08,0,0.08,0.08,0.08
638,0.44,0.46,0.9,0.34,0.79
639,0.03,0,0.03,0.03,0.03
640,0.18,0.28,0.47,0.12,0.4
641,0.11,0,0.11,0.11,0.11
642,0.01,0.09,0.1,0.01,0.1
643,0.1,0.04,0.13,0.1,0.13
644,0,0.08,0.08,0,0.08
645,0.05,0.05,0.1,0.05,0.1
646,0.11,0.07,0.18,0.11,0.18
647,0.19,0.09,0.28,0.19,0.28
648,0.05,0.1,0.15,0.05,0.15
649,0.02,0.05,0.08,0.02,0.08
650,0.17,0.3,0.47,0.17,0.47
651,0,0,0,0,0
652,0.06,0.04,0.1,0.06,0.1
653,0.03,0.01,0.04,0.03,0.04
654,0.06,0,0.06,0.06,0.06
655,0.02,0.16,0.18,0.02,0.18
656,0,0,0,0,0
657,0.03,0,0.03,0.03,0.03
658,0.39,0.21,0.61,0.37,0.58
659,0.01,0.03,0.04,0.01,0.04
660,0.92,0.02,0.95,0.92,0.95
661,0.51,0.09,0.59,0.51,0.59
662,0.29,0.25,0.54,0.29,0.54
663,0.07,0.01,0.07,0.07,0.07
664,0.12,0.13,0.26,0.12,0.26
665,0.28,0.19,0.47,0.28,0.47
666,0.08,0.09,0.17,0.08,0.17
667,0.02,0,0.02,0.02,0.02
668,0.12,0.03,0.14,0.12,0.14
669,0.31,0.1,0.4,0.31,0.4
670,0.1,0.22,0.33,0.1,0.33
671,0,0,0,0,0
672,0.02,0.03,0.05,0.02,0.05
673,0.18,0.07,0.25,0.18,0.25
674,0,0.07,0.07,0,0.07
675,0.55,0.42,0.97,0.36,0.78
676,0,0,0,0,0
677,0.02,0.01,0.03,0.02,0.03
678,0,0,0,0,0
679,0,0,0,0,0
680,0.12,0.12,0.24,0.12,0.24
681,0.38,0.04,0.42,0.38,0.42
682,0.19,0.16,0.35,0.19,0.35
683,0.18,0.16,0.34,0.18,0.34
684,0.05,0.18,0.24,0.05,0.24
685,0.28,0.02,0.3,0.28,0.3
686,0.08,0,0.08,0.08,0.08
687,0.11,0.13,0.24,0.11,0.24
688,0.25,0.52,0.76,0.25,0.76
689,0,0.12,0.12,0,0.12
690,0.19,0.01,0.2,0.19,0.2
691,0.41,0.05,0.46,0.29,0.34
692,1.69,0.53,2.22,1.69,2.22
693,0.21,0.26,0.47,0.21,0.47
694,0.38,0.13,0.51,0.38,0.51
695,0.05,0,0.05,0.05,0.05
696,0.02,0.03,0.04,0.02,0.04
697,0.02,0.26,0.29,0.02,0.29
698,0.2,0.54,0.73,0.2,0.73
699,0.28,0.12,0.4,0.25,0.37
700,0.24,0.21,0.45,0.24,0.45
701,0.05,0.05,0.1,0.05,0.1
702,0,0.08,0.08,0,0.08
703,0,0,0,0,0
704,0.09,0.01,0.1,0.09,0.1
705,0.05,0.14,0.19,0.05,0.19
706,0.23,0.31,0.54,0.23,0.54
707,0.27,0.23,0.5,0.27,0.5
708,0.07,0,0.08,0.07,0.08
709,0.12,0.02,0.14,0.12,0.14
710,0.15,0.08,0.24,0.15,0.24
711,0.24,0.12,0.36,0.24,0.36
712,0.03,0.03,0.06,0.03,0.06
713,0.29,0.28,0.58,0.29,0.58
714,0.03,0,0.03,0.03,0.03
715,0,0,0,0,0
716,0.02,0.18,0.2,0.02,0.2
717,0.08,0,0.08,0.08,0.08
718,0,0.01,0.02,0,0.02
719,0.13,0.06,0.2,0.13,0.2
720,0.08,0.23,0.31,0.08,0.31
721,0,0,0,0,0
722,0.37,0.08,0.45,0.37,0.45
723,0.08,0.02,0.1,0.08,0.1
724,0.22,0.07,0.29,0.18,0.25
725,0.02,0,0.02,0.02,0.02
726,0.07,0.04,0.12,0.07,0.12
727,0.19,0.1,0.3,0.19,0.3
728,0,0,0,0,0
729,0,0,0,0,0
730,0,0,0,0,0
731,0.1,0.02,0.12,0.1,0.12
732,0,0.02,0.02,0,0.02
733,0.01,0,0.01,0.01,0.01
734,0.07,0.04,0.11,0.07,0.11
735,0.03,0.01,0.04,0.03,0.04
736,0.06,0.02,0.08,0.06,0.08
737,0.07,0.07,0.15,0.07,0.15
738,0.05,0.01,0.06,0,0.02
739,0.17,0.11,0.28,0.16,0.27
740,0.08,0.05,0.13,0.08,0.13
741,0.03,0.06,0.09,0.03,0.09
742,0.14,0.14,0.29,0.14,0.29
743,0.35,0.05,0.41,0.28,0.34
744,0.02,0.04,0.07,0.02,0.07
745,0,0,0,0,0
746,0.03,0.02,0.05,0.03,0.05
747,0.1,0.16,0.27,0.1,0.27
748,0,0,0,0,0
749,0,0.05,0.05,0,0.05
750,0.02,0,0.02,0.02,0.02
751,0,0,0,0,0
752,0.05,0,0.05,0.05,0.05
753,0.47,0.25,0.73,0.39,0.64
754,0.03,0,0.03,0.03,0.03
755,0.08,0.08,0.16,0.08,0.16
756,0.04,0.06,0.1,0.04,0.1
757,0.05,0.13,0.17,0.05,0.17
758,0,0,0,0,0
759,0,0.08,0.08,0,0.08
760,0.04,0,0.05,0.04,0.05
761,0.06,0.12,0.19,0.06,0.19
762,0.02,0.11,0.13,0.02,0.13
763,0.02,0.03,0.06,0.02,0.06
764,0,0,0,0,0
765,0.05,0,0.05,0.05,0.05
766,0,0,0,0,0
767,0.01,0.02,0.03,0.01,0.03
768,0.18,0.23,0.42,0.18,0.42
769,0.2,0.12,0.32,0.2,0.32
770,0,0,0,0,0
771,0.05,0.04,0.09,0.05,0.09
772,0,0,0,0,0
773,0.05,0.01,0.06,0.05,0.06
774,0.05,0.08,0.13,0.05,0.13
775,0.03,0.18,0.21,0.03,0.21
776,0,0,0,0,0
777,0.21,0.14,0.35,0.1,0.24
778,0,0,0,0,0
779,0.13,0.15,0.28,0.13,0.28
780,0.02,0.04,0.06,0.02,0.06
781,0.01,0.02,0.03,0.01,0.03
782,0.02,0.09,0.11,0.02,0.11
783,0.08,0.03,0.1,0.08,0.1
784,0.14,0.04,0.17,0.14,0.17
785,0.1,0.13,0.23,0.1,0.23
786,0.22,0.09,0.31,0.22,0.31
787,0.03,0.02,0.05,0.03,0.05
788,0.36,0.23,0.59,0.36,0.59
789,0.64,0.12,0.76,0.6,0.72
790,0.16,0.08,0.24,0.16,0.24
791,0,0.94,0.94,0,0.94
792,0,0.21,0.21,0,0.21
793,0.04,0,0.04,0.04,0.04
794,0.29,0.3,0.59,0.29,0.59
795,0,0.01,0.01,0,0.01
796,0.11,0,0.11,0.11,0.11
797,0.02,0.01,0.03,0.02,0.03
798,0,0.09,0.09,0,0.09
799,0.03,0.1,0.13,0.03,0.13
800,0,0,0,0,0
801,0.04,0.06,0.1,0.04,0.1
802,0.03,0.03,0.06,0.03,0.06
803,0.18,0.04,0.21,0.18,0.21
804,0.16,0.02,0.18,0.16,0.18
805,0.2,0.17,0.37,0.2,0.37
806,0.22,0.08,0.3,0.22,0.3
807,0.05,0.07,0.12,0.05,0.12
808,0.03,0.01,0.04,0.03,0.04
809,0.01,0.01,0.02,0.01,0.02
810,0.07,0.01,0.08,0.07,0.08
811,0.04,0.02,0.06,0.04,0.06
812,0.33,0.12,0.46,0.33,0.46
813,0.44,0.06,0.5,0.44,0.5
814,0.04,0.07,0.1,0.04,0.1
815,0,0,0,0,0
816,0.33,0.02,0.35,0.33,0.35
817,0.03,0,0.03,0.03,0.03
818,0.58,0.05,0.63,0.58,0.63
819,0.23,0.22,0.45,0.23,0.45
820,0.07,0.06,0.13,0.07,0.13
821,0.37,0.06,0.43,0.32,0.38
822,0.11,0.17,0.28,0.11,0.28
823,0.07,0.03,0.09,0.07,0.09
824,0,0.11,0.11,0,0.11
825,0.08,0,0.08,0.08,0.08
826,0,0,0,0,0
827,0.14,0.13,0.28,0.14,0.28
828,0.03,0.08,0.12,0.03,0.12
829,0.01,0.04,0.05,0.01,0.05
830,0.01,0.03,0.04,0.01,0.04
831,0.09,0.1,0.18,0.09,0.18
832,0.04,0.1,0.14,0.04,0.14
833,0,0.05,0.05,0,0.05
834,0.05,0.02,0.07,0.05,0.07
835,0.06,0.01,0.07,0.06,0.07
836,0.12,0.1,0.22,0.07,0.17
837,0.27,0.06,0.33,0.27,0.33
838,0.08,0.1,0.18,0.08,0.18
839,0,0,0,0,0
840,0,0,0,0,0
841,0.02,0.01,0.03,0.02,0.03
842,0.02,0.03,0.05,0.02,0.05
843,0.31,0.3,0.62,0.16,0.46
844,0.07,0,0.07,0.07,0.07
845,0,0.06,0.06,0,0.06
846,0.02,0,0.03,0.02,0.03
847,0,0,0,0,0
848,0,0,0.01,0,0.01
849,0.22,0.18,0.4,0.2,0.37
850,0.02,0.02,0.05,0.02,0.05
851,0.09,0.33,0.41,0.09,0.41
852,0.09,0.04,0.14,0.09,0.14
853,0.27,0,0.27,0.27,0.27
854,0.03,0.17,0.2,0.03,0.2
855,0.13,0.12,0.25,0.13,0.25
856,0.07,0.12,0.19,0.05,0.17
857,0.2,0.18,0.38,0.2,0.38
858,0,0,0,0,0
859,0,0,0,0,0
860,0.37,0.29,0.66,0.37,0.66
861,0.04,0.19,0.24,0.04,0.24
862,0.49,0.03,0.52,0.49,0.52
863,0.03,0,0.03,0.03,0.03
864,0.26,0.18,0.44,0.18,0.36
865,0.04,0.01,0.05,0.04,0.05
866,0.02,0.02,0.04,0.02,0.04
867,0.04,0.01,0.05,0.04,0.05
868,0.29,0.22,0.51,0.2,0.42
869,0.16,0.18,0.34,0.13,0.31
870,0.45,0.32,0.77,0.23,0.55
871,0.07,0.1,0.17,0.07,0.17
872,0,0,0,0,0
873,0.15,0.08,0.23,0.08,0.16
874,0,0,0,0,0
875,0,0,0,0,0
876,0,0,0,0,0
877,0.09,0.06,0.14,0.09,0.14
878,0.26,0.15,0.41,0.26,0.41
879,0.01,0.01,0.03,0.01,0.03
880,0.05,0.01,0.07,0.05,0.07
881,0.06,0.07,0.13,0.06,0.13
882,0.02,0.12,0.14,0.02,0.14
883,0,0.04,0.04,0,0.04
884,0.07,0.19,0.26,0.07,0.26
885,,,,,
886,0.43,0,0.43,0.43,0.43
887,0.01,0.05,0.06,0.01,0.06
888,0,0,0,0,0
889,0.16,0.19,0.35,0.07,0.26
890,0,0,0,0,0
891,0.51,0.24,0.75,0.26,0.5
892,0.4,0.2,0.6,0.4,0.6
893,0.26,0.21,0.47,0.26,0.47
894,0.03,0.09,0.12,0.03,0.12
895,0,0,0,0,0
896,0.12,0,0.12,0.12,0.12
897,0.12,0,0.12,0.12,0.12
898,0.13,0.12,0.24,0.13,0.24
899,0,0,0,0,0
900,0.31,0.23,0.54,0.31,0.54
901,0.03,0,0.03,0.03,0.03
902,0.12,0.09,0.22,0.12,0.22
903,0.04,0.01,0.05,0.04,0.05
904,0.06,0,0.06,0.06,0.06
905,0.06,0.07,0.14,0.06,0.14
906,0.01,0.05,0.05,0.01,0.05
907,0,0,0,0,0
908,0.09,0.04,0.13,0.09,0.13
909,0.04,0,0.04,0.04,0.04
910,0.08,0,0.08,0.08,0.08
911,0.03,0.01,0.04,0.03,0.04
912,0.19,0.22,0.42,0.19,0.42
913,0.23,0.09,0.32,0.23,0.32
914,0.34,0.31,0.65,0.21,0.52
915,0,0,0,0,0
916,0.25,0.16,0.41,0.19,0.35
917,0.02,0.01,0.03,0.02,0.03
918,0,0,0,0,0
919,0.03,0.31,0.34,0.03,0.34
920,0.05,0.03,0.08,0.05,0.08
921,0,0.03,0.03,0,0.03
922,0.01,0.06,0.07,0.01,0.07
923,0.01,0.02,0.02,0.01,0.02
924,0.03,0.16,0.19,0.03,0.19
925,0,0.12,0.12,0,0.12
926,0,0,0,0,0
927,0.09,0.2,0.29,0.09,0.29
928,0.07,0.1,0.17,0.07,0.17
929,0.05,0.19,0.24,0.05,0.24
930,0.07,0.09,0.17,0.07,0.17
931,0.02,0.02,0.04,0.02,0.04
932,0.04,0.02,0.06,0.04,0.06
933,0.02,0.13,0.15,0.02,0.15
934,0.13,0.22,0.35,0.13,0.35
935,0.01,0,0.01,0.01,0.01
936,0.18,0.15,0.33,0.15,0.31
937,0.62,0.02,0.64,0.46,0.49
938,0.15,0,0.15,0.15,0.15
939,0.06,0.06,0.13,0.06,0.13
940,0,0,0,0,0
941,0,0.02,0.02,0,0.02
942,0.1,0.01,0.11,0.1,0.11
943,0.37,0.18,0.56,0.3,0.48
944,0.2,0.21,0.41,0.2,0.41
945,0.09,0.09,0.18,0.09,0.18
946,0.11,0.05,0.16,0.11,0.16
947,0.29,0.03,0.32,0.29,0.32
948,0.45,0.04,0.49,0.29,0.33
949,0.01,0.09,0.1,0.01,0.1
950,0.06,0.06,0.12,0.06,0.12
951,0.16,0.07,0.24,0.16,0.24
952,0.29,0.1,0.38,0.29,0.38
953,0.04,0.03,0.07,0.04,0.07
954,0.48,0.07,0.56,0.48,0.56
955,0.07,0.17,0.24,0.07,0.24
956,0.1,0.1,0.2,0.1,0.2
957,0.02,0.02,0.04,0.02,0.04
958,0.04,0.01,0.05,0.04,0.05
959,0.03,0.02,0.05,0.03,0.05
960,0.06,0.02,0.08,0.06,0.08
961,0.02,0.04,0.07,0.02,0.07
962,0.33,0.07,0.4,0.21,0.28
963,0.11,0.17,0.28,0.09,0.26
964,0,0,0,0,0
965,0.04,0.02,0.05,0.04,0.05
966,0.04,0.08,0.12,0.04,0.12
967,0,0,0,0,0
968,0.36,0.09,0.45,0.36,0.45
969,0,0.01,0.01,0,0.01
970,0,0,0,0,0
971,0.28,0.06,0.34,0.28,0.34
972,0,0,0,0,0
973,0.26,0.08,0.34,0.26,0.34
974,0.04,0.04,0.08,0.04,0.08
975,0,0,0,0,0
976,0.04,0.23,0.26,0.04,0.26
977,0.03,0.09,0.12,0.03,0.12
978,0.18,0.16,0.34,0.18,0.34
979,0.19,0.01,0.19,0.19,0.19
980,0.19,0.11,0.3,0.19,0.3
981,0.31,0.04,0.35,0.31,0.35
982,0.33,0,0.33,0.33,0.33
983,0.45,0.13,0.58,0.28,0.41
984,0.04,0.12,0.16,0.04,0.16
985,0.03,0.12,0.14,0.03,0.14
986,0.01,0.03,0.04,0.01,0.04
987,0.21,0.13,0.34,0.21,0.34
988,0.02,0.07,0.09,0.02,0.09
989,0,0,0,0,0
990,0,0,0,0,0
991,0.01,0.04,0.06,0.01,0.06
992,0.31,0.01,0.32,0.31,0.32
993,0.18,0.13,0.3,0.18,0.3
994,0.06,0.06,0.12,0.06,0.12
995,0.04,0,0.04,0.04,0.04
996,0.58,0.09,0.66,0.58,0.66
997,0.74,0.14,0.88,0.74,0.88
998,0.09,0.03,0.12,0.09,0.12
999,0.44,0.25,0.69,0.44,0.69
1000,0.03,0.02,0.05,0.03,0.05
1001,0.03,0.02,0.04,0.03,0.04
1002,0.09,0.28,0.37,0.09,0.37
1003,0.16,0.06,0.22,0.16,0.22
1004,0.02,0.05,0.07,0.02,0.07
1005,0.05,0.01,0.06,0.02,0.03
1006,0,0,0,0,0
1007,0.23,0.41,0.64,0.23,0.64
1008,0,0,0,0,0
1009,0.03,0.05,0.08,0.03,0.08
1010,0.17,0.06,0.23,0.17,0.23
1011,0.04,0.14,0.18,0.04,0.18
1012,0,0,0,0,0
1013,0.23,0.03,0.26,0.23,0.26
1014,0.15,0.09,0.24,0.12,0.21
1015,0.3,0.19,0.5,0.3,0.5
1016,0.12,0.11,0.22,0.12,0.22
1017,0,0,0,0,0
1018,0.07,0.14,0.21,0.07,0.21
1019,0,0,0,0,0
1020,0,0,0,0,0
1021,0.01,0.03,0.04,0.01,0.04
1022,0.4,0.12,0.53,0.26,0.38
1023,0.03,0.01,0.04,0.03,0.04
1024,0.01,0,0.01,0.01,0.01
1025,0.04,0,0.04,0.04,0.04
1026,0.78,0.19,0.97,0.5,0.69
1027,0.02,0.02,0.04,0.02,0.04
1028,0,0.07,0.07,0,0.07
1029,0,0.03,0.03,0,0.03
1030,0.21,0.14,0.35,0.21,0.35
1031,0.02,0.09,0.11,0.02,0.11
1032,0.24,0.14,0.38,0.24,0.38
1033,0.46,0.17,0.63,0.36,0.54
1034,0.01,0.01,0.02,0.01,0.02
1035,0,0.02,0.02,0,0.02
1036,0.17,0,0.17,0.17,0.17
1037,0.05,0.03,0.08,0.05,0.08
1038,0.04,0.01,0.05,0.04,0.05
1039,0.43,0,0.43,0.43,0.43
1040,0.24,0.17,0.4,0.24,0.4
1041,0.54,0.05,0.58,0.32,0.37
1042,0.18,0.35,0.53,0.18,0.53
1043,0,0,0,0,0
1044,0.37,0.09,0.45,0.37,0.45
1045,0.11,0.14,0.25,0.11,0.25
1046,0.21,0.25,0.46,0.15,0.4
1047,0.04,0,0.05,0.04,0.05
1048,0.48,0.19,0.67,0.43,0.62
1049,0.31,0.24,0.55,0.19,0.43
1050,0,0,0,0,0
1051,0.1,0.08,0.18,0.1,0.18
1052,0.03,0.03,0.06,0.03,0.06
1053,0.2,0.2,0.4,0.09,0.29
1054,0.06,0.07,0.13,0.06,0.13
1055,0,0,0,0,0
1056,0.01,0.03,0.04,0.01,0.04
1057,0,0,0,0,0
1058,0.02,0.04,0.06,0.02,0.06
1059,0.25,0.08,0.33,0.18,0.25
1060,0.02,0,0.02,0.02,0.02
1061,0.14,0.14,0.28,0.14,0.28
1062,0.05,0.07,0.12,0.05,0.12
1063,0.16,0.28,0.44,0.16,0.44
1064,0.29,0,0.29,0.29,0.29
1065,0.02,0,0.02,0.02,0.02
1066,0.02,0.03,0.06,0.02,0.06
1067,0.3,0.13,0.44,0.3,0.44
1068,0.06,0.06,0.12,0.06,0.12
1069,0.48,0.01,0.49,0.48,0.49
1070,0.04,0.02,0.06,0.04,0.06
1071,0.05,0.1,0.15,0.05,0.15
1072,0.02,0,0.02,0.02,0.02
1073,0.12,0.09,0.21,0.08,0.17
1074,0.41,0.16,0.57,0.37,0.53
1075,0,0,0,0,0
1076,0.05,0,0.05,0.05,0.05
1077,0.05,0.03,0.08,0.05,0.08
1078,0.4,0.2,0.6,0.33,0.53
1079,0.03,0.17,0.2,0.03,0.2
1080,0.01,0.02,0.03,0.01,0.03
1081,0.08,0.08,0.16,0.08,0.16
1082,0,0,0,0,0
1083,0.05,0.02,0.07,0.05,0.07
1084,0.07,0,0.08,0.07,0.08
1085,0,0.06,0.06,0,0.06
1086,0.2,0.13,0.34,0.2,0.34
1087,0.89,0.2,1.09,0.77,0.97
1088,0.2,0.01,0.2,0.2,0.2
1089,0.02,0.03,0.05,0.02,0.05
1090,1.16,0,1.16,1.16,1.16
1091,0.37,0.17,0.55,0.37,0.55
1092,0.24,0.08,0.32,0.24,0.32
1093,0.21,0.12,0.33,0.21,0.33
1094,0.1,0.1,0.2,0.1,0.2
1095,0.16,0.23,0.38,0.16,0.38
1096,0.28,0.12,0.4,0.28,0.4
1097,0.1,0.14,0.24,0.06,0.2
1098,0.45,0.07,0.52,0.37,0.44
1099,0.23,0.16,0.39,0.22,0.37
1100,0,0,0,0,0
1101,0.25,0.24,0.49,0.25,0.49
1102,0.06,0.21,0.27,0.06,0.27
1103,0.12,0,0.12,0.12,0.12
1104,0.21,0.22,0.43,0.21,0.43
1105,0.06,0.07,0.13,0.06,0.13
1106,0.01,0.01,0.01,0.01,0.01
1107,0.16,0.08,0.24,0.16,0.24
1108,0.17,0,0.17,0.17,0.17
1109,0.37,0.09,0.46,0.37,0.46
1110,0.02,0.02,0.04,0.02,0.04
1111,0.27,0.14,0.4,0.27,0.4
1112,0.08,0.39,0.47,0.08,0.47
1113,0.24,0.12,0.35,0.24,0.35
1114,0.03,0.01,0.04,0.03,0.04
1115,0.31,0.17,0.48,0.31,0.48
1116,0,0,0,0,0
1117,0.02,0.02,0.04,0.02,0.04
1118,0,0,0,0,0
1119,0.09,0.07,0.16,0.09,0.16
1120,0.07,0.05,0.11,0.07,0.11
1121,0.04,0.09,0.14,0.04,0.14
1122,0.03,0.12,0.15,0.03,0.15
1123,0.12,0.01,0.13,0.12,0.13
1124,0.02,0.24,0.26,0.02,0.26
1125,0.04,0,0.04,0.04,0.04
1126,0.01,0.01,0.03,0.01,0.03
1127,0.04,0.02,0.06,0.04,0.06
1128,0,0.02,0.03,0,0.03
1129,0.05,0.07,0.11,0.05,0.11
1130,0.25,0.14,0.39,0.25,0.39
1131,0.11,0.16,0.27,0.11,0.27
1132,0.13,0.11,0.24,0.1,0.21
1133,0.06,0.13,0.19,0.06,0.19
1134,0.03,0.04,0.08,0.03,0.08
1135,0,0,0,0,0
1136,0.07,0.04,0.12,0.07,0.12
1137,0.26,0.17,0.44,0.26,0.44
1138,0.04,0.25,0.29,0.04,0.29
1139,0.03,0.06,0.09,0.03,0.09
1140,0.3,0.26,0.55,0.27,0.53
1141,0.01,0.04,0.05,0.01,0.05
1142,0.05,0.01,0.05,0.05,0.05
1143,0.07,0.03,0.1,0.07,0.1
1144,0,0,0,0,0
1145,0.01,0.01,0.02,0.01,0.02
1146,0.01,0.03,0.05,0.01,0.05
1147,0.05,0.05,0.1,0.05,0.1
1148,0.24,0.27,0.52,0.13,0.4
1149,0,0,0,0,0
1150,0.04,0.01,0.05,0.04,0.05
1151,0.32,0.13,0.45,0.32,0.45
1152,0.03,0.03,0.06,0.03,0.06
1153,0.05,0.02,0.07,0.05,0.07
1154,0.13,0.25,0.38,0.13,0.38
1155,0.24,0.05,0.29,0.24,0.29
1156,0.01,0.08,0.09,0.01,0.09
1157,0,0,0,0,0
1158,0.36,0,0.36,0.36,0.36
1159,0.2,0.32,0.52,0.2,0.52
1160,0,0,0,0,0
1161,0.1,0.14,0.24,0.1,0.24
1162,0.01,0,0.01,0.01,0.01
1163,0.12,0.26,0.38,0.12,0.38
1164,0,0,0,0,0
1165,0.11,0.03,0.14,0.11,0.14
1166,0.65,0.09,0.74,0.65,0.74
1167,0.52,0.07,0.59,0.38,0.45
1168,0.01,0.08,0.09,0.01,0.09
1169,0.03,0.05,0.08,0.03,0.08
1170,0.01,0,0.01,0.01,0.01
1171,0.05,0.06,0.12,0.05,0.12
1172,0.03,0.02,0.05,0.03,0.05
1173,0.31,0.02,0.34,0.31,0.34
1174,0.02,0.02,0.03,0.02,0.03
1175,0.01,0.04,0.04,0.01,0.04
1176,0.98,0.09,1.07,0.73,0.82
1177,0.8,0.26,1.06,0.73,0.99
1178,0.96,0,0.96,0.96,0.96
1179,0.17,0.07,0.25,0.17,0.25
1180,0,0,0,0,0
1181,0.02,0.05,0.06,0.02,0.06
1182,0.49,0.03,0.52,0.25,0.28
1183,0.01,0.01,0.03,0.01,0.03
1184,0.48,0.18,0.66,0.43,0.62
1185,0.18,0.1,0.28,0.14,0.25
1186,0.15,0.11,0.26,0.15,0.26
1187,0.19,0.14,0.33,0.19,0.33
1188,0.05,0.04,0.09,0.05,0.09
1189,0.33,0.46,0.79,0.24,0.7
1190,0,0.01,0.01,0,0.01
1191,0.07,0.01,0.08,0.07,0.08
1192,0.63,0.21,0.84,0.44,0.65
1193,0.09,0.07,0.16,0.09,0.16
1194,0.09,0.15,0.24,0.09,0.24
1195,0.34,0.11,0.45,0.28,0.39
1196,0.19,0.09,0.28,0.16,0.25
1197,0.51,0.26,0.77,0.31,0.58
1198,0.2,0.2,0.4,0.2,0.4
1199,0.01,0,0.01,0.01,0.01
1200,0.12,0.09,0.21,0.12,0.21
1201,0.05,0.01,0.06,0.05,0.06
1202,0.6,0.09,0.68,0.57,0.66
1203,0.18,0.17,0.35,0.18,0.35
1204,0.03,0,0.03,0.03,0.03
1205,0.06,0.01,0.07,0.06,0.07
1206,0.06,0.11,0.17,0.06,0.17
1207,0.06,0.07,0.12,0.06,0.12
1208,0.12,0,0.12,0.12,0.12
1209,0.06,0.02,0.08,0.06,0.08
1210,0,0,0,0,0
1211,0.28,0.54,0.82,0.28,0.82
1212,0,0,0,0,0
1213,0.1,0.1,0.21,0.1,0.21
1214,0.23,0.12,0.34,0.23,0.34
1215,0.06,0.12,0.18,0.06,0.18
1216,0,0,0,0,0
1217,0.03,0.03,0.06,0.03,0.06
1218,0.19,0.12,0.31,0.19,0.31
1219,0.07,0,0.07,0.07,0.07
1220,0.45,0.39,0.85,0.25,0.64
1221,0,0,0,0,0
1222,0.03,0.12,0.16,0.03,0.16
1223,0.36,0.07,0.43,0.36,0.43
1224,0.2,0.07,0.27,0.2,0.27
1225,0.5,0.01,0.51,0.5,0.51
1226,0.02,0,0.02,0.02,0.02
1227,0.06,0.25,0.31,0.06,0.31
1228,0,0,0,0,0
1229,0.38,0.15,0.53,0.38,0.53
1230,0,0,0,0,0
1231,0.26,0.08,0.34,0.26,0.34
1232,0.07,0.18,0.24,0.07,0.24
1233,0.18,0,0.18,0.18,0.18
1234,0.27,0.1,0.37,0.23,0.33
1235,0.02,0.15,0.17,0.02,0.17
1236,0.06,0.04,0.1,0.06,0.1
1237,0,0.01,0.01,0,0.01
1238,0.11,0.12,0.23,0.11,0.23
1239,0.16,0.16,0.31,0.16,0.31
1240,0.27,0.08,0.35,0.27,0.35
1241,0.07,0.24,0.31,0.07,0.31
1242,0.05,0.11,0.16,0.05,0.16
1243,0.31,0.09,0.41,0.01,0.1
1244,0.08,0.07,0.15,0.08,0.15
1245,0.15,0.05,0.2,0.15,0.2
1246,0.56,0.11,0.67,0.46,0.58
1247,0.41,0.09,0.5,0.32,0.41
1248,0.01,0.03,0.04,0.01,0.04
1249,,,,,
1250,0.06,0.12,0.18,0.06,0.18
1251,0.53,0.13,0.66,0.53,0.66
1252,0.62,0.1,0.72,0.49,0.59
1253,0.67,0.08,0.75,0.67,0.75
1254,0.28,0.06,0.34,0.28,0.34
1255,0.45,0.01,0.46,0.45,0.46
1256,0.22,0.18,0.4,0.22,0.4
1257,0.3,0.14,0.44,0.3,0.44
1258,0.07,0.07,0.14,0.07,0.14
1259,0.04,0,0.04,0.04,0.04
1260,0.03,0.06,0.09,0.03,0.09
1261,0.01,0.02,0.03,0.01,0.03
1262,0.07,0.01,0.09,0.07,0.09
1263,0.27,0.18,0.45,0.2,0.37
1264,0.07,0.18,0.25,0.07,0.25
1265,0.46,0.16,0.62,0.46,0.62
1266,0.05,0.01,0.06,0.05,0.06
1267,0.12,0.21,0.32,0.12,0.32
1268,0.43,0.24,0.67,0.17,0.41
1269,0.38,0.15,0.53,0.38,0.53
1270,0.47,0.11,0.58,0.47,0.58
1271,0.44,0.14,0.58,0.44,0.58
1272,0.34,0.03,0.36,0.34,0.36
1273,0.28,0.08,0.36,0.28,0.36
1274,0.14,0.04,0.19,0.14,0.19
1275,0.08,0.05,0.13,0.08,0.13
1276,0.21,0.28,0.5,0.21,0.5
1277,0.11,0.11,0.22,0.11,0.22
1278,0.13,0.12,0.25,0.13,0.25
1279,0,0,0,0,0
1280,0.02,0.03,0.06,0.02,0.06
1281,0.03,0.07,0.1,0.03,0.1
1282,0,0.1,0.1,0,0.1
1283,0.05,0.09,0.14,0.05,0.14
1284,0.6,0.22,0.81,0.51,0.73
1285,0.18,0,0.18,0.18,0.18
1286,0.09,0.18,0.27,0.09,0.27
1287,0.04,0.05,0.08,0.04,0.08
1288,0,0,0,0,0
1289,0.23,0.14,0.37,0.23,0.37
1290,0,0,0,0,0
1291,0.01,0.01,0.02,0.01,0.02
1292,0,0,0,0,0
1293,0,0,0,0,0
1294,0.03,0.18,0.21,0.03,0.21
1295,0.01,0.1,0.11,0.01,0.11
1296,0,0,0,0,0
1297,0.21,0,0.21,0.21,0.21
1298,0.57,0.05,0.61,0.57,0.61
1299,0.04,0.03,0.07,0.04,0.07
1300,0.22,0,0.22,0.22,0.22
1301,0.04,0.04,0.08,0.04,0.08
1302,5.63,0,5.63,5.63,5.63
1303,0.09,0.14,0.23,0.09,0.23
1304,0.06,0.04,0.1,0.06,0.1
1305,0,0,0,0,0
1306,0,0,0,0,0
1307,0,0,0,0,0
1308,0.04,0.01,0.06,0.04,0.06
1309,0.13,0.16,0.29,0.13,0.29
1310,0,0,0,0,0
1311,0.38,0.08,0.45,0.1,0.18
1312,0,0,0,0,0
1313,0,0,0,0,0
1314,0.12,0.03,0.15,0.12,0.15
1315,0.37,0.11,0.48,0.2,0.31
1316,0.05,0.01,0.06,0.05,0.06
1317,0.01,0.11,0.12,0.01,0.12
1318,0.31,0.06,0.37,0.31,0.37
1319,0.01,0,0.02,0.01,0.02
1320,0.03,0.04,0.07,0.03,0.07
1321,0.1,0.27,0.37,0.1,0.37
1322,0.01,0.01,0.02,0.01,0.02
1323,0.48,0,0.48,0.48,0.48
1324,0.09,0.07,0.16,0.09,0.16
1325,0.05,0.04,0.09,0.05,0.09
1326,0.05,0,0.05,0.05,0.05
1327,0.01,0,0.01,0.01,0.01
1328,0.18,0.46,0.64,0.18,0.64
1329,0.04,0,0.04,0.04,0.04
1330,0.06,0.35,0.41,0.06,0.41
1331,0.13,0.15,0.27,0.07,0.22
1332,0.29,0.09,0.38,0.29,0.38
1333,0.26,0.11,0.38,0.21,0.33
1334,0.05,0.03,0.08,0.05,0.08
1335,0.05,0,0.05,0.05,0.05
1336,0.4,0.14,0.54,0.4,0.54
1337,0,0.03,0.03,0,0.03
1338,0.12,1.23,1.36,0.12,1.36
1339,0.03,0.01,0.04,0.03,0.04
1340,0,0,0,0,0
1341,0.06,0.01,0.08,0.06,0.08
1342,0.03,0.15,0.18,0.03,0.18
1343,0.21,0.03,0.24,0.21,0.24
1344,1.6,0,1.6,0.04,0.04
1345,0.06,0.09,0.15,0.06,0.15
1346,0.19,0.01,0.2,0.19,0.2
1347,0,0,0,0,0
1348,0.06,0.08,0.13,0.06,0.13
1349,0,0,0,0,0
1350,0.03,0.22,0.25,0.03,0.25
1351,0,0,0,0,0
1352,0.02,0.1,0.13,0.02,0.13
1353,0.3,0.18,0.48,0.3,0.48
1354,0.04,0.02,0.05,0.04,0.05
1355,0.01,0.04,0.05,0.01,0.05
1356,0.06,0,0.06,0.06,0.06
1357,0.4,0.06,0.46,0.28,0.35
1358,0.02,0.04,0.07,0.02,0.07
1359,0.01,0,0.01,0.01,0.01
1360,0.06,0,0.06,0.06,0.06
1361,0.34,0.07,0.41,0.34,0.41
1362,0,0,0,0,0
1363,0,0.03,0.03,0,0.03
1364,0.06,0.01,0.07,0.06,0.07
1365,0.04,0.05,0.09,0.04,0.09
1366,0.14,0.41,0.55,0.14,0.55
1367,0.34,0,0.34,0.34,0.34
1368,0.32,0.11,0.43,0.32,0.43
1369,0,0,0,0,0
1370,0.03,0.01,0.04,0.03,0.04
1371,0.06,0.02,0.08,0.06,0.08
1372,0.06,0.01,0.07,0.06,0.07
1373,0.02,0.01,0.03,0.02,0.03
1374,0.05,0.09,0.14,0.05,0.14
1375,0,0,0,0,0
1376,0.01,0.03,0.04,0.01,0.04
1377,0.62,0.18,0.79,0.47,0.65
1378,0.02,0.05,0.07,0.02,0.07
1379,0.08,0.17,0.25,0.08,0.25
1380,0.09,0.28,0.38,0.09,0.38
1381,0.04,0.05,0.09,0.04,0.09
1382,0.09,0.14,0.23,0.09,0.23
1383,0.37,0.25,0.62,0.11,0.36
1384,0.01,0.04,0.04,0.01,0.04
1385,0.41,0.16,0.57,0.41,0.57
1386,0.1,0.09,0.19,0.1,0.19
1387,0.26,0.07,0.33,0.15,0.22
1388,0,0.16,0.16,0,0.16
1389,0.14,0.3,0.44,0.14,0.44
1390,0.06,0.03,0.09,0.06,0.09
1391,0.03,0.15,0.18,0.03,0.18
1392,0.04,0.03,0.06,0.04,0.06
1393,0.12,0.07,0.19,0.12,0.19
1394,0.05,0.12,0.17,0.05,0.17
1395,0.12,0.1,0.23,0.12,0.23
1396,0.21,0.01,0.22,0.21,0.22
1397,0.03,0.09,0.11,0.03,0.11
1398,0.13,0,0.13,0.13,0.13
1399,0.32,0.13,0.46,0.32,0.46
1400,0.46,0.13,0.58,0.35,0.47
1401,0.01,0.01,0.03,0.01,0.03
1402,0.05,0.01,0.07,0.05,0.07
1403,0,0,0,0,0
1404,0.04,0.03,0.07,0.04,0.07
1405,0.41,0,0.41,0.41,0.41
1406,0.08,0.08,0.15,0.08,0.15
1407,0.1,0.09,0.19,0.1,0.19
1408,0.12,0.2,0.32,0.01,0.21
1409,0.14,0.16,0.3,0.14,0.3
1410,0.18,0.12,0.3,0.18,0.3
1411,0.39,0.1,0.49,0.39,0.49
1412,0.06,0.11,0.17,0.06,0.17
1413,0.08,0,0.08,0.08,0.08
1414,0,0,0,0,0
1415,0.18,0.14,0.32,0.18,0.32
1416,0.36,0.14,0.49,0.33,0.46
1417,0.05,0.05,0.1,0.05,0.1
1418,0.01,0.01,0.02,0.01,0.02
1419,0.02,0.03,0.05,0.02,0.05
1420,0,0,0,0,0
1421,0.6,0.05,0.65,0.6,0.65
1422,0.24,0.08,0.32,0.24,0.32
1423,0.05,0,0.06,0.05,0.06
1424,0.03,0.03,0.05,0.03,0.05
1425,0.12,0.04,0.16,0.12,0.16
1426,0.1,0.11,0.21,0.1,0.21
1427,0.18,0.29,0.46,0.18,0.46
1428,0,0.01,0.01,0,0.01
1429,0,0,0,0,0
1430,0.04,0.01,0.04,0.04,0.04
1431,0.15,0.08,0.22,0.15,0.22
1432,0.11,0.15,0.25,0.11,0.25
1433,0.08,0.13,0.21,0.08,0.21
1434,0.19,0.06,0.25,0.19,0.25
1435,0.06,0.22,0.28,0.06,0.28
1436,0.01,0.09,0.1,0.01,0.1
1437,0.01,0,0.01,0.01,0.01
1438,0.07,0,0.07,0.07,0.07
1439,0.09,0.03,0.12,0.09,0.12
1440,0.09,0.01,0.11,0.09,0.11
1441,0.27,0.21,0.48,0.27,0.48
1442,0,0,0,0,0
1443,0.02,0.12,0.13,0.02,0.13
1444,0,0,0,0,0
1445,0,0,0,0,0
1446,0.19,0.06,0.25,0.16,0.21
1447,0.02,0.01,0.03,0.02,0.03
1448,0.06,0.01,0.07,0.06,0.07
1449,0.01,0.06,0.07,0.01,0.07
1450,0.09,0.13,0.22,0.09,0.22
1451,0.05,0.04,0.09,0.05,0.09
1452,0.04,0.05,0.1,0.04,0.1
1453,0.05,0.03,0.08,0.05,0.08
1454,0,0,0,0,0
1455,0.04,0.08,0.12,0.04,0.12
1456,0.12,0.22,0.34,0.12,0.34
1457,0.28,0.04,0.32,0.28,0.32
1458,0.04,0.03,0.07,0.04,0.07
1459,0.02,0.07,0.09,0.02,0.09
1460,0,0,0,0,0
1461,0,0,0,0,0
1462,0.02,0.08,0.1,0.02,0.1
1463,1.16,0.13,1.29,0.9,1.04
1464,0.01,0.08,0.09,0.01,0.09
1465,0.42,0.06,0.48,0.21,0.28
1466,0.16,0,0.16,0.16,0.16
1467,0.14,0.19,0.33,0.06,0.25
1468,0.06,0.01,0.07,0.06,0.07
1469,0.05,0.03,0.07,0.05,0.07
1470,0.3,0.35,0.65,0.3,0.65
1471,0.14,0.13,0.27,0.14,0.27
1472,0.02,0.02,0.05,0.02,0.05
1473,0.04,0.06,0.1,0.04,0.1
1474,0.32,0.09,0.42,0.22,0.31
1475,0.06,0.09,0.15,0.06,0.15
1476,0.09,0.12,0.21,0.09,0.21
1477,0.02,0.02,0.03,0.02,0.03
1478,0.06,0.05,0.1,0.06,0.1
1479,0,0,0,0,0
1480,0.17,0.05,0.22,0.17,0.22
1481,0.25,0.17,0.42,0.25,0.42
1482,0.13,0.16,0.29,0.13,0.29
1483,0,0,0,0,0
1484,0.11,0.12,0.23,0.11,0.23
1485,0,0,0,0,0
1486,0.13,0.11,0.24,0.08,0.19
1487,0.06,0.09,0.15,0.06,0.15
1488,0,0,0,0,0
1489,0.15,0.07,0.21,0.15,0.21
1490,0,0,0,0,0
1491,0.04,0,0.04,0.04,0.04
1492,0.02,0,0.02,0.02,0.02
1493,0,0.02,0.02,0,0.02
1494,0.09,0.07,0.16,0.09,0.16
1495,0.18,0.17,0.35,0.16,0.33
1496,0,0,0,0,0
1497,0.16,0.17,0.33,0.16,0.33
1498,0.01,0.06,0.07,0.01,0.07
1499,0.24,0.15,0.39,0.24,0.39
1500,0.03,0.04,0.07,0.03,0.07
1501,0.08,0.05,0.13,0.08,0.13
1502,0,0.1,0.1,0,0.1
1503,0,0,0,0,0
1504,0.17,0.3,0.47,0.17,0.47
1505,0.08,0.08,0.15,0.08,0.15
1506,0.08,0.02,0.1,0.08,0.1
1507,0.02,0.07,0.08,0.02,0.08
1508,0,0,0,0,0
1509,0.22,0.08,0.3,0.08,0.16
1510,0,0.01,0.01,0,0.01
1511,0.01,0.03,0.04,0.01,0.04
1512,0.04,0,0.04,0.04,0.04
1513,0.02,0.07,0.09,0.02,0.09
1514,0.32,0.06,0.37,0.32,0.37
1515,0.36,0.21,0.57,0.36,0.57
1516,0.12,0,0.12,0.12,0.12
1517,0.08,0.02,0.1,0.08,0.1
1518,0.1,0.1,0.19,0.1,0.19
1519,0.01,0.01,0.02,0.01,0.02
1520,0,0,0,0,0
1521,0,0.05,0.05,0,0.05
1522,0.06,0.15,0.21,0.06,0.21
1523,0.31,0.13,0.44,0.28,0.41
1524,0.02,0.03,0.05,0.02,0.05
1525,0.04,0.07,0.1,0.04,0.1
1526,0.01,0,0.01,0.01,0.01
1527,0,0,0,0,0
1528,0.06,0.03,0.09,0.06,0.09
1529,0.05,0.05,0.1,0.05,0.1
1530,0.71,0.24,0.95,0.57,0.81
1531,0.33,0.12,0.45,0.26,0.38
1532,0.09,0.07,0.16,0.09,0.16
1533,0.05,0.1,0.15,0.05,0.15
1534,0.09,0.05,0.14,0.06,0.11
1535,0.03,0.02,0.05,0.03,0.05
1536,0,0,0,0,0
1537,0.04,0.01,0.05,0.04,0.05
1538,0.07,0.06,0.13,0.07,0.13
1539,0,0,0,0,0
1540,0.09,0.19,0.28,0.09,0.28
1541,0.21,0.19,0.4,0.18,0.36
1542,0,0,0,0,0
1543,0,0,0,0,0
1544,0.01,0.02,0.03,0.01,0.03
1545,0.19,0.23,0.42,0.19,0.42
1546,0,0,0,0,0
1547,0.03,0.09,0.12,0.03,0.12
1548,0.05,0.02,0.07,0.05,0.07
1549,0.03,0,0.03,0.03,0.03
1550,0.21,0.09,0.3,0.21,0.3
1551,0.01,0.07,0.08,0.01,0.08
1552,0.04,0,0.05,0.04,0.05
1553,0.04,0.05,0.1,0.04,0.1
1554,0.06,0.01,0.07,0.06,0.07
1555,0,0.02,0.02,0,0.02
1556,0,0.05,0.05,0,0.05
1557,0.26,0.27,0.53,0.26,0.53
1558,0.03,0.12,0.16,0.03,0.16
1559,0,0.49,0.49,0,0.49
1560,0.07,0.07,0.14,0.07,0.14
1561,0,0.01,0.01,0,0.01
1562,0.02,0.04,0.06,0.02,0.06
1563,0.05,0.05,0.1,0.05,0.1
1564,0.53,0.12,0.65,0.45,0.57
1565,0.34,0.06,0.41,0.34,0.41
1566,0,0,0,0,0
1567,0.27,0,0.27,0.14,0.14
1568,0.19,0.23,0.43,0.19,0.43
1569,0.01,0.01,0.02,0.01,0.02
1570,0.06,0.04,0.1,0.06,0.1
1571,0.03,0.01,0.04,0.03,0.04
1572,0,0,0,0,0
1573,0.06,0,0.06,0.06,0.06
1574,0.03,0.05,0.08,0.03,0.08
1575,0,0,0,0,0
1576,0.45,0,0.45,0.45,0.45
1577,0.31,0.47,0.78,0.27,0.74
1578,0,0.22,0.22,0,0.22
1579,0.05,0.08,0.13,0.05,0.13
1580,0.06,0.02,0.08,0.06,0.08
1581,0.27,0.04,0.32,0.27,0.32
1582,0.04,0.01,0.05,0.04,0.05
1583,0.01,0.05,0.05,0.01,0.05
1584,0.08,0.03,0.11,0.08,0.11
1585,0,0,0,0,0
1586,0.01,0.05,0.06,0.01,0.06
1587,0.09,0.01,0.09,0.09,0.09
1588,0.18,0.04,0.22,0.18,0.22
1589,0.12,0.03,0.16,0.12,0.16
1590,0.36,0.06,0.41,0.36,0.41
1591,0.49,0.18,0.67,0.49,0.67
1592,0,0,0,0,0
1593,0.15,0,0.15,0.15,0.15
1594,0.06,0.07,0.13,0.06,0.13
1595,0.11,0.1,0.21,0.03,0.14
1596,0,0,0,0,0
1597,0.03,0.02,0.05,0.03,0.05
1598,0,0.03,0.03,0,0.03
1599,0.01,0.06,0.06,0.01,0.06
1600,0.23,0.14,0.37,0.23,0.37
1601,0.06,0.09,0.16,0.06,0.16
1602,0.19,0.16,0.35,0.19,0.35
1603,0.29,0.05,0.33,0.29,0.33
1604,0.01,0.02,0.03,0.01,0.03
1605,0,0,0,0,0
1606,0.04,0.1,0.13,0.04,0.13
1607,0.04,0.02,0.06,0.04,0.06
1608,0.09,0.09,0.18,0.09,0.18
1609,0,0,0,0,0
1610,0.03,0.06,0.1,0.03,0.1
1611,0.05,0.03,0.08,0.05,0.08
1612,0,0.02,0.02,0,0.02
1613,0.08,0.11,0.19,0.08,0.19
1614,0,0,0,0,0
1615,0.07,0.03,0.1,0.02,0.05
1616,0,0,0,0,0
1617,0.05,0.01,0.06,0.05,0.06
1618,0.26,0.03,0.28,0.26,0.28
1619,0.03,0.04,0.07,0.03,0.07
1620,0.07,0.52,0.58,0.07,0.58
1621,0.03,0.04,0.07,0.03,0.07
1622,0.05,0.15,0.19,0.05,0.19
1623,0.09,0,0.1,0.09,0.1
1624,0.02,0,0.03,0.02,0.03
1625,0,0,0,0,0
1626,0.06,0.02,0.09,0.06,0.09
1627,0.01,0,0.01,0.01,0.01
1628,0.38,0.1,0.48,0.26,0.36
1629,0.4,0.12,0.51,0.4,0.51
1630,0.01,0.07,0.08,0.01,0.08
1631,0.01,0.12,0.14,0.01,0.14
1632,0,0,0,0,0
1633,0,0.03,0.03,0,0.03
1634,0.53,0.32,0.85,0.53,0.85
1635,0.08,0.02,0.11,0.08,0.11
1636,0,0.01,0.01,0,0.01
1637,0.05,0.02,0.07,0.05,0.07
1638,0.11,0.1,0.21,0.11,0.21
1639,0.06,0.03,0.09,0.06,0.09
1640,0,0,0,0,0
1641,0.55,0.16,0.7,0.49,0.65
1642,0,0.01,0.01,0,0.01
1643,0.16,0.16,0.32,0.16,0.32
1644,0.06,0.07,0.13,0.06,0.13
1645,0.37,0.01,0.38,0.37,0.38
1646,0.11,0.13,0.24,0.11,0.24
1647,0.02,0.02,0.04,0.02,0.04
1648,0.02,0.01,0.03,0.02,0.03
1649,0,0,0,0,0
1650,0.2,0.17,0.37,0.2,0.37
1651,0,0,0,0,0
1652,0.03,0.17,0.19,0.03,0.19
1653,0.29,0.05,0.34,0.23,0.28
1654,0.19,0.15,0.34,0.06,0.21
1655,0.06,0.04,0.1,0.06,0.1
1656,0.37,0.14,0.51,0.37,0.51
1657,0.08,0.01,0.09,0.08,0.09
1658,0.67,0.13,0.81,0.6,0.74
1659,0.02,0.03,0.06,0.02,0.06
1660,0.08,0.14,0.22,0.08,0.22
1661,0,0.05,0.05,0,0.05
1662,0,0.32,0.32,0,0.32
1663,0,0,0,0,0
1664,0.04,0.04,0.08,0.04,0.08
1665,0,0,0,0,0
1666,0.46,0.13,0.59,0.36,0.48
1667,0.12,0.24,0.36,0.12,0.36
1668,0.25,0.05,0.3,0.22,0.27
1669,0.09,0.02,0.1,0.09,0.1
1670,0.35,0.17,0.52,0.35,0.52
1671,0.48,0.1,0.58,0.48,0.58
1672,0,0,0,0,0
1673,0.14,0.16,0.3,0.14,0.3
1674,0,0,0,0,0
1675,0.03,0.07,0.1,0.03,0.1
1676,0.93,0.17,1.11,0.76,0.93
1677,0.11,0.01,0.12,0.11,0.12
1678,0.04,0.04,0.09,0.04,0.09
1679,0.14,0.1,0.24,0.14,0.24
1680,0.01,0.05,0.07,0.01,0.07
1681,0.21,0.07,0.28,0.21,0.28
1682,0,0,0,0,0
1683,0,0.03,0.03,0,0.03
1684,0.06,0.08,0.14,0.06,0.14
1685,0.26,0.05,0.31,0.26,0.31
1686,0.22,0.15,0.37,0.22,0.37
1687,0.03,0.19,0.22,0.03,0.22
1688,0.09,0.04,0.13,0.09,0.13
1689,0,0.04,0.04,0,0.04
1690,0.04,0.02,0.05,0.04,0.05
1691,0,0.08,0.08,0,0.08
1692,0.06,0.01,0.07,0.06,0.07
1693,2.02,0,2.02,2.02,2.02
1694,0.09,0.22,0.31,0.09,0.31
1695,0.06,0.03,0.09,0.06,0.09
1696,0.06,0.06,0.12,0.06,0.12
1697,0,0,0,0,0
1698,0.3,0.02,0.31,0.3,0.31
1699,0.09,0.1,0.19,0.09,0.19
1700,0.15,0.08,0.23,0.15,0.23
1701,0.03,0.1,0.13,0.03,0.13
1702,0.01,0.07,0.08,0.01,0.08
1703,0.01,0.02,0.03,0.01,0.03
1704,0.05,0.01,0.06,0.05,0.06
1705,0.07,0.06,0.13,0.07,0.13
1706,0.25,0.07,0.32,0.23,0.29
1707,0.23,0.06,0.3,0.23,0.3
1708,0.02,0,0.02,0.02,0.02
1709,0,0,0,0,0
1710,0.04,0.04,0.08,0.04,0.08
1711,0,0,0,0,0
1712,0,0.05,0.05,0,0.05
1713,0.02,0.07,0.09,0.02,0.09
1714,0.01,0.02,0.03,0.01,0.03
1715,0.1,0,0.1,0.1,0.1
1716,0,0,0,0,0
1717,0,0.01,0.01,0,0.01
1718,0,0.01,0.01,0,0.01
1719,0.16,0.09,0.24,0.16,0.24
1720,0.19,0.29,0.47,0.19,0.47
1721,0.02,0,0.02,0.02,0.02
1722,0.32,0.23,0.56,0.32,0.56
1723,0.08,0.06,0.14,0.05,0.1
1724,0,0,0,0,0
1725,0.7,0.32,1.02,0.58,0.9
1726,0.21,0.08,0.29,0.21,0.29
1727,0.06,0.1,0.16,0.06,0.16
1728,0.01,0.01,0.02,0.01,0.02
1729,0.24,0.01,0.26,0.24,0.26
1730,0.01,0,0.01,0.01,0.01
1731,0.05,0.07,0.13,0.05,0.13
1732,0,0,0,0,0
1733,0,0,0,0,0
1734,0.03,0.25,0.27,0.03,0.27
1735,0,0,0,0,0
1736,0,0,0,0,0
1737,0.07,0,0.08,0.07,0.08
1738,0.34,0.09,0.43,0.34,0.43
1739,0.08,0.01,0.09,0.08,0.09
1740,0.63,0.09,0.71,0.46,0.55
1741,0.19,0.21,0.4,0.19,0.4
1742,0,0,0,0,0
1743,0.09,0,0.09,0.09,0.09
1744,0.09,0.05,0.14,0.03,0.08
1745,0.04,0.15,0.19,0.04,0.19
1746,0.25,0.08,0.33,0.25,0.33
1747,0,0,0,0,0
1748,0,0.09,0.09,0,0.09
1749,0.25,0,0.25,0.25,0.25
1750,0.04,0.1,0.14,0.04,0.14
1751,0.33,0.05,0.38,0.3,0.35
1752,0.06,0,0.06,0.06,0.06
1753,0.15,0.07,0.22,0.15,0.22
1754,0.2,0,0.2,0.2,0.2
1755,0.05,0.02,0.07,0.05,0.07
1756,0.05,0.05,0.09,0.05,0.09
1757,0.43,0.06,0.48,0.36,0.41
1758,0.04,0.07,0.1,0.04,0.1
1759,0.24,0.34,0.58,0.24,0.58
1760,0.03,0.07,0.1,0.03,0.1
1761,0,0,0,0,0
1762,0.02,0.02,0.04,0.02,0.04
1763,0.42,0.17,0.59,0.32,0.49
1764,0.03,0,0.03,0.03,0.03
1765,0.04,0.09,0.14,0.04,0.14
1766,0.4,0.3,0.7,0.38,0.67
1767,0.12,0.02,0.14,0.12,0.14
1768,0.26,0.04,0.3,0.26,0.3
1769,0.73,0.01,0.74,0.42,0.43
1770,0.09,0.14,0.23,0.09,0.23
1771,0.54,0.17,0.71,0.51,0.68
1772,0.08,0.06,0.13,0.08,0.13
1773,0,0,0,0,0
1774,0.35,0.01,0.37,0.35,0.37
1775,0.03,0.09,0.11,0.03,0.11
1776,0.01,0.05,0.06,0.01,0.06
1777,0,0,0,0,0
1778,0.28,0.12,0.4,0.24,0.36
1779,0.08,0.12,0.2,0.08,0.2
1780,0.03,0.11,0.14,0.03,0.14
1781,0,0.08,0.08,0,0.08
1782,0.13,0.13,0.26,0.13,0.26
1783,0,0,0,0,0
1784,0,0.05,0.05,0,0.05
1785,0.05,0.04,0.09,0.05,0.09
1786,0.25,0.03,0.28,0.25,0.28
1787,0.09,0.09,0.18,0.09,0.18
1788,0.04,0.04,0.08,0.04,0.08
1789,0.03,0.05,0.08,0.03,0.08
1790,0,0,0,0,0
1791,0,0,0,0,0
1792,0.09,0.11,0.2,0.04,0.15
1793,0.02,0.13,0.15,0.02,0.15
1794,0.06,0.03,0.1,0.06,0.1
1795,0.09,0,0.09,0.09,0.09
1796,0.12,0,0.12,0.12,0.12
1797,0.49,0.22,0.71,0.46,0.67
1798,0.05,0.01,0.06,0.05,0.06
1799,0.1,0.19,0.29,0.1,0.29
1800,0.02,0.01,0.03,0.02,0.03
1801,0.12,0,0.12,0.12,0.12
1802,0.04,0.1,0.14,0.04,0.14
1803,0.64,0.26,0.9,0.39,0.65
1804,0.11,0.11,0.21,0.11,0.21
1805,0.01,0.07,0.07,0.01,0.07
1806,0,0,0,0,0
1807,0,0,0,0,0
1808,0.22,0.03,0.25,0.22,0.25
1809,0.01,0.03,0.04,0.01,0.04
1810,0.02,0.05,0.07,0.02,0.07
1811,0.59,0.15,0.74,0.59,0.74
1812,0.08,0.03,0.1,0.08,0.1
1813,0,0,0,0,0
1814,0.39,0.09,0.47,0.33,0.42
1815,0.21,0.24,0.45,0.19,0.43
1816,0.14,0.14,0.29,0.14,0.29
1817,0.22,0.1,0.32,0.22,0.32
1818,0.02,0.09,0.12,0.02,0.12
1819,0.12,0,0.12,0.12,0.12
1820,0,0,0,0,0
1821,0,0,0,0,0
1822,0.12,0.08,0.2,0.12,0.2
1823,0.06,0.02,0.08,0.06,0.08
1824,0.05,0.03,0.08,0.05,0.08
1825,0,0,0,0,0
1826,0,0,0,0,0
1827,0.24,0.39,0.63,0.21,0.6
1828,0,0,0,0,0
1829,0.04,0.01,0.04,0.04,0.04
1830,0.18,0.14,0.32,0.18,0.32
1831,0.02,0.05,0.07,0.02,0.07
1832,0.05,0.02,0.07,0.05,0.07
1833,1.01,0.3,1.3,0.87,1.16
1834,0.02,0.01,0.02,0.02,0.02
1835,0.5,0.03,0.53,0.5,0.53
1836,0.07,0.12,0.19,0.07,0.19
1837,0.07,0.02,0.09,0.07,0.09
1838,0.31,0.1,0.41,0.31,0.41
1839,0,0,0,0,0
1840,0,0,0,0,0
1841,0.04,0.04,0.09,0.04,0.09
1842,0.31,0.09,0.41,0.31,0.41
1843,0,0,0,0,0
1844,0,0,0,0,0
1845,0.05,0,0.05,0.05,0.05
1846,0.16,0.09,0.25,0.16,0.25
1847,0.01,0.07,0.09,0.01,0.09
1848,0.1,0.11,0.21,0.1,0.21
1849,0.05,0.01,0.06,0.05,0.06
1850,0,0.01,0.01,0,0.01
1851,0.03,0.01,0.04,0.03,0.04
1852,0.02,0.08,0.09,0.02,0.09
1853,0.07,0.02,0.09,0.07,0.09
1854,0.01,0.02,0.03,0.01,0.03
1855,0,0,0,0,0
1856,0.08,0.08,0.16,0.08,0.16
1857,0.29,0,0.29,0.29,0.29
1858,0,0,0.01,0,0.01
1859,0.07,0.12,0.2,0.07,0.2
1860,0,0,0,0,0
1861,0,0,0,0,0
1862,0.02,0,0.02,0.02,0.02
1863,0,0.07,0.07,0,0.07
1864,0.01,0.04,0.05,0.01,0.05
1865,0.03,0.17,0.2,0.03,0.2
1866,0,0.01,0.01,0,0.01
1867,0,0.01,0.01,0,0.01
1868,0.13,0.18,0.31,0.13,0.31
1869,0,0,0,0,0
1870,0.03,0.06,0.09,0.03,0.09
1871,0.51,0.18,0.69,0.51,0.69
1872,0.06,0.1,0.16,0.06,0.16
1873,0.19,0.02,0.21,0.19,0.21
1874,0,0,0,0,0
1875,0.26,0.15,0.4,0.26,0.4
1876,0.06,0,0.06,0.06,0.06
1877,0.5,0.18,0.68,0.5,0.68
1878,0,0,0,0,0
1879,0.17,0.22,0.39,0.17,0.39
1880,0.24,0.03,0.27,0.24,0.27
1881,0,0.01,0.01,0,0.01
1882,0.11,0.08,0.19,0.11,0.19
1883,0.02,0.01,0.03,0.02,0.03
1884,0.17,0.07,0.24,0.1,0.17
1885,0.78,0.46,1.24,0.49,0.95
1886,0.05,0.07,0.12,0.05,0.12
1887,0.14,0.01,0.15,0.14,0.15
1888,0.01,0.04,0.06,0.01,0.06
1889,0,0,0,0,0
1890,0.27,0.08,0.34,0.21,0.28
1891,0.08,0.06,0.15,0.06,0.12
1892,0.43,0.03,0.47,0.33,0.36
1893,0.2,0,0.2,0.2,0.2
1894,0.24,0,0.24,0.24,0.24
1895,0.35,0.16,0.5,0.35,0.5
1896,1.73,0,1.73,1.73,1.73
1897,0.12,0.09,0.21,0.08,0.17
1898,0.02,0.01,0.02,0.02,0.02
1899,0,0,0,0,0
1900,0.1,0.25,0.35,0.1,0.35
1901,0.66,0.03,0.69,0.66,0.69
1902,0.52,0.18,0.7,0.52,0.7
1903,0.02,0.01,0.03,0.02,0.03
1904,0.02,0,0.02,0.02,0.02
1905,0.37,0.36,0.73,0.37,0.73
1906,0.08,0.02,0.1,0.08,0.1
1907,0,0.03,0.03,0,0.03
1908,0.23,0.2,0.43,0.23,0.43
1909,0.24,0.15,0.4,0.24,0.4
1910,0.03,0.04,0.07,0.03,0.07
1911,0,0.04,0.04,0,0.04
1912,0.02,0.07,0.09,0.02,0.09
1913,0.07,0,0.07,0.07,0.07
1914,0,0,0,0,0
1915,0.06,0,0.06,0.06,0.06
1916,0.08,0.03,0.11,0.08,0.11
1917,0.02,0.01,0.02,0.02,0.02
1918,0,0.01,0.01,0,0.01
1919,0.5,0.05,0.55,0.31,0.37
1920,0.04,0.01,0.05,0.04,0.05
1921,0.02,0.08,0.11,0.02,0.11
1922,0.43,0.12,0.55,0.29,0.41
1923,0.05,0.03,0.09,0.05,0.09
1924,0,0,0,0,0
1925,0.01,0.01,0.01,0.01,0.01
1926,0,0.16,0.16,0,0.16
1927,0.04,0.05,0.1,0.04,0.1
1928,0,0,0,0,0
1929,0.36,0.12,0.49,0.23,0.36
1930,0.01,0.07,0.08,0.01,0.08
1931,0.23,1.29,1.52,0.23,1.52
1932,0.03,0.02,0.05,0.03,0.05
1933,0.08,0.07,0.14,0.08,0.14
1934,0.05,0.04,0.09,0.05,0.09
1935,0.18,0.04,0.22,0.18,0.22
1936,0.16,0.03,0.18,0.16,0.18
1937,0.09,0.08,0.17,0.09,0.17
1938,0.04,0.07,0.11,0.04,0.11
1939,0.02,0.12,0.14,0.02,0.14
1940,0,0.03,0.03,0,0.03
1941,0.01,0.08,0.09,0.01,0.09
1942,0,0,0,0,0
1943,0.02,0.01,0.02,0.02,0.02
1944,0.08,0.06,0.14,0.08,0.14
1945,0,0,0,0,0
1946,0.31,0.2,0.52,0.29,0.49
1947,0,0,0,0,0
1948,0,0,0,0,0
1949,0,0,0,0,0
1950,0.26,0.12,0.37,0.26,0.37
1951,0.15,0.01,0.17,0.15,0.17
1952,0.18,0.16,0.34,0.11,0.27
1953,0.17,0.33,0.49,0.17,0.49
1954,0.13,0.03,0.16,0.13,0.16
1955,0.25,0.17,0.42,0.12,0.29
1956,0.47,0.11,0.58,0.47,0.58
1957,0.44,0.12,0.56,0.33,0.45
1958,0,0.02,0.02,0,0.02
1959,0.06,0.18,0.24,0.06,0.24
1960,0.07,0.12,0.19,0.07,0.19
1961,0.59,0.15,0.74,0.59,0.74
1962,0.02,0.01,0.03,0.02,0.03
1963,0,0.01,0.01,0,0.01
1964,0.27,0.07,0.34,0.27,0.34
1965,0.01,0.01,0.02,0.01,0.02
1966,0.03,0.1,0.13,0.03,0.13
1967,0.16,0.18,0.34,0.16,0.34
1968,0,0.01,0.01,0,0.01
1969,0,0,0,0,0
1970,0.15,0.27,0.43,0.15,0.43
1971,0.34,0.26,0.6,0.34,0.6
1972,0.05,0.2,0.25,0.05,0.25
1973,0.04,0.01,0.05,0.04,0.05
1974,0.13,0.08,0.21,0.13,0.21
1975,0.41,0.22,0.63,0.2,0.42
1976,0.02,0.04,0.06,0.02,0.06
1977,0.04,0.04,0.08,0.04,0.08
1978,0.08,0.11,0.19,0.08,0.19
1979,0.08,0,0.08,0.08,0.08
1980,0,0,0,0,0
1981,0.05,0,0.05,0.05,0.05
1982,0.16,0.07,0.23,0.16,0.23
1983,0,0,0,0,0
1984,0,0.36,0.36,0,0.36
1985,0.04,0.01,0.05,0.04,0.05
1986,0.3,0.15,0.44,0.3,0.44
1987,0.02,0.14,0.16,0.02,0.16
1988,0,0.02,0.02,0,0.02
1989,0,0.57,0.57,0,0.57
1990,0,0,0,0,0
1991,0.05,0.01,0.06,0.05,0.06
1992,0,0,0,0,0
1993,0.28,0,0.28,0.28,0.28
1994,0,0,0,0,0
1995,0.25,0.1,0.35,0.2,0.3
1996,0,0,0,0,0
1997,0.03,0,0.03,0.03,0.03
1998,0,0,0,0,0
1999,0.38,0.25,0.63,0.38,0.63
2000,0.01,0.02,0.03,0.01,0.03
2001,0,0,0,0,0
2002,0.07,0.09,0.16,0.07,0.16
2003,0.04,0.16,0.2,0.04,0.2
2004,0.01,0,0.01,0.01,0.01
2005,0.1,0.11,0.21,0.1,0.21
2006,0.08,0.06,0.14,0.08,0.14
2007,0.05,0,0.05,0.05,0.05
2008,0.36,0.23,0.59,0.36,0.59
2009,0.23,0.06,0.29,0.23,0.29
2010,0,0.31,0.31,0,0.31
2011,0,0.46,0.46,0,0.46
2012,0.01,0.06,0.08,0.01,0.08
2013,0,0,0,0,0
2014,0.4,0,0.4,0.4,0.4
2015,0.03,0,0.04,0.03,0.04
2016,0.02,0.09,0.11,0.02,0.11
2017,0,0,0,0,0
2018,0,0,0,0,0
2019,0.02,0,0.02,0.02,0.02
2020,0,0,0,0,0
2021,0.35,0.02,0.37,0.35,0.37
2022,0.19,0.29,0.48,0.16,0.45
2023,0.12,0,0.12,0.12,0.12
2024,0,0,0,0,0
2025,0,0.08,0.08,0,0.08
2026,0.08,0.2,0.28,0.08,0.28
2027,0.15,0.18,0.32,0.14,0.32
2028,0.29,0.15,0.44,0.29,0.44
2029,0.36,0.15,0.51,0.26,0.4
2030,0,0,0,0,0
2031,0.07,0.05,0.12,0.07,0.12
2032,0,0,0,0,0
2033,0.19,0.28,0.47,0.19,0.47
2034,0.59,0.1,0.69,0.59,0.69
2035,0.22,0.27,0.49,0.2,0.46
2036,0.02,0.17,0.18,0.02,0.18
2037,0.06,0.01,0.07,0.06,0.07
2038,0.01,0,0.01,0.01,0.01
2039,0,0,0,0,0
2040,0,0,0,0,0
2041,0.24,0.05,0.29,0.24,0.29
2042,0.04,0.04,0.08,0.04,0.08
2043,0,0,0,0,0
2044,0.01,0,0.01,0.01,0.01
2045,0.39,0.05,0.44,0.35,0.39
2046,0.08,0.14,0.21,0.08,0.21
2047,0.13,0.05,0.18,0.13,0.18
2048,0.14,0.32,0.47,0.12,0.44
2049,0.11,0.02,0.13,0.11,0.13
2050,0.25,0.19,0.44,0.14,0.33
2051,0.02,0.09,0.11,0.02,0.11
2052,0.04,0.05,0.09,0.04,0.09
2053,0.57,0.24,0.81,0.57,0.81
2054,0.08,0.26,0.33,0.08,0.33
2055,0.11,0.1,0.21,0.09,0.19
2056,0.22,0.08,0.3,0.22,0.3
2057,0.32,0.15,0.47,0.32,0.47
2058,0.03,0.04,0.07,0.03,0.07
2059,0,0,0,0,0
2060,0.08,0.08,0.15,0.08,0.15
2061,0.33,0.25,0.58,0.18,0.42
2062,0.01,0.03,0.04,0.01,0.04
2063,0.05,0,0.05,0.05,0.05
2064,0.09,0,0.09,0.09,0.09
2065,0,0,0,0,0
2066,0.22,0.22,0.44,0.22,0.44
2067,0.06,0.09,0.15,0.06,0.15
2068,0.1,0.01,0.1,0.1,0.1
2069,0,0,0,0,0
2070,0.13,0.13,0.26,0.13,0.26
2071,0.38,0.18,0.56,0.38,0.56
2072,0.44,0.1,0.55,0.39,0.49
2073,0,0,0,0,0
2074,0.01,0.03,0.04,0.01,0.04
2075,0.11,0.31,0.42,0.11,0.42
2076,0.04,0.01,0.05,0.04,0.05
2077,0.01,0.14,0.15,0.01,0.15
2078,0.25,0.12,0.37,0.25,0.37
2079,0.27,0,0.27,0.27,0.27
2080,0.27,0.2,0.47,0.27,0.47
2081,0.11,0.04,0.16,0.11,0.16
2082,0.01,0.14,0.15,0.01,0.15
2083,0.12,0.15,0.27,0.12,0.27
2084,0.07,0.02,0.09,0.07,0.09
2085,0,0,0,0,0
2086,0.37,0.07,0.44,0.33,0.4
2087,0.12,0.08,0.2,0.12,0.2
2088,0.1,0,0.1,0.1,0.1
2089,0.02,0,0.02,0.02,0.02
2090,0.49,0.06,0.55,0.49,0.55
2091,0,0,0,0,0
2092,0.01,0.12,0.13,0.01,0.13
2093,0.03,0.02,0.05,0.03,0.05
2094,0.02,0.04,0.06,0.02,0.06
2095,0.01,0.03,0.05,0.01,0.05
2096,0.02,0.02,0.04,0.02,0.04
2097,0.53,0.06,0.59,0.53,0.59
2098,0.17,0.1,0.27,0.17,0.27
2099,0,0,0,0,0
2100,0.04,0.03,0.07,0.04,0.07
2101,0,0,0,0,0
2102,0,0.06,0.07,0,0.07
2103,0.18,0.13,0.32,0.18,0.32
2104,0.17,0.14,0.31,0.17,0.31
2105,0.15,0.06,0.21,0.15,0.21
2106,0.01,0.11,0.11,0.01,0.11
2107,0.26,0.2,0.45,0.26,0.45
2108,0,0,0,0,0
2109,0.25,0.04,0.29,0.25,0.29
2110,0.17,0.1,0.27,0.17,0.27
2111,0.1,0.1,0.2,0.1,0.2
2112,0.73,0.15,0.87,0.73,0.87
2113,0,0,0,0,0
2114,0.21,0.1,0.31,0.21,0.31
2115,0.25,0.15,0.4,0.25,0.4
2116,0.23,0.07,0.29,0.23,0.29
2117,0,0,0,0,0
2118,0.06,0.12,0.18,0.06,0.18
2119,0,0.01,0.01,0,0.01
2120,0.07,0,0.07,0.07,0.07
2121,0.71,0,0.71,0.71,0.71
2122,0,0.1,0.1,0,0.1
2123,0.23,0.21,0.44,0.23,0.44
2124,0.03,0.03,0.07,0.03,0.07
2125,0,0,0,0,0
2126,0.33,0.19,0.52,0.33,0.52
2127,0.01,0.02,0.03,0.01,0.03
2128,0,0,0,0,0
2129,0.01,0.03,0.04,0.01,0.04
2130,0.07,0.1,0.16,0.07,0.16
2131,0.06,0.1,0.16,0.06,0.16
2132,0.25,0.19,0.45,0.25,0.45
2133,0.02,0.05,0.08,0.02,0.08
2134,0.09,0.04,0.14,0.09,0.14
2135,0.04,0,0.04,0.04,0.04
2136,0,0,0,0,0
2137,0.17,0.08,0.25,0.17,0.25
2138,0.08,0.07,0.16,0.08,0.16
2139,0.04,0.09,0.12,0.04,0.12
2140,0.08,0.02,0.1,0.08,0.1
2141,0.28,0.14,0.43,0.28,0.43
2142,0.26,0.09,0.35,0.26,0.35
2143,0.45,0.06,0.51,0.36,0.42
2144,0.36,0.18,0.54,0.31,0.49
2145,0.08,0.04,0.12,0.08,0.12
2146,0.02,0.02,0.04,0.02,0.04
2147,0.16,0,0.16,0.16,0.16
2148,0.21,0.04,0.25,0.21,0.25
2149,0,0,0,0,0
2150,0.12,0.04,0.16,0.12,0.16
2151,0.06,0.02,0.08,0.06,0.08
2152,0,0.01,0.01,0,0.01
2153,0.02,0.02,0.05,0.02,0.05
2154,0.41,0.09,0.5,0.41,0.5
2155,0.25,0.14,0.38,0.25,0.38
2156,0,0,0,0,0
2157,0.02,0,0.02,0.02,0.02
2158,0,0,0,0,0
2159,0.01,0.05,0.06,0.01,0.06
2160,0,0.18,0.18,0,0.18
2161,0.09,0.21,0.3,0.09,0.3
2162,0,0,0,0,0
2163,0,0,0,0,0
2164,0.21,0.05,0.26,0.15,0.2
2165,0.04,0.01,0.05,0.04,0.05
2166,0.17,0.1,0.27,0.16,0.26
2167,0.07,0.18,0.24,0.07,0.24
2168,0.17,0.03,0.2,0.17,0.2
2169,0.27,0.02,0.28,0.16,0.18
2170,0,0,0,0,0
2171,0.41,0.3,0.71,0.41,0.71
2172,0.07,0.04,0.11,0.07,0.11
2173,0,0,0,0,0
2174,0,0,0,0,0
2175,0.14,0.02,0.15,0.14,0.15
2176,0.29,0.11,0.4,0.29,0.4
2177,0.27,0.11,0.37,0.22,0.33
2178,0.32,0.19,0.51,0.32,0.51
2179,0,0,0,0,0
2180,0,0,0,0,0
2181,0.39,0.27,0.66,0.37,0.64
2182,0.06,0.12,0.18,0.06,0.18
2183,0.15,0.09,0.24,0.06,0.14
2184,0.55,0.02,0.57,0.55,0.57
2185,0.17,0.17,0.34,0.17,0.34
2186,0.01,0.06,0.07,0.01,0.07
2187,0,0.04,0.04,0,0.04
2188,0.06,0.07,0.13,0.06,0.13
2189,0.18,0.05,0.23,0.18,0.23
2190,0,0,0,0,0
2191,0.11,0.2,0.31,0.11,0.31
2192,0.39,0.18,0.57,0.39,0.57
2193,0.3,0.14,0.44,0.3,0.44
2194,0,0,0,0,0
2195,0,0.11,0.11,0,0.11
2196,0.03,0.02,0.05,0.03,0.05
2197,0,0,0,0,0
2198,0.01,0.02,0.03,0.01,0.03
2199,0.4,0.32,0.72,0.29,0.61
2200,0.1,0.11,0.22,0.1,0.22
2201,0,0,0,0,0
2202,0.2,0.2,0.4,0.2,0.4
2203,0,0.02,0.02,0,0.02
2204,0,0.01,0.01,0,0.01
2205,0.13,0.19,0.31,0.13,0.31
2206,0.07,0,0.07,0.07,0.07
2207,0,0,0,0,0
2208,0,0,0,0,0
2209,0.03,0.06,0.09,0.03,0.09
2210,0.1,0.06,0.16,0.05,0.11
2211,0.02,0.03,0.05,0.02,0.05
2212,0,0.26,0.26,0,0.26
2213,0,0,0,0,0
2214,0.36,0.1,0.46,0.34,0.44
2215,0.31,0.1,0.41,0.31,0.41
2216,0.09,0.06,0.16,0.09,0.16
2217,0,0,0,0,0
2218,0.03,0.05,0.08,0.03,0.08
2219,0.2,0.15,0.35,0.2,0.35
2220,0.05,0.06,0.11,0.05,0.11
2221,0.15,0.14,0.29,0.15,0.29
2222,0.27,0.03,0.31,0.13,0.17
2223,0.05,0.08,0.13,0.05,0.13
2224,0.03,0.06,0.09,0.03,0.09
2225,0.03,0.1,0.13,0.03,0.13
2226,0.04,0.03,0.07,0.04,0.07
2227,0.15,0.08,0.23,0.15,0.23
2228,0.01,0.05,0.06,0.01,0.06
2229,0,0,0,0,0
2230,0.05,0.19,0.24,0.05,0.24
2231,0.14,0.12,0.26,0.14,0.26
2232,0.04,0.18,0.22,0.04,0.22
2233,0.02,0.07,0.09,0.02,0.09
2234,0.18,0.05,0.22,0.18,0.22
2235,0.04,0.09,0.13,0.04,0.13
2236,0,0,0,0,0
2237,0.24,0.06,0.3,0.24,0.3
2238,0.13,0.01,0.14,0.13,0.14
2239,0,0,0,0,0
2240,0.11,0.13,0.24,0.11,0.24
2241,0,0,0,0,0
2242,0.01,0.07,0.08,0.01,0.08
2243,0,0,0,0,0
2244,0.08,0.06,0.14,0.06,0.11
2245,0.44,0.17,0.6,0.44,0.6
2246,0.04,0.09,0.12,0.04,0.12
2247,0.05,0.06,0.1,0.05,0.1
2248,0.08,0.17,0.25,0.08,0.25
2249,0.36,0.04,0.4,0.26,0.3
2250,0.05,0.02,0.07,0.05,0.07
2251,0.17,0.28,0.45,0.17,0.45
2252,0.16,0.12,0.29,0.16,0.29
2253,0,0,0,0,0
2254,0.04,0.02,0.05,0.04,0.05
2255,0,0.12,0.12,0,0.12
2256,0.23,0.28,0.51,0.23,0.51
2257,0.02,0.05,0.07,0.02,0.07
2258,0.03,0.07,0.1,0.03,0.1
2259,0.03,0,0.03,0.03,0.03
2260,0.11,0.02,0.13,0.11,0.13
2261,0.06,0.04,0.1,0.06,0.1
2262,0.02,0.05,0.08,0.02,0.08
2263,0.85,0.09,0.94,0.65,0.74
2264,0.04,0.01,0.05,0.04,0.05
2265,0.05,0.05,0.1,0.05,0.1
2266,0.02,0.06,0.08,0.02,0.08
2267,0.04,0.11,0.16,0.04,0.16
2268,0.07,0.03,0.11,0.07,0.11
2269,0.05,0.11,0.17,0.05,0.17
2270,0.05,0,0.05,0.05,0.05
2271,0,0,0,0,0
2272,0.25,0.03,0.27,0.07,0.09
2273,0,0,0,0,0
2274,0.06,0.02,0.08,0.06,0.08
2275,0.03,0.12,0.15,0.03,0.15
2276,0.01,0.06,0.06,0.01,0.06
2277,0.01,0,0.01,0.01,0.01
2278,0.03,0.04,0.07,0.03,0.07
2279,0.04,0,0.04,0.04,0.04
2280,0.01,0.02,0.03,0.01,0.03
2281,0.04,0.11,0.15,0.04,0.15
2282,0.15,0.14,0.28,0.15,0.28
2283,0.09,0.1,0.19,0.09,0.19
2284,0,0,0,0,0
2285,0.03,0,0.03,0.03,0.03
2286,0.05,0,0.05,0.05,0.05
2287,0,0,0,0,0
2288,0,0.29,0.29,0,0.29
2289,0.16,0.06,0.22,0.16,0.22
2290,0,0,0,0,0
2291,0,0,0,0,0
2292,0.02,0.11,0.12,0.02,0.12
2293,0,0,0,0,0
2294,0.1,0.2,0.3,0.1,0.3
2295,0.33,0.08,0.41,0.33,0.41
2296,0.93,0.13,1.07,0.93,1.07
2297,0.02,0.05,0.07,0.02,0.07
2298,0,0,0,0,0
2299,0.32,0.1,0.42,0.19,0.29
2300,0.13,0.12,0.25,0.13,0.25
2301,0.09,0.03,0.11,0.09,0.11
2302,0.15,0.19,0.34,0.15,0.34
2303,0.22,0.07,0.29,0.22,0.29
2304,0.13,0.01,0.14,0.13,0.14
2305,0.24,0.17,0.41,0.24,0.41
2306,0.01,0.05,0.06,0.01,0.06
2307,0.39,0,0.39,0.39,0.39
2308,0.01,0,0.01,0.01,0.01
2309,0,0.12,0.12,0,0.12
2310,0.61,0.18,0.79,0.48,0.66
2311,0.33,0.06,0.39,0.33,0.39
2312,0.03,0,0.03,0.03,0.03
2313,0,0,0,0,0
2314,0.04,0,0.05,0.04,0.05
2315,0.37,0.07,0.44,0.33,0.4
2316,0.09,0.06,0.14,0.09,0.14
2317,0.01,0.21,0.22,0.01,0.22
2318,0.02,0.04,0.06,0.02,0.06
2319,0.32,0.03,0.35,0.32,0.35
2320,0.04,0.09,0.13,0.04,0.13
2321,0.1,0.17,0.27,0.1,0.27
2322,0,0.01,0.01,0,0.01
2323,0.28,0.09,0.36,0.28,0.36
2324,0.41,0.02,0.44,0.41,0.44
2325,0.25,0.11,0.36,0.25,0.36
2326,0.16,0.11,0.28,0.16,0.28
2327,0,0,0,0,0
2328,0.44,0.47,0.91,0.38,0.85
2329,0.07,0,0.07,0.07,0.07
2330,0.07,0,0.07,0.07,0.07
2331,0.02,0.01,0.03,0.02,0.03
2332,0.01,0.09,0.1,0.01,0.1
2333,0,0.61,0.61,0,0.61
2334,0,0,0,0,0
2335,0.32,0.3,0.62,0.29,0.58
2336,0.06,0.08,0.14,0.06,0.14
2337,0.28,0.32,0.6,0.28,0.6
2338,0.03,0.03,0.06,0.03,0.06
2339,0.04,0.08,0.11,0.04,0.11
2340,0.21,0,0.21,0.21,0.21
2341,0,0,0,0,0
2342,0.01,0.04,0.05,0.01,0.05
2343,0.13,0.23,0.36,0.13,0.36
2344,0.29,0.17,0.47,0.29,0.47
2345,0.12,0.04,0.16,0.12,0.16
2346,0.08,0.06,0.14,0.08,0.14
2347,0.56,0.71,1.27,0.56,1.27
2348,0.04,0.12,0.16,0.04,0.16
2349,0.05,0.02,0.07,0.05,0.07
2350,0,0.1,0.1,0,0.1
2351,0.24,0.14,0.38,0.24,0.38
2352,0.4,0,0.4,0.22,0.22
2353,0.33,0.36,0.69,0.33,0.69
2354,0.19,0.13,0.32,0.19,0.32
2355,0.02,0,0.02,0.02,0.02
2356,0.02,0.02,0.04,0.02,0.04
2357,0.07,0.1,0.17,0.07,0.17
2358,0.28,0.15,0.43,0.19,0.34
2359,0.21,0.24,0.45,0.11,0.36
2360,0.03,0.01,0.03,0.03,0.03
2361,0.01,0.02,0.03,0.01,0.03
2362,0.48,0.11,0.6,0.38,0.5
2363,0,0,0,0,0
2364,0.08,0,0.09,0.03,0.03
2365,0.14,0.09,0.23,0.14,0.23
2366,0,0,0,0,0
2367,0.04,0.11,0.16,0.04,0.16
2368,0.47,0.11,0.58,0.47,0.58
2369,0.13,0.1,0.24,0.13,0.24
2370,0.1,0.11,0.21,0.1,0.21
2371,0.04,0.01,0.04,0.04,0.04
2372,0.09,0.01,0.1,0.09,0.1
2373,0.1,0.11,0.21,0.1,0.21
2374,0,0,0,0,0
2375,0.05,0.08,0.13,0.05,0.13
2376,0.05,0.07,0.12,0.05,0.12
2377,0.06,0.09,0.15,0.06,0.15
2378,0.03,0.05,0.07,0.03,0.07
2379,0.04,0.03,0.07,0.04,0.07
2380,0.01,0.1,0.11,0.01,0.11
2381,0.02,0.05,0.07,0.02,0.07
2382,0,0,0,0,0
2383,0.09,0,0.09,0.09,0.09
2384,0,0.16,0.16,0,0.16
2385,0,0,0,0,0
2386,0.18,0.02,0.2,0.18,0.2
2387,0.39,0.07,0.47,0.31,0.39
2388,0.35,0,0.35,0.35,0.35
2389,0,0,0,0,0
2390,0.06,0.03,0.09,0.06,0.09
2391,0.01,0.01,0.02,0.01,0.02
2392,0.16,0.14,0.31,0.16,0.31
2393,0.06,0.05,0.11,0.06,0.11
2394,0,0,0,0,0
2395,0.1,0.07,0.17,0.1,0.17
2396,0.02,0.06,0.08,0.02,0.08
2397,0,0,0,0,0
2398,0.03,0.1,0.14,0.03,0.14
2399,0.01,0.07,0.08,0.01,0.08
2400,0,0,0,0,0
2401,0.21,0.24,0.45,0.21,0.45
2402,0,0.05,0.05,0,0.05
2403,0.06,0.49,0.55,0.06,0.55
2404,0.33,0.07,0.4,0.15,0.22
2405,0.02,0.18,0.2,0.02,0.2
2406,0.08,0.09,0.18,0.08,0.18
2407,0.27,0.11,0.38,0.27,0.38
2408,0,0,0,0,0
2409,0,0,0,0,0
2410,0,0,0,0,0
2411,0.01,0.11,0.12,0.01,0.12
2412,0.02,0,0.02,0.02,0.02
2413,0.16,0.08,0.24,0.16,0.24
2414,0.15,0,0.15,0.15,0.15
2415,0.27,0.19,0.47,0.15,0.34
2416,0.12,0.08,0.2,0.12,0.2
2417,0,0.12,0.12,0,0.12
2418,0.02,0.05,0.07,0.02,0.07
2419,0.79,0.18,0.97,0.62,0.8
2420,0.12,0.16,0.28,0.12,0.28
2421,0.02,0.12,0.14,0.02,0.14
2422,0.19,0.25,0.44,0.19,0.44
2423,0.4,0.04,0.43,0.35,0.38
2424,0,0,0,0,0
2425,0,0.04,0.04,0,0.04
2426,0,0,0,0,0
2427,0,0,0,0,0
2428,0.05,0.02,0.07,0.05,0.07
2429,0,0,0,0,0
2430,0.08,0.06,0.14,0.08,0.14
2431,0.42,0.06,0.48,0.42,0.48
2432,0.32,0.13,0.45,0.29,0.42
2433,0,0,0,0,0
2434,2.98,0,2.98,2.98,2.98
2435,0.81,0,0.81,0.81,0.81
2436,0.05,0.14,0.2,0.05,0.2
2437,0.02,0.04,0.06,0.02,0.06
2438,0.06,0.01,0.06,0.06,0.06
2439,0,0,0,0,0
2440,0,0,0,0,0
2441,0.07,0,0.07,0.07,0.07
2442,0.04,0.01,0.06,0.04,0.06
2443,0.02,0.03,0.05,0.02,0.05
2444,0,0.01,0.01,0,0.01
2445,0,0,0,0,0
2446,0.19,0.09,0.28,0.19,0.28
2447,0.13,0.04,0.16,0.13,0.16
2448,0,0,0,0,0
2449,0.27,0.16,0.43,0.27,0.43
2450,0.16,0.1,0.26,0.16,0.26
2451,0.06,0.01,0.07,0.06,0.07
2452,0.28,0.03,0.31,0.12,0.14
2453,0.6,0.14,0.74,0.6,0.74
2454,0.19,0.13,0.32,0.19,0.32
2455,0.44,0.23,0.67,0.44,0.67
2456,0.04,0,0.04,0.04,0.04
2457,0.03,0.04,0.07,0.03,0.07
2458,0.13,0.18,0.31,0.13,0.31
2459,0.03,0.06,0.09,0.03,0.09
2460,0,0,0,0,0
2461,0.03,0.11,0.13,0.03,0.13
2462,0,0.1,0.1,0,0.1
2463,0,0.05,0.05,0,0.05
2464,0.19,0.06,0.25,0.19,0.25
2465,0.12,0.03,0.15,0.12,0.15
2466,0.23,0.24,0.48,0.23,0.48
2467,0.36,0.04,0.4,0.28,0.32
2468,0.31,0.15,0.47,0.09,0.24
2469,0,0,0,0,0
2470,0.04,0.1,0.14,0.04,0.14
2471,0.02,0.02,0.04,0.02,0.04
2472,0,0,0,0,0
2473,0.17,0.18,0.35,0.17,0.35
2474,0.18,0.08,0.26,0.18,0.26
2475,0.03,0.26,0.29,0.03,0.29
2476,0,0,0,0,0
2477,0.37,0.14,0.5,0.31,0.45
2478,0.15,0.14,0.29,0.15,0.29
2479,0,0,0,0,0
2480,0.24,0.04,0.28,0.24,0.28
2481,0,0,0,0,0
2482,0.15,0.03,0.18,0.15,0.18
2483,0.06,0,0.06,0.06,0.06
2484,0.04,0,0.04,0.04,0.04
2485,0.01,0.05,0.07,0.01,0.07
2486,0,0,0,0,0
2487,0.01,0.04,0.05,0.01,0.05
2488,0,0,0,0,0
2489,0.02,0.06,0.09,0.02,0.09
2490,0.01,0,0.01,0.01,0.01
2491,0.03,0.01,0.04,0.03,0.04
2492,0.08,0.21,0.3,0.08,0.3
2493,0,0,0,0,0
2494,0,0,0,0,0
2495,0.06,0.01,0.07,0.06,0.07
2496,0,0.02,0.03,0,0.03
2497,0.16,0,0.16,0.16,0.16
2498,0.03,0.01,0.04,0.03,0.04
2499,0.25,0.15,0.39,0.25,0.39
2500,0,0,0,0,0
2501,0.01,0.02,0.03,0.01,0.03
2502,0.06,0,0.06,0.06,0.06
2503,0.04,0.03,0.07,0.04,0.07
2504,0.43,0.17,0.6,0.41,0.58
2505,0.04,0.05,0.09,0.04,0.09
2506,0.46,0.26,0.72,0.22,0.47
2507,0.26,0.15,0.41,0.26,0.41
2508,0.1,0,0.11,0.1,0.11
2509,0,0,0,0,0
2510,0.03,0.04,0.07,0.03,0.07
2511,0.03,0.16,0.2,0.03,0.2
2512,0,0.1,0.1,0,0.1
2513,0.1,0.01,0.11,0.1,0.11
2514,0.1,0.03,0.13,0.1,0.13
2515,0.01,0,0.01,0.01,0.01
2516,0.08,0.04,0.12,0.08,0.12
2517,0.01,0.03,0.04,0.01,0.04
2518,0.03,0.16,0.18,0.03,0.18
2519,0.56,0.12,0.68,0.48,0.59
2520,0,0,0,0,0
2521,0.07,0.02,0.09,0.07,0.09
2522,0.09,0.18,0.27,0.09,0.27
2523,0,0.06,0.06,0,0.06
2524,0.2,0.12,0.32,0.2,0.32
2525,0,0,0,0,0
2526,0.12,0.04,0.15,0.12,0.15
2527,0,0,0,0,0
2528,0.26,0.07,0.34,0.26,0.34
2529,0,0,0,0,0
2530,0,0.07,0.07,0,0.07
2531,0.4,0.14,0.54,0.35,0.49
2532,0.02,0.02,0.04,0.02,0.04
2533,0.03,0.01,0.04,0.03,0.04
2534,0,0.11,0.11,0,0.11
2535,0.16,0.15,0.31,0.16,0.31
2536,0.07,0.07,0.14,0.07,0.14
2537,0.04,0,0.04,0.04,0.04
2538,0.03,0.03,0.06,0.03,0.06
2539,0.04,0.02,0.05,0.04,0.05
2540,0.01,0.08,0.09,0.01,0.09
2541,0.07,0.02,0.09,0.07,0.09
2542,0,0,0,0,0
2543,0,0.27,0.27,0,0.27
2544,0,0.03,0.03,0,0.03
2545,0.73,0,0.73,0.73,0.73
2546,0.06,0,0.06,0.06,0.06
2547,0,0,0,0,0
2548,0,0.07,0.07,0,0.07
2549,0,0,0,0,0
2550,0,0,0,0,0
2551,0.07,0.02,0.09,0.07,0.09
2552,0.12,0.06,0.18,0.12,0.18
2553,0.03,0.16,0.18,0.03,0.18
2554,0.22,0.09,0.31,0.22,0.31
2555,0.02,0.15,0.17,0.02,0.17
2556,0.09,0.01,0.1,0.09,0.1
2557,0.16,0.19,0.35,0.16,0.35
2558,0.06,0.01,0.06,0.06,0.06
2559,0,0,0,0,0
2560,0,0,0,0,0
2561,0,0,0,0,0
2562,0.23,0.17,0.4,0.21,0.37
2563,0.02,0,0.02,0.02,0.02
2564,0.01,0.1,0.11,0.01,0.11
2565,0,0,0,0,0
2566,0.39,0.12,0.52,0.39,0.52
2567,0.32,0.3,0.62,0.27,0.57
2568,0.03,0,0.03,0.03,0.03
2569,0.09,0.06,0.15,0.09,0.15
2570,0.1,0.15,0.26,0.1,0.26
2571,0,0,0,0,0
2572,0.03,0.02,0.05,0.03,0.05
2573,0.06,0,0.07,0.06,0.07
2574,0.22,0.16,0.38,0.22,0.38
2575,0.13,0.25,0.38,0.13,0.38
2576,0.13,0.03,0.15,0.13,0.15
2577,0.4,0.1,0.51,0.4,0.51
2578,0.05,0.02,0.07,0.05,0.07
2579,0.2,0,0.2,0.2,0.2
2580,0.12,0.09,0.21,0.08,0.17
2581,0.02,0.16,0.17,0.02,0.17
2582,0.26,0,0.26,0.26,0.26
2583,0.23,0.03,0.26,0.23,0.26
2584,0.03,0.06,0.09,0.03,0.09
2585,0.04,0.01,0.05,0.04,0.05
2586,0.58,0.19,0.78,0.58,0.78
2587,0.26,0.06,0.32,0.26,0.32
2588,0.03,0.06,0.09,0.03,0.09
2589,0.12,0.03,0.16,0.12,0.16
2590,0.04,0.02,0.06,0.04,0.06
2591,0.03,0.01,0.04,0.03,0.04
2592,0,0,0,0,0
2593,0.03,0,0.03,0.03,0.03
2594,0.03,0.09,0.12,0.03,0.12
2595,0.07,0,0.07,0.07,0.07
2596,0.01,0.05,0.05,0.01,0.05
2597,0.04,0,0.04,0.04,0.04
2598,0.12,0,0.12,0.12,0.12
2599,0.29,0.19,0.48,0.29,0.48
2600,0.04,0.1,0.14,0.04,0.14
2601,0.37,0.13,0.5,0.37,0.5
2602,0.05,0.11,0.16,0.05,0.16
2603,0.04,0.03,0.07,0.04,0.07
2604,0.29,0.07,0.37,0.11,0.18
2605,0.09,0.03,0.12,0.09,0.12
2606,0.01,0.06,0.07,0.01,0.07
2607,0,0.25,0.25,0,0.25
2608,0.13,0.1,0.23,0.09,0.19
2609,0.15,0.16,0.3,0.15,0.3
2610,0.06,0.04,0.11,0.06,0.11
2611,0.09,0.15,0.24,0.09,0.24
2612,0.04,0.09,0.13,0.04,0.13
2613,0.07,0,0.07,0.07,0.07
2614,0.08,0.18,0.26,0.08,0.26
2615,0.07,0.22,0.3,0.07,0.3
2616,0.25,0.13,0.38,0.25,0.38
2617,0.05,0,0.05,0.05,0.05
2618,0.28,0,0.28,0.28,0.28
2619,0.01,0.01,0.02,0.01,0.02
2620,0,0,0,0,0
2621,0.04,0.1,0.14,0.04,0.14
2622,0,0.22,0.22,0,0.22
2623,0.05,0.02,0.07,0.05,0.07
2624,0,0,0,0,0
2625,0.01,0.12,0.12,0.01,0.12
2626,0.29,0.15,0.45,0.29,0.45
2627,0.1,0.18,0.28,0.1,0.28
2628,0.01,0.17,0.18,0.01,0.18
2629,0.4,0.13,0.52,0.4,0.52
2630,0,0.06,0.06,0,0.06
2631,0,0.13,0.14,0,0.14
2632,0.18,0.15,0.32,0.18,0.32
2633,0.06,0.33,0.39,0.06,0.39
2634,0.07,0.09,0.16,0.07,0.16
2635,0.3,0,0.3,0.3,0.3
2636,0,0,0,0,0
2637,0,0,0,0,0
2638,0.02,0.01,0.03,0.02,0.03
2639,0.39,0,0.39,0.39,0.39
2640,0.01,0.02,0.02,0.01,0.02
2641,0.15,0.02,0.17,0.15,0.17
2642,0.02,0.11,0.13,0.02,0.13
2643,0.01,0.06,0.07,0.01,0.07
2644,0.09,0,0.09,0.09,0.09
2645,0.45,0.08,0.53,0.37,0.45
2646,0,0,0,0,0
2647,0.02,0,0.02,0.02,0.02
2648,0.28,0.09,0.37,0.22,0.32
2649,0.08,0.57,0.65,0.08,0.65
2650,0.04,0.04,0.07,0.04,0.07
2651,0,0,0,0,0
2652,0.17,0.07,0.24,0.17,0.24
2653,0,0,0,0,0
2654,0,0.06,0.06,0,0.06
2655,0.02,0,0.02,0.02,0.02
2656,0,0.52,0.52,0,0.52
2657,0.03,0.02,0.04,0.03,0.04
2658,0.27,0,0.27,0.27,0.27
2659,0.01,0,0.01,0.01,0.01
2660,0.43,0.03,0.46,0.43,0.46
2661,0.13,0.22,0.35,0.13,0.35
2662,0.07,0,0.07,0.07,0.07
2663,0.62,0.16,0.78,0.41,0.56
2664,0.21,0.15,0.36,0.21,0.36
2665,0,0,0,0,0
2666,0.04,0.01,0.05,0.04,0.05
2667,0.18,0.12,0.29,0.18,0.29
2668,0,0,0,0,0
2669,0.11,0.21,0.32,0.11,0.32
2670,0.43,0.1,0.52,0.43,0.52
2671,0,0,0,0,0
2672,0,0.03,0.03,0,0.03
2673,0.03,0,0.03,0.03,0.03
2674,0.13,0.06,0.19,0.02,0.08
2675,0.05,0.04,0.1,0.05,0.1
2676,0.02,0.01,0.04,0.02,0.04
2677,0.01,0.08,0.09,0.01,0.09
2678,0.3,0.14,0.44,0.3,0.44
2679,0.22,0.3,0.52,0.22,0.52
2680,0.02,0.04,0.06,0.02,0.06
2681,0.33,0.11,0.43,0.16,0.27
2682,0,0,0,0,0
2683,0.06,0.15,0.22,0.06,0.22
2684,0.21,0.16,0.37,0.21,0.37
2685,0.08,0.05,0.14,0.08,0.14
2686,0.07,0.02,0.09,0.07,0.09
2687,0.01,0.01,0.02,0.01,0.02
2688,0,0,0,0,0
2689,0.06,0.67,0.73,0.06,0.73
2690,0.06,0.14,0.2,0.06,0.2
2691,0,0.15,0.15,0,0.15
2692,0.2,0.1,0.3,0.2,0.3
2693,0,0,0,0,0
2694,0.02,0.07,0.08,0.02,0.08
2695,0.02,0.02,0.04,0.02,0.04
2696,0.01,0.06,0.06,0.01,0.06
2697,0.13,0.25,0.38,0.13,0.38
2698,0.09,0.12,0.21,0.09,0.21
2699,0.3,0.12,0.42,0.3,0.42
2700,0.02,0.05,0.07,0.02,0.07
2701,0,0,0,0,0
2702,0,0,0,0,0
2703,0.4,0.03,0.43,0.4,0.43
2704,0.33,0.12,0.44,0.06,0.18
2705,0,0,0,0,0
2706,0.1,0.12,0.22,0.1,0.22
2707,0.15,0.07,0.22,0.15,0.22
2708,0.57,0.08,0.65,0.43,0.51
2709,0.08,0.15,0.22,0.08,0.22
2710,0.31,0.16,0.48,0.31,0.48
2711,0,0.03,0.03,0,0.03
2712,0.09,0.06,0.14,0.09,0.14
2713,0,0.22,0.22,0,0.22
2714,0.34,0.2,0.54,0.34,0.54
2715,0.04,0.01,0.06,0.04,0.06
2716,0,5.69,5.69,0,5.69
2717,0,0,0,0,0
2718,0.02,0.02,0.04,0.02,0.04
2719,0.07,0.09,0.15,0.07,0.15
2720,0.4,0.12,0.51,0.4,0.51
2721,0.03,0,0.03,0.03,0.03
2722,0.03,0.02,0.05,0.03,0.05
2723,0.17,0.07,0.23,0.17,0.23
2724,0,0,0,0,0
2725,0.01,0.02,0.04,0.01,0.04
2726,0.03,0.05,0.08,0.03,0.08
2727,0.03,0,0.03,0.03,0.03
2728,0.34,0.24,0.58,0.24,0.48
2729,0.03,0.07,0.1,0.03,0.1
2730,0,0.02,0.02,0,0.02
2731,0.14,0.11,0.25,0.06,0.17
2732,0.1,0.07,0.17,0.07,0.14
2733,0.43,0.11,0.55,0.39,0.51
2734,0,0,0,0,0
2735,0.37,0.09,0.46,0.37,0.46
2736,0.04,0.01,0.05,0.04,0.05
2737,0.55,0.15,0.7,0.48,0.63
2738,0.02,0,0.02,0.02,0.02
2739,0.23,0.07,0.3,0.23,0.3
2740,0.39,0.13,0.52,0.35,0.48
2741,0.04,0.01,0.04,0.04,0.04
2742,0.07,0.07,0.14,0.07,0.14
2743,0.41,0.21,0.62,0.41,0.62
2744,0.03,0.13,0.16,0.03,0.16
2745,0.02,0.02,0.04,0.02,0.04
2746,0.1,0.05,0.15,0.1,0.15
2747,0,0,0,0,0
2748,0.05,0.01,0.06,0.05,0.06
2749,0.05,0.01,0.06,0.05,0.06
2750,0.26,0.18,0.44,0.23,0.41
2751,0.03,0.1,0.13,0.03,0.13
2752,0.03,0,0.03,0.03,0.03
2753,0.07,0.05,0.13,0.07,0.13
2754,0.13,0.16,0.29,0.13,0.29
2755,0.17,0.02,0.18,0.17,0.18
2756,0.33,0.07,0.4,0.24,0.31
2757,0.49,0.1,0.58,0.36,0.45
2758,0,0,0,0,0
2759,0.01,0.03,0.04,0.01,0.04
2760,0.18,0.18,0.36,0.18,0.36
2761,0.4,0.14,0.54,0.28,0.42
2762,0.08,0.05,0.13,0.08,0.13
2763,0.13,0.18,0.3,0.13,0.3
2764,0.12,0.11,0.23,0.12,0.23
2765,0.35,0.16,0.52,0.35,0.52
2766,0.19,0.17,0.36,0.19,0.36
2767,0.44,0.07,0.51,0.39,0.46
2768,0,0,0,0,0
2769,0.06,0.16,0.23,0.06,0.23
2770,0.03,0.06,0.09,0.03,0.09
2771,0.09,0,0.09,0.09,0.09
2772,0.02,0,0.03,0.02,0.03
2773,0,0,0,0,0
2774,0.1,0.23,0.33,0.1,0.33
2775,0.46,0.34,0.81,0.46,0.81
2776,0.01,0.02,0.03,0.01,0.03
2777,0.45,0.18,0.63,0.32,0.5
2778,0,0,0,0,0
2779,0.06,0.04,0.1,0.06,0.1
2780,0.08,0.05,0.14,0.08,0.14
2781,0.08,0.03,0.1,0.08,0.1
2782,0.22,0.11,0.33,0.22,0.33
2783,0.09,0.17,0.26,0.08,0.25
2784,0.05,0.28,0.33,0.05,0.33
2785,0.06,0.05,0.12,0.06,0.12
2786,0.13,0.18,0.31,0.11,0.28
2787,0.01,0,0.01,0.01,0.01
2788,0,0.06,0.06,0,0.06
2789,0,0,0,0,0
2790,0.26,0.11,0.37,0.2,0.32
2791,0.11,0.1,0.21,0.11,0.21
2792,0.08,0.07,0.15,0.08,0.15
2793,0.01,0.11,0.11,0.01,0.11
2794,0,1.17,1.17,0,1.17
2795,0.06,0.08,0.14,0.06,0.14
2796,0.03,0.07,0.1,0.03,0.1
2797,0.02,0,0.02,0.02,0.02
2798,0.58,0.25,0.83,0.55,0.8
2799,0.03,0.1,0.13,0.03,0.13
2800,0.11,0.05,0.16,0.11,0.16
2801,0.08,0.04,0.13,0.08,0.13
2802,0.49,0.09,0.57,0.49,0.57
2803,0,0.17,0.17,0,0.17
2804,0.08,0.06,0.13,0.08,0.13
2805,0.12,0.14,0.26,0.12,0.26
2806,0,0.01,0.01,0,0.01
2807,0.33,0.04,0.37,0.33,0.37
2808,0.14,0.09,0.22,0.14,0.22
2809,0,0,0,0,0
2810,0.19,0.19,0.38,0.19,0.38
2811,0.04,0.08,0.13,0.04,0.13
2812,0.05,0.18,0.23,0.05,0.23
2813,0.35,0.17,0.52,0.35,0.52
2814,0.15,0.28,0.43,0.15,0.43
2815,0,0,0,0,0
2816,0.25,0.02,0.27,0.25,0.27
2817,0.08,0,0.08,0.08,0.08
2818,0.05,0.03,0.08,0.05,0.08
2819,0.12,0.29,0.41,0.12,0.41
2820,0.03,0.03,0.05,0.03,0.05
2821,0.11,0.22,0.33,0.11,0.33
2822,0.04,0.15,0.19,0.04,0.19
2823,0.25,0.26,0.51,0.22,0.48
