Unnamed: 0,Per 90 Minutes,Per 90 Minutes.1,Per 90 Minutes.2,Per 90 Minutes.3,Per 90 Minutes.4
Rk,Gls,Ast,G+A,G-PK,G+A-PK
1,0,0,0,0,0
2,0,0.05,0.05,0,0.05
3,0,0,0,0,0
4,0.09,0,0.09,0.09,0.09
5,0,0,0,0,0
6,0,0,0,0,0
7,0.09,0.03,0.12,0.09,0.12
8,0.3,0.2,0.49,0.3,0.49
9,0,0,0,0,0
10,0,0,0,0,0
11,0.07,0,0.07,0.07,0.07
12,0.52,0.09,0.61,0.52,0.61
13,0,0,0,0,0
14,0,0,0,0,0
15,0,0.03,0.03,0,0.03
16,0.9,0,0.9,0.9,0.9
17,0.04,0.08,0.12,0.04,0.12
18,0.3,0.17,0.47,0.3,0.47
19,0.05,0.05,0.1,0.05,0.1
20,0.38,0.56,0.94,0.38,0.94
21,0,0,0,0,0
22,0,0,0,0,0
23,0.07,0.19,0.26,0.07,0.26
24,0,0,0,0,0
25,0,0,0,0,0
26,0,0.06,0.06,0,0.06
27,0,0,0,0,0
28,0.13,0,0.13,0.13,0.13
29,0.07,0.13,0.2,0.07,0.2
30,0.09,0.03,0.11,0.09,0.11
31,0.64,0.16,0.81,0.48,0.64
32,0.04,0.12,0.16,0.04,0.16
33,0,0,0,0,0
34,0.2,0,0.2,0.2,0.2
35,0,0,0,0,0
36,0.08,0.08,0.17,0.08,0.17
37,0,0,0,0,0
38,0,0,0,0,0
39,0.07,0.03,0.1,0.07,0.1
40,0.06,0.06,0.13,0.06,0.13
41,0,0.48,0.48,0,0.48
42,0.06,0,0.06,0.06,0.06
43,0.49,0.12,0.61,0.36,0.49
44,0.08,0,0.08,0.08,0.08
45,0.1,0,0.1,0.1,0.1
46,0,0,0,0,0
47,0.11,0,0.11,0.11,0.11
48,0,0,0,0,0
49,0,0.09,0.09,0,0.09
50,0.08,0,0.08,0.08,0.08
51,0.07,0.13,0.2,0.07,0.2
52,0,0.12,0.12,0,0.12
53,0,0,0,0,0
54,0.8,0.14,0.94,0.65,0.8
55,0.09,0.15,0.24,0.09,0.24
56,0.31,0.07,0.38,0.31,0.38
57,0,0,0,0,0
58,0.05,0.26,0.31,0.05,0.31
59,0.35,0.23,0.58,0.29,0.52
60,0,0,0,0,0
61,0.05,0,0.05,0.05,0.05
62,0.04,0,0.04,0.04,0.04
63,0,0,0,0,0
64,0.04,0,0.04,0.04,0.04
65,0.11,0.11,0.22,0.11,0.22
66,0,0,0,0,0
67,0.13,0.13,0.26,0.13,0.26
68,0,0,0,0,0
69,0.06,0.21,0.27,0.06,0.27
70,0,0,0,0,0
71,0,0,0,0,0
72,0.07,0.11,0.18,0.07,0.18
73,0,0,0,0,0
74,0.03,0,0.03,0.03,0.03
75,0,0,0,0,0
76,0,0,0,0,0
77,0,0.15,0.15,0,0.15
78,0.15,0.04,0.19,0.15,0.19
79,0.19,0,0.19,0.19,0.19
80,0,0,0,0,0
81,0.05,0,0.05,0.05,0.05
82,0.06,0,0.06,0.06,0.06
83,0.1,0,0.1,0.1,0.1
84,0,0,0,0,0
85,0,0,0,0,0
86,0,0,0,0,0
87,0.12,0,0.12,0.12,0.12
88,0.11,0,0.11,0.11,0.11
89,0,0.12,0.12,0,0.12
90,0,0,0,0,0
91,0.1,0.29,0.38,0.1,0.38
92,0,0,0,0,0
93,0,0,0,0,0
94,0,0,0,0,0
95,0.03,0.03,0.07,0.03,0.07
96,0,0,0,0,0
97,0,0,0,0,0
98,0,0,0,0,0
99,0,0,0,0,0
100,0.24,0,0.24,0.16,0.16
101,0,0,0,0,0
102,0,0.03,0.03,0,0.03
103,0.18,0.07,0.25,0.18,0.25
104,0,0.05,0.05,0,0.05
105,0,0,0,0,0
106,0,0,0,0,0
107,0,0,0,0,0
108,0.17,0.17,0.33,0.17,0.33
109,0,0,0,0,0
110,0,0,0,0,0
111,0.05,0.28,0.32,0,0.28
112,0,0.03,0.03,0,0.03
113,0,0,0,0,0
114,0.46,0.23,0.68,0.46,0.68
115,0,0,0,0,0
116,0.35,0.15,0.51,0.25,0.4
117,0.1,0.26,0.36,0.1,0.36
118,0,0.12,0.12,0,0.12
119,0,0,0,0,0
120,0.09,0,0.09,0.09,0.09
121,0,0,0,0,0
122,0.24,0.12,0.36,0.24,0.36
123,0,0,0,0,0
124,0.12,0.06,0.18,0.12,0.18
125,0,0.03,0.03,0,0.03
126,0,0,0,0,0
127,0,0,0,0,0
128,0,0,0,0,0
129,0,0,0,0,0
130,0,0,0,0,0
131,0.13,0.16,0.29,0.13,0.29
132,0.1,0.21,0.31,0.1,0.31
133,0,0,0,0,0
134,0,0,0,0,0
135,0,0,0,0,0
136,0.15,0,0.15,0.15,0.15
137,0,0,0,0,0
138,0.12,0,0.12,0.12,0.12
139,0,0,0,0,0
140,0.24,0.1,0.34,0.24,0.34
141,0,0,0,0,0
142,0.44,0.41,0.85,0.28,0.69
143,0.11,0.11,0.22,0.11,0.22
144,0,0,0,0,0
145,0.09,0,0.09,0.09,0.09
146,0.39,0.12,0.5,0.31,0.42
147,0,0.03,0.03,0,0.03
148,0.03,0.08,0.11,0.03,0.11
149,0,0,0,0,0
150,0,0.18,0.18,0,0.18
151,0.11,0.17,0.28,0.11,0.28
152,0,0,0,0,0
153,0,0,0,0,0
154,0.33,0.13,0.46,0.33,0.46
155,0,0,0,0,0
156,0.04,0.13,0.17,0.04,0.17
157,0,0,0,0,0
158,0,0,0,0,0
159,0,0,0,0,0
160,0.04,0.08,0.12,0.04,0.12
161,0,0,0,0,0
162,0.57,0,0.57,0.57,0.57
163,0,0,0,0,0
164,0.04,0.15,0.19,0.04,0.19
165,0,0,0,0,0
166,0,0,0,0,0
167,0.17,0,0.17,0.17,0.17
168,0.33,0.11,0.45,0.33,0.45
169,0.38,0.34,0.71,0.38,0.71
170,0,0,0,0,0
171,0,0,0,0,0
172,0.09,0.05,0.14,0.09,0.14
173,0,0.11,0.11,0,0.11
174,0.2,0.24,0.44,0.2,0.44
175,0,0,0,0,0
176,0,0,0,0,0
177,0.08,0,0.08,0.08,0.08
178,0.53,0.08,0.6,0.53,0.6
179,0,0.06,0.06,0,0.06
180,1.08,0.2,1.27,1.08,1.27
181,0,0.05,0.05,0,0.05
182,0.11,0,0.11,0.11,0.11
183,0,0.41,0.41,0,0.41
184,0,0,0,0,0
185,0,0,0,0,0
186,0.18,0.27,0.45,0.18,0.45
187,0,0,0,0,0
188,0.5,0.21,0.71,0.44,0.65
189,0,0,0,0,0
190,0,0,0,0,0
191,0.33,0.13,0.46,0.26,0.39
192,0.23,0.1,0.33,0.23,0.33
193,0,0.07,0.07,0,0.07
194,0,0,0,0,0
195,0,0,0,0,0
196,0,0,0,0,0
197,0.05,0.11,0.16,0.05,0.16
198,0,0,0,0,0
199,0.09,0.22,0.31,0.09,0.31
200,0,0,0,0,0
201,0.13,0.19,0.31,0.13,0.31
202,0.18,0.06,0.24,0.18,0.24
203,0,0,0,0,0
204,0.18,0.28,0.46,0.18,0.46
205,0.2,0,0.2,0.14,0.14
206,0.42,0.19,0.6,0.42,0.6
207,0,0,0,0,0
208,0,0.12,0.12,0,0.12
209,0,0,0,0,0
210,0.08,0.08,0.16,0.08,0.16
211,0.21,0,0.21,0.21,0.21
212,0,0.08,0.08,0,0.08
213,0.25,0.25,0.49,0.25,0.49
214,0.1,0.03,0.14,0.1,0.14
215,0,0.28,0.28,0,0.28
216,0,0.05,0.05,0,0.05
217,0,0,0,0,0
218,0,0.03,0.03,0,0.03
219,0.14,0.03,0.17,0.14,0.17
220,0,0,0,0,0
221,0,0.09,0.09,0,0.09
222,0.06,0.41,0.47,0.06,0.47
223,0,0,0,0,0
224,0.25,0.12,0.37,0.25,0.37
225,0.04,0,0.04,0.04,0.04
226,0,0,0,0,0
227,0,0,0,0,0
228,0.17,0,0.17,0.17,0.17
229,0.23,0.11,0.34,0.23,0.34
230,0,0.24,0.24,0,0.24
231,0.07,0.07,0.14,0.07,0.14
232,0,2.5,2.5,0,2.5
233,0.37,0.29,0.65,0.37,0.65
234,0.03,0,0.03,0.03,0.03
235,0.24,0.24,0.49,0.24,0.49
236,0,0,0,0,0
237,0.03,0.03,0.06,0.03,0.06
238,0.17,0.17,0.34,0.17,0.34
239,0,0,0,0,0
240,0,0,0,0,0
241,0,0,0,0,0
242,0,0.15,0.15,0,0.15
243,0,0,0,0,0
244,0,0,0,0,0
245,0.07,0.07,0.14,0.07,0.14
246,0,0,0,0,0
247,0.04,0.04,0.09,0.04,0.09
248,0.04,0.09,0.13,0.04,0.13
249,0.05,0.16,0.21,0.05,0.21
250,0.41,0.19,0.59,0.28,0.47
251,0.19,0,0.19,0.19,0.19
252,0,0,0,0,0
253,0.11,0.21,0.32,0.11,0.32
254,0,0,0,0,0
255,0.69,0.24,0.93,0.35,0.59
256,0,0.07,0.07,0,0.07
257,0,0,0,0,0
258,0.1,0.19,0.29,0,0.19
259,0,0,0,0,0
260,0.28,0.17,0.46,0.23,0.4
261,0.14,0.14,0.27,0.14,0.27
262,0,0.6,0.6,0,0.6
263,0,0,0,0,0
264,0,0,0,0,0
265,0,0,0,0,0
266,0,0,0,0,0
267,0,0,0,0,0
268,0,0.14,0.14,0,0.14
269,0.06,0.39,0.45,0.06,0.45
270,0,0,0,0,0
271,0.2,0,0.2,0.15,0.15
272,0,0,0,0,0
273,0,0,0,0,0
274,0,0.15,0.15,0,0.15
275,0.5,0.05,0.55,0.5,0.55
276,0.72,0.28,1,0.68,0.96
277,0.44,0.22,0.66,0,0.22
278,0,0,0,0,0
279,0.62,0.25,0.87,0.36,0.62
280,0,0,0,0,0
281,0.05,0.16,0.21,0.05,0.21
282,0,0,0,0,0
283,0.32,0.16,0.47,0.32,0.47
284,0.03,0,0.03,0.03,0.03
285,0.13,0,0.13,0.13,0.13
286,0.08,0.08,0.16,0,0.08
287,0.07,0.22,0.3,0.07,0.3
288,0,0.16,0.16,0,0.16
289,0.2,0,0.2,0.2,0.2
290,0,0.19,0.19,0,0.19
291,0,0,0,0,0
292,0,0,0,0,0
293,0,0,0,0,0
294,0,0,0,0,0
295,0,0,0,0,0
296,0,0.03,0.03,0,0.03
297,0,0.29,0.29,0,0.29
298,0,0,0,0,0
299,0,0,0,0,0
300,0.67,0,0.67,0.67,0.67
301,0,0,0,0,0
302,0.7,0,0.7,0.7,0.7
303,0,0,0,0,0
304,0.29,0.07,0.36,0.29,0.36
305,0.03,0.16,0.19,0.03,0.19
306,0,0,0,0,0
307,0.03,0,0.03,0.03,0.03
308,0.24,0.06,0.3,0.18,0.24
309,0,0,0,0,0
310,0.16,0,0.16,0.16,0.16
311,0,0,0,0,0
312,0.32,0.13,0.45,0.32,0.45
313,0,0,0,0,0
314,0.04,0.04,0.08,0.04,0.08
315,0,0.1,0.1,0,0.1
316,0,0,0,0,0
317,0.09,0.17,0.26,0.09,0.26
318,0,0.05,0.05,0,0.05
319,0,0,0,0,0
320,0.2,0.1,0.3,0.2,0.3
321,0,0.32,0.32,0,0.32
322,0.16,0,0.16,0.16,0.16
323,0.14,0.14,0.27,0.14,0.27
324,0.05,0.05,0.1,0.05,0.1
325,0.12,0.08,0.2,0.12,0.2
326,0.32,0.32,0.64,0.32,0.64
327,0,0.69,0.69,0,0.69
328,0,0,0,0,0
329,0.09,0,0.09,0.09,0.09
330,0,0,0,0,0
331,0,0,0,0,0
332,0.04,0.04,0.09,0.04,0.09
333,0,0,0,0,0
334,0.23,0.13,0.36,0.13,0.26
335,0.16,0.1,0.26,0.16,0.26
336,0,0.14,0.14,0,0.14
337,0.12,0,0.12,0.12,0.12
338,0.15,0,0.15,0.15,0.15
339,0.19,0.26,0.45,0.16,0.42
340,0.03,0,0.03,0.03,0.03
341,0,0,0,0,0
342,0.17,0,0.17,0.17,0.17
343,0.21,0.18,0.39,0.21,0.39
344,0,0,0,0,0
345,0.28,0.18,0.46,0.28,0.46
346,0.06,0,0.06,0.06,0.06
347,0.03,0.06,0.09,0.03,0.09
348,0.23,0.07,0.3,0.23,0.3
349,0,0.28,0.28,0,0.28
350,0,0,0,0,0
351,0.78,0,0.78,0.78,0.78
352,0.07,0.14,0.21,0.07,0.21
353,0.09,0.09,0.17,0.09,0.17
354,0.15,0.15,0.31,0.15,0.31
355,0.18,0.12,0.3,0.18,0.3
356,0.2,0,0.2,0.2,0.2
357,0.09,0.09,0.19,0.09,0.19
358,0,0,0,0,0
359,0,0,0,0,0
360,0,0,0,0,0
361,0.35,0.15,0.5,0.35,0.5
362,0.15,0,0.15,0.15,0.15
363,0,0,0,0,0
364,0,0,0,0,0
365,0,0,0,0,0
366,0.16,0.32,0.47,0,0.32
367,0,0,0,0,0
368,0,0,0,0,0
369,0.05,0,0.05,0.03,0.03
370,0.06,0,0.06,0.06,0.06
371,0.13,0.06,0.19,0,0.06
372,0,0.03,0.03,0,0.03
373,0.07,0.21,0.28,0.07,0.28
374,0.06,0.06,0.11,0.06,0.11
375,0,0,0,0,0
376,0.19,0.38,0.57,0.19,0.57
377,0,0.03,0.03,0,0.03
378,0,0,0,0,0
379,0,0,0,0,0
380,0.16,0.12,0.28,0.16,0.28
381,0.13,0,0.13,0.13,0.13
382,0.09,0,0.09,0.09,0.09
383,0,0,0,0,0
384,0.61,0,0.61,0.61,0.61
385,0,0,0,0,0
386,0.09,0,0.09,0.09,0.09
387,0,0,0,0,0
388,0.24,0.08,0.32,0.08,0.16
389,0,0,0,0,0
390,0.13,0,0.13,0.13,0.13
391,0,0,0,0,0
392,0.07,0.07,0.14,0.07,0.14
393,0,0,0,0,0
394,0.04,0,0.04,0.04,0.04
395,0,0,0,0,0
396,0,0,0,0,0
397,0,0.08,0.08,0,0.08
398,0,0.18,0.18,0,0.18
399,0,0,0,0,0
400,0,0,0,0,0
401,0,0,0,0,0
402,0,0,0,0,0
403,0,0,0,0,0
404,0,0,0,0,0
405,0.1,0.1,0.19,0.1,0.19
406,0.08,0.08,0.16,0.08,0.16
407,0,0.06,0.06,0,0.06
408,0.17,0.09,0.26,0.17,0.26
409,0.05,0.05,0.1,0.05,0.1
410,0.04,0,0.04,0.04,0.04
411,0.78,0,0.78,0.68,0.68
412,0,0,0,0,0
413,0.12,0.12,0.24,0.12,0.24
414,0.12,0,0.12,0.12,0.12
415,0,0,0,0,0
416,0,0,0,0,0
417,0.07,0.03,0.1,0.07,0.1
418,0,0,0,0,0
419,0,0,0,0,0
420,0.11,0,0.11,0.11,0.11
421,0.06,0.03,0.1,0.06,0.1
422,0.14,0.31,0.45,0.1,0.41
423,0,0,0,0,0
424,0,0,0,0,0
425,0.2,0.14,0.34,0.14,0.27
426,0,0.14,0.14,0,0.14
427,0.29,0.12,0.41,0.29,0.41
428,0.5,0,0.5,0.5,0.5
429,0.1,0,0.1,0.1,0.1
430,0,0,0,0,0
431,0.08,0.05,0.14,0.08,0.14
432,0.04,0.07,0.11,0.04,0.11
433,0.12,0.24,0.36,0,0.24
434,0.04,0.17,0.21,0.04,0.21
435,0.29,0.22,0.5,0.22,0.43
436,0.08,0.12,0.2,0.08,0.2
437,0.18,0.29,0.47,0.11,0.4
438,0,0,0,0,0
439,0.08,0.04,0.13,0.08,0.13
440,0.13,0.13,0.26,0.13,0.26
441,0.08,0,0.08,0.08,0.08
442,0,0,0,0,0
443,0.24,0.29,0.53,0.24,0.53
444,0.58,0.27,0.85,0.42,0.69
445,0,0.05,0.05,0,0.05
446,0,0.08,0.08,0,0.08
447,0,0.03,0.03,0,0.03
448,0,0,0,0,0
449,0.31,0.04,0.35,0.31,0.35
450,0,0,0,0,0
451,0,0,0,0,0
452,0.03,0,0.03,0.03,0.03
453,0,0.31,0.31,0,0.31
454,0,0.07,0.07,0,0.07
455,0.25,0.41,0.66,0.25,0.66
456,0.35,0,0.35,0.35,0.35
457,0.27,0.18,0.45,0.27,0.45
458,0.23,0,0.23,0.23,0.23
459,0,0,0,0,0
460,0,0.19,0.19,0,0.19
461,0.35,0,0.35,0.35,0.35
462,0.15,0,0.15,0.15,0.15
463,0.19,0.12,0.31,0.19,0.31
464,0,0.08,0.08,0,0.08
465,0,0,0,0,0
466,0,0,0,0,0
467,0.04,0.04,0.09,0.04,0.09
468,0,0,0,0,0
469,0.08,0.12,0.19,0.08,0.19
470,0,0,0,0,0
471,0.05,0,0.05,0.05,0.05
472,0.08,0,0.08,0.08,0.08
473,0.21,0.1,0.31,0.21,0.31
474,0,0,0,0,0
475,0.19,0.12,0.31,0.19,0.31
476,0,0,0,0,0
477,0.11,0,0.11,0.07,0.07
478,0.65,0.2,0.85,0.65,0.85
479,0,0.17,0.17,0,0.17
480,0,0,0,0,0
481,0,0,0,0,0
482,0.11,0.08,0.19,0.11,0.19
483,0,0.2,0.2,0,0.2
484,0.03,0,0.03,0.03,0.03
485,0,0,0,0,0
486,0.24,0,0.24,0.24,0.24
487,0,0,0,0,0
488,0.05,0.05,0.11,0.05,0.11
489,0,0,0,0,0
490,0.06,0,0.06,0.06,0.06
491,0.22,0,0.22,0.22,0.22
492,0,0,0,0,0
493,0,0,0,0,0
494,0,0,0,0,0
495,0.08,0.08,0.16,0.08,0.16
496,0,0.24,0.24,0,0.24
497,0.21,0,0.21,0.21,0.21
498,0,0,0,0,0
499,0.34,0.06,0.4,0.29,0.34
500,0.1,0.03,0.13,0.1,0.13
501,0,0.11,0.11,0,0.11
502,0,0,0,0,0
503,0,0,0,0,0
504,0.13,0.39,0.52,0.13,0.52
505,0,0.25,0.25,0,0.25
506,0,0.06,0.06,0,0.06
507,0.37,0.37,0.75,0.37,0.75
508,0.33,0.33,0.65,0.33,0.65
509,0.12,0.2,0.31,0.12,0.31
510,0.1,0.05,0.15,0.1,0.15
511,0,0.08,0.08,0,0.08
512,0,0.23,0.23,0,0.23
513,0,0,0,0,0
514,0,0,0,0,0
515,0,0.14,0.14,0,0.14
516,0,0,0,0,0
517,0,0,0,0,0
518,0.26,0.13,0.4,0.26,0.4
519,0,0.42,0.42,0,0.42
520,0,0,0,0,0
521,0,0,0,0,0
522,0,0,0,0,0
523,0,0,0,0,0
524,0,0,0,0,0
525,0,0,0,0,0
526,0,0,0,0,0
527,0,0,0,0,0
528,0.05,0,0.05,0.05,0.05
529,0.19,0.24,0.42,0.19,0.42
530,0.11,0.21,0.32,0.11,0.32
531,0,0.1,0.1,0,0.1
532,0,0.08,0.08,0,0.08
533,0.03,0,0.03,0.03,0.03
534,0,0.12,0.12,0,0.12
535,0,0,0,0,0
536,0,0.17,0.17,0,0.17
537,0.12,0,0.12,0.12,0.12
538,0.07,0,0.07,0.07,0.07
539,0,0,0,0,0
540,0,0,0,0,0
541,0,0,0,0,0
542,0.26,0.51,0.77,0.26,0.77
543,0.05,0,0.05,0.05,0.05
544,0.23,0.11,0.34,0.23,0.34
545,0,0,0,0,0
546,0,0,0,0,0
547,0,0,0,0,0
548,0.04,0,0.04,0.04,0.04
549,0,0,0,0,0
550,0,0,0,0,0
551,0,0.04,0.04,0,0.04
552,0,0,0,0,0
553,0,0,0,0,0
554,0,0,0,0,0
555,0.41,0.06,0.47,0.41,0.47
556,0.17,0.08,0.25,0.17,0.25
557,0,0,0,0,0
558,0.05,0.19,0.24,0.05,0.24
559,0.07,0.18,0.26,0.07,0.26
560,0.34,0.3,0.64,0.34,0.64
561,0.37,0.14,0.51,0.33,0.47
562,0,0.16,0.16,0,0.16
563,0,0,0,0,0
564,0.04,0.04,0.08,0.04,0.08
565,0,0,0,0,0
566,0,0.07,0.07,0,0.07
567,0,0,0,0,0
568,0.57,0.57,1.14,0.57,1.14
569,0.87,0,0.87,0.43,0.43
570,0,0,0,0,0
571,0.28,0.28,0.56,0.28,0.56
572,0.23,0.23,0.47,0.23,0.47
573,0,0.26,0.26,0,0.26
574,0,0,0,0,0
575,0,0,0,0,0
576,0,0.21,0.21,0,0.21
577,0.28,0.09,0.37,0.18,0.28
578,0.05,0.05,0.11,0.05,0.11
579,0,0,0,0,0
580,0.09,0,0.09,0.09,0.09
581,0.12,0.06,0.18,0.12,0.18
582,0,0,0,0,0
583,0.28,0.28,0.55,0.28,0.55
584,0,0,0,0,0
585,0,0,0,0,0
586,0,0,0,0,0
587,0,0.23,0.23,0,0.23
588,0.05,0,0.05,0,0
589,0.04,0.13,0.17,0.04,0.17
590,0,0,0,0,0
591,0,0,0,0,0
592,0.08,0.41,0.5,0.04,0.46
593,0.04,0,0.04,0.04,0.04
594,0,0,0,0,0
595,0.12,0.18,0.31,0.12,0.31
596,0.08,0.06,0.14,0.08,0.14
597,0.18,0.09,0.26,0.18,0.26
598,0,0,0,0,0
599,0.29,0.17,0.46,0.21,0.38
600,0,0,0,0,0
601,0,0,0,0,0
602,0,0,0,0,0
603,0,0,0,0,0
604,0,0,0,0,0
605,0.04,0,0.04,0.04,0.04
606,0.08,0,0.08,0.08,0.08
607,0.39,0,0.39,0.39,0.39
608,0.14,0,0.14,0.14,0.14
609,0,0,0,0,0
610,0.36,0,0.36,0.36,0.36
611,0.07,0.13,0.2,0.07,0.2
612,0,0,0,0,0
613,0.07,0.07,0.14,0.07,0.14
614,0,0,0,0,0
615,0.21,0.05,0.26,0.21,0.26
616,0.08,0.08,0.17,0.08,0.17
617,0.1,0.2,0.3,0.1,0.3
618,0.06,0,0.06,0.06,0.06
619,0.03,0.12,0.15,0.03,0.15
620,0.07,0,0.07,0.07,0.07
621,0,0,0,0,0
622,0.23,0.12,0.35,0.23,0.35
623,0,0,0,0,0
624,0,0,0,0,0
625,0,0.11,0.11,0,0.11
626,0.05,0.28,0.33,0.05,0.33
627,0,0,0,0,0
628,0.23,0.23,0.47,0.23,0.47
629,0,0,0,0,0
630,0.5,0.08,0.57,0.5,0.57
631,0.05,0.1,0.15,0.05,0.15
632,0,0.07,0.07,0,0.07
633,0,0.06,0.06,0,0.06
634,0.32,0.32,0.65,0.32,0.65
635,0,0,0,0,0
636,0,0,0,0,0
637,0.14,0,0.14,0.14,0.14
638,0.27,0.54,0.81,0.18,0.72
639,0,0,0,0,0
640,0.25,0.25,0.51,0.17,0.42
641,0,0,0,0,0
642,0,0.06,0.06,0,0.06
643,0.08,0,0.08,0.08,0.08
644,0,0,0,0,0
645,0.05,0.1,0.15,0.05,0.15
646,0.09,0.04,0.13,0.09,0.13
647,0.2,0.2,0.4,0.2,0.4
648,0,0,0,0,0
649,0,0,0,0,0
650,0,0.69,0.69,0,0.69
651,0,0,0,0,0
652,0.15,0.1,0.25,0.15,0.25
653,0.07,0.07,0.14,0.07,0.14
654,0,0,0,0,0
655,0,0.1,0.1,0,0.1
656,0,0,0,0,0
657,0,0,0,0,0
658,0.54,0.33,0.87,0.54,0.87
659,0,0,0,0,0
660,0,0,0,0,0
661,0.13,0,0.13,0.13,0.13
662,0.3,0.15,0.46,0.3,0.46
663,0,0.1,0.1,0,0.1
664,0.21,0.15,0.36,0.21,0.36
665,0.3,0.36,0.66,0.3,0.66
666,0.11,0.17,0.28,0.11,0.28
667,0.03,0,0.03,0.03,0.03
668,0.04,0,0.04,0.04,0.04
669,0.17,0.17,0.34,0.17,0.34
670,0,0.19,0.19,0,0.19
671,0,0,0,0,0
672,0,0,0,0,0
673,0,0,0,0,0
674,0,0,0,0,0
675,0.62,0.37,0.99,0.37,0.74
676,0,0,0,0,0
677,0,0,0,0,0
678,0,0,0,0,0
679,0,0,0,0,0
680,0.09,0.05,0.14,0.09,0.14
681,0.62,0.06,0.67,0.62,0.67
682,0.15,0.15,0.3,0.15,0.3
683,0.1,0.31,0.41,0.1,0.41
684,0,0,0,0,0
685,0,0,0,0,0
686,0,0,0,0,0
687,0.08,0.17,0.25,0.08,0.25
688,0.24,0.44,0.68,0.24,0.68
689,0,0,0,0,0
690,0,0,0,0,0
691,0.43,0.03,0.46,0.28,0.31
692,0,0,0,0,0
693,0.15,0.41,0.57,0.15,0.57
694,0.23,0.15,0.38,0.23,0.38
695,0.04,0,0.04,0.04,0.04
696,0,0.06,0.06,0,0.06
697,0,0.54,0.54,0,0.54
698,0,0,0,0,0
699,0.35,0.12,0.47,0.31,0.43
700,0,0,0,0,0
701,0,0,0,0,0
702,0,0,0,0,0
703,0,0,0,0,0
704,0.07,0,0.07,0.07,0.07
705,0,0,0,0,0
706,0.23,0.34,0.57,0.23,0.57
707,0.22,0.45,0.67,0.22,0.67
708,0.03,0,0.03,0.03,0.03
709,0.23,0,0.23,0.23,0.23
710,0.14,0,0.14,0.14,0.14
711,0.29,0.22,0.51,0.29,0.51
712,0,0.22,0.22,0,0.22
713,0.37,0.28,0.65,0.37,0.65
714,0,0,0,0,0
715,0,0,0,0,0
716,0,0.23,0.23,0,0.23
717,0.24,0,0.24,0.24,0.24
718,0,0,0,0,0
719,0,0.17,0.17,0,0.17
720,0.17,0.1,0.28,0.17,0.28
721,0,0,0,0,0
722,0.83,0,0.83,0.83,0.83
723,0,0,0,0,0
724,0.26,0.05,0.31,0.21,0.26
725,0.13,0,0.13,0.13,0.13
726,0.04,0.04,0.08,0.04,0.08
727,0.31,0.04,0.36,0.31,0.36
728,0,0,0,0,0
729,0,0,0,0,0
730,0,0,0,0,0
731,0.13,0,0.13,0.13,0.13
732,0,0,0,0,0
733,0,0.03,0.03,0,0.03
734,0.07,0,0.07,0.07,0.07
735,0.06,0,0.06,0.06,0.06
736,0,0,0,0,0
737,0,0.1,0.1,0,0.1
738,0.03,0,0.03,0,0
739,0.16,0.07,0.23,0.16,0.23
740,0,0,0,0,0
741,0,0.15,0.15,0,0.15
742,0.08,0.12,0.19,0.08,0.19
743,0.28,0.09,0.37,0.19,0.28
744,0,0,0,0,0
745,0,0,0,0,0
746,0,0,0,0,0
747,0.07,0,0.07,0.07,0.07
748,0,0,0,0,0
749,0,0,0,0,0
750,0,0,0,0,0
751,0,0,0,0,0
752,0.09,0,0.09,0.09,0.09
753,0.44,0.22,0.66,0.33,0.55
754,0,0,0,0,0
755,0.07,0.11,0.18,0.07,0.18
756,0.07,0.03,0.1,0.07,0.1
757,0,0,0,0,0
758,0,0,0,0,0
759,0,0,0,0,0
760,0,0,0,0,0
761,0,0.1,0.1,0,0.1
762,0,0.04,0.04,0,0.04
763,0.08,0,0.08,0.08,0.08
764,0,0.03,0.03,0,0.03
765,0,0,0,0,0
766,0,0,0,0,0
767,0,0,0,0,0
768,0.34,0.25,0.59,0.34,0.59
769,0.15,0.07,0.22,0.15,0.22
770,0,0,0,0,0
771,0.04,0,0.04,0.04,0.04
772,0,0,0,0,0
773,0.04,0,0.04,0.04,0.04
774,0.04,0.04,0.07,0.04,0.07
775,0.06,0.12,0.19,0.06,0.19
776,0,0,0,0,0
777,0.25,0.18,0.43,0.14,0.32
778,0,0,0,0,0
779,0,0.23,0.23,0,0.23
780,0.07,0,0.07,0.07,0.07
781,0,0,0,0,0
782,0,0.08,0.08,0,0.08
783,0.15,0,0.15,0.15,0.15
784,0.33,0,0.33,0.33,0.33
785,0.06,0.12,0.18,0.06,0.18
786,0,0,0,0,0
787,0.04,0,0.04,0.04,0.04
788,0.32,0.24,0.56,0.32,0.56
789,0.35,0.15,0.49,0.35,0.49
790,0.04,0.04,0.08,0.04,0.08
791,0,1.73,1.73,0,1.73
792,0,0,0,0,0
793,0.05,0,0.05,0.05,0.05
794,0,0,0,0,0
795,0,0.03,0.03,0,0.03
796,0,0,0,0,0
797,0,0.03,0.03,0,0.03
798,0,0,0,0,0
799,0.06,0.15,0.21,0.06,0.21
800,0,0,0,0,0
801,0,0.08,0.08,0,0.08
802,0.08,0.04,0.12,0.08,0.12
803,0,0,0,0,0
804,0.58,0,0.58,0.58,0.58
805,0.2,0.15,0.35,0.2,0.35
806,0.24,0.12,0.36,0.24,0.36
807,0,0,0,0,0
808,0.06,0,0.06,0.06,0.06
809,0.05,0,0.05,0.05,0.05
810,0.11,0.04,0.14,0.11,0.14
811,0.19,0,0.19,0.19,0.19
812,0.49,0.16,0.65,0.49,0.65
813,0.31,0.12,0.44,0.31,0.44
814,0.03,0.12,0.15,0.03,0.15
815,0,0,0,0,0
816,0.51,0,0.51,0.51,0.51
817,0,0,0,0,0
818,0.7,0,0.7,0.7,0.7
819,0.2,0,0.2,0.2,0.2
820,0.09,0.09,0.18,0.09,0.18
821,0.19,0,0.19,0.19,0.19
822,0.19,0,0.19,0.19,0.19
823,0.15,0.05,0.2,0.15,0.2
824,0,0,0,0,0
825,0,0.12,0.12,0,0.12
826,0,0,0,0,0
827,0.11,0.11,0.21,0.11,0.21
828,0.16,0,0.16,0.16,0.16
829,0,0.1,0.1,0,0.1
830,0,0,0,0,0
831,0,0.15,0.15,0,0.15
832,0,0,0,0,0
833,0,0,0,0,0
834,0,0,0,0,0
835,0.07,0.07,0.15,0.07,0.15
836,0,0.11,0.11,0,0.11
837,0.25,0,0.25,0.25,0.25
838,0.14,0.21,0.35,0.14,0.35
839,0,0,0,0,0
840,0,0,0,0,0
841,0,0,0,0,0
842,0,0.06,0.06,0,0.06
843,0.21,0.31,0.51,0,0.31
844,0,0,0,0,0
845,0,0,0,0,0
846,0.03,0,0.03,0.03,0.03
847,0,0,0,0,0
848,0,0,0,0,0
849,0.19,0.16,0.34,0.16,0.31
850,0,0,0,0,0
851,0.25,0.25,0.5,0.25,0.5
852,0,0,0,0,0
853,0,0,0,0,0
854,0,0,0,0,0
855,0.12,0.22,0.34,0.12,0.34
856,0,0.08,0.08,0,0.08
857,0.24,0.12,0.36,0.24,0.36
858,0,0,0,0,0
859,0,0,0,0,0
860,0.84,0,0.84,0.84,0.84
861,0,0.28,0.28,0,0.28
862,0.53,0,0.53,0.53,0.53
863,0.22,0,0.22,0.22,0.22
864,0.17,0.21,0.38,0.14,0.34
865,0,0,0,0,0
866,0,0,0,0,0
867,0.03,0,0.03,0.03,0.03
868,0.4,0.29,0.69,0.34,0.63
869,0.18,0.3,0.49,0.15,0.46
870,0.52,0.35,0.87,0.26,0.61
871,0,0.11,0.11,0,0.11
872,0,0,0,0,0
873,0.18,0.05,0.23,0.09,0.14
874,0,0,0,0,0
875,0,0,0,0,0
876,0,0,0,0,0
877,0,0,0,0,0
878,0.23,0.46,0.69,0.23,0.69
879,0,0,0,0,0
880,0.04,0,0.04,0.04,0.04
881,0,0.15,0.15,0,0.15
882,0.11,0.14,0.25,0.11,0.25
883,0,0.1,0.1,0,0.1
884,0.07,0.14,0.21,0.07,0.21
885,0,0.08,0.08,0,0.08
886,0.3,0,0.3,0.3,0.3
887,0,0.1,0.1,0,0.1
888,0,0,0,0,0
889,0.23,0.11,0.34,0.15,0.26
890,0,0,0,0,0
891,0,0.17,0.17,0,0.17
892,0.29,0.22,0.51,0.29,0.51
893,0.31,0.31,0.62,0.31,0.62
894,0,0.07,0.07,0,0.07
895,0,0,0,0,0
896,0.25,0,0.25,0.25,0.25
897,2.09,0,2.09,2.09,2.09
898,0.12,0.06,0.18,0.12,0.18
899,0,0,0,0,0
900,0.5,0.28,0.78,0.5,0.78
901,0,0,0,0,0
902,0.08,0.12,0.19,0.08,0.19
903,0,0,0,0,0
904,0,0,0,0,0
905,0,0.09,0.09,0,0.09
906,0,0.08,0.08,0,0.08
907,0,0,0,0,0
908,0.04,0.04,0.08,0.04,0.08
909,0,0,0,0,0
910,0,0,0,0,0
911,0.08,0,0.08,0.08,0.08
912,0.16,0.16,0.33,0.16,0.33
913,0.17,0.14,0.31,0.17,0.31
914,0.41,0.23,0.64,0.29,0.53
915,0,0,0,0,0
916,0.18,0.06,0.24,0.18,0.24
917,0,0,0,0,0
918,0,0,0,0,0
919,0,0,0,0,0
920,0,0,0,0,0
921,0,0.09,0.09,0,0.09
922,0,0.14,0.14,0,0.14
923,0,0,0,0,0
924,0,0.13,0.13,0,0.13
925,0,0.06,0.06,0,0.06
926,0,0,0,0,0
927,0,0.19,0.19,0,0.19
928,0.04,0,0.04,0.04,0.04
929,0.16,0.16,0.32,0.16,0.32
930,0.07,0.1,0.17,0.07,0.17
931,0,0,0,0,0
932,0.15,0.06,0.21,0.15,0.21
933,0,0,0,0,0
934,0.16,0.37,0.54,0.16,0.54
935,0,0,0,0,0
936,0.23,0.1,0.33,0.2,0.3
937,0.62,0,0.62,0.41,0.41
938,0,0,0,0,0
939,0.03,0.09,0.12,0.03,0.12
940,0,0,0,0,0
941,0,0,0,0,0
942,0,0,0,0,0
943,0.31,0.21,0.52,0.21,0.41
944,0,0.22,0.22,0,0.22
945,0.22,0.15,0.37,0.22,0.37
946,0.09,0.09,0.18,0.09,0.18
947,0.23,0,0.23,0.23,0.23
948,0.63,0.21,0.84,0.63,0.84
949,0.03,0.06,0.09,0.03,0.09
950,0.07,0.07,0.14,0.07,0.14
951,0,0.22,0.22,0,0.22
952,0.33,0.08,0.42,0.33,0.42
953,0.11,0.06,0.17,0.11,0.17
954,0.48,0,0.48,0.48,0.48
955,0,0.21,0.21,0,0.21
956,0.08,0,0.08,0.08,0.08
957,0,0.05,0.05,0,0.05
958,0.03,0,0.03,0.03,0.03
959,0,0,0,0,0
960,0,0,0,0,0
961,0.18,0,0.18,0.18,0.18
962,0.26,0.05,0.31,0.15,0.21
963,0.1,0.17,0.26,0.07,0.23
964,0,0,0,0,0
965,0,0,0,0,0
966,0,0.1,0.1,0,0.1
967,0,0,0,0,0
968,0.18,0.18,0.35,0.18,0.35
969,0,0,0,0,0
970,0,0,0,0,0
971,0,0,0,0,0
972,0,0,0,0,0
973,0.13,0.13,0.26,0.13,0.26
974,0.09,0.03,0.12,0.09,0.12
975,0,0,0,0,0
976,0.14,0.14,0.27,0.14,0.27
977,0,0,0,0,0
978,0.09,0.19,0.28,0.09,0.28
979,0.32,0,0.32,0.32,0.32
980,0.22,0.04,0.27,0.22,0.27
981,0.31,0,0.31,0.31,0.31
982,0,0,0,0,0
983,0.56,0,0.56,0.33,0.33
984,0,0.27,0.27,0,0.27
985,0,0,0,0,0
986,0,0,0,0,0
987,0.22,0,0.22,0.22,0.22
988,0,0,0,0,0
989,0,0,0,0,0
990,0,0,0,0,0
991,0,0,0,0,0
992,0.44,0.22,0.66,0.44,0.66
993,0,0,0,0,0
994,0.06,0.03,0.09,0.06,0.09
995,0.03,0.03,0.07,0.03,0.07
996,0.48,0,0.48,0.48,0.48
997,0.5,0.25,0.75,0.5,0.75
998,0.06,0.03,0.08,0.06,0.08
999,0.55,0.11,0.66,0.55,0.66
1000,0,0.07,0.07,0,0.07
1001,0.04,0,0.04,0.04,0.04
1002,0,0.64,0.64,0,0.64
1003,0.19,0.19,0.38,0.19,0.38
1004,0,0.05,0.05,0,0.05
1005,0.08,0,0.08,0.04,0.04
1006,0,0,0,0,0
1007,0.42,0.76,1.18,0.42,1.18
1008,0,0,0,0,0
1009,0,0.06,0.06,0,0.06
1010,0.11,0.11,0.22,0.11,0.22
1011,0,0.21,0.21,0,0.21
1012,0,0,0,0,0
1013,0.23,0.03,0.27,0.23,0.27
1014,0.14,0,0.14,0.11,0.11
1015,0.54,0.27,0.81,0.54,0.81
1016,0.3,0.1,0.39,0.3,0.39
1017,0,0,0,0,0
1018,0,0.11,0.11,0,0.11
1019,0,0,0,0,0
1020,0,0,0,0,0
1021,0,0.06,0.06,0,0.06
1022,0.37,0.09,0.47,0.19,0.28
1023,0.06,0.1,0.16,0.06,0.16
1024,0.04,0,0.04,0.04,0.04
1025,0.07,0,0.07,0.07,0.07
1026,0.58,0.19,0.77,0.29,0.48
1027,0,0,0,0,0
1028,0,0,0,0,0
1029,0,0,0,0,0
1030,0.26,0.26,0.53,0.26,0.53
1031,0,0.04,0.04,0,0.04
1032,0.36,0.21,0.57,0.36,0.57
1033,0.39,0.23,0.62,0.26,0.49
1034,0.03,0,0.03,0.03,0.03
1035,0,0.03,0.03,0,0.03
1036,0.08,0,0.08,0.08,0.08
1037,0,0,0,0,0
1038,0.04,0.08,0.12,0.04,0.12
1039,0,0,0,0,0
1040,0.2,0.41,0.61,0.2,0.61
1041,0.37,0,0.37,0.09,0.09
1042,0.25,0.41,0.66,0.25,0.66
1043,0,0,0,0,0
1044,0.35,0.1,0.44,0.35,0.44
1045,0.11,0.22,0.32,0.11,0.32
1046,0.33,0.25,0.58,0.25,0.5
1047,0,0,0,0,0
1048,0.45,0.24,0.69,0.41,0.66
1049,0.35,0.39,0.74,0.19,0.58
1050,0,0,0,0,0
1051,0.1,0.05,0.14,0.1,0.14
1052,0,0.06,0.06,0,0.06
1053,0.11,0.29,0.4,0,0.29
1054,0,0.61,0.61,0,0.61
1055,0,0,0,0,0
1056,0,0,0,0,0
1057,0,0,0,0,0
1058,0.07,0,0.07,0.07,0.07
1059,0.05,0.1,0.15,0,0.1
1060,0,0,0,0,0
1061,0.2,0.2,0.39,0.2,0.39
1062,0.1,0.05,0.15,0.1,0.15
1063,0.2,0.41,0.61,0.2,0.61
1064,0,0,0,0,0
1065,0,0,0,0,0
1066,0.04,0.04,0.09,0.04,0.09
1067,0.19,0.12,0.31,0.19,0.31
1068,0.09,0,0.09,0.09,0.09
1069,0.43,0,0.43,0.43,0.43
1070,0,0.12,0.12,0,0.12
1071,0.08,0.32,0.4,0.08,0.4
1072,0.05,0,0.05,0.05,0.05
1073,0.15,0.05,0.21,0.1,0.15
1074,0.51,0.05,0.56,0.46,0.51
1075,0,0,0,0,0
1076,0.09,0,0.09,0.09,0.09
1077,0.07,0,0.07,0.07,0.07
1078,0.58,0.09,0.67,0.53,0.62
1079,0.09,0.09,0.18,0.09,0.18
1080,0,0.1,0.1,0,0.1
1081,0,0.11,0.11,0,0.11
1082,0,0,0,0,0
1083,0.09,0.03,0.13,0.09,0.13
1084,0.1,0,0.1,0.1,0.1
1085,0,0.28,0.28,0,0.28
1086,0.13,0.19,0.32,0.13,0.32
1087,1.01,0.22,1.23,0.93,1.16
1088,0,0,0,0,0
1089,0.07,0,0.07,0.07,0.07
1090,0,0,0,0,0
1091,0.43,0.21,0.64,0.43,0.64
1092,0.35,0.13,0.49,0.35,0.49
1093,0.14,0.05,0.19,0.14,0.19
1094,0.08,0.04,0.13,0.08,0.13
1095,0.24,0.27,0.51,0.24,0.51
1096,0.29,0,0.29,0.29,0.29
1097,0.11,0.11,0.22,0.05,0.16
1098,0.42,0.21,0.64,0.32,0.53
1099,0.31,0.05,0.36,0.31,0.36
1100,0,0,0,0,0
1101,0,0,0,0,0
1102,0.09,0.21,0.3,0.09,0.3
1103,0,0,0,0,0
1104,0.25,0.25,0.51,0.25,0.51
1105,0,0,0,0,0
1106,0,0,0,0,0
1107,0.1,0.05,0.15,0.1,0.15
1108,0.14,0,0.14,0.14,0.14
1109,0.24,0.18,0.41,0.24,0.41
1110,0,0,0,0,0
1111,0.51,0.34,0.85,0.51,0.85
1112,0.14,0.41,0.55,0.14,0.55
1113,0.21,0.07,0.28,0.21,0.28
1114,0,0,0,0,0
1115,0,0.2,0.2,0,0.2
1116,0,0,0,0,0
1117,0,0,0,0,0
1118,0,0,0,0,0
1119,0.05,0.05,0.11,0.05,0.11
1120,0.13,0.06,0.19,0.13,0.19
1121,0,0.17,0.17,0,0.17
1122,0,0.24,0.24,0,0.24
1123,0.1,0,0.1,0.1,0.1
1124,0,0.67,0.67,0,0.67
1125,0,0,0,0,0
1126,0.11,0,0.11,0.11,0.11
1127,0.03,0.03,0.07,0.03,0.07
1128,0,0,0,0,0
1129,0,0.11,0.11,0,0.11
1130,0,0.42,0.42,0,0.42
1131,0.21,0.15,0.37,0.21,0.37
1132,0.29,0.12,0.41,0.25,0.37
1133,0.05,0.15,0.19,0.05,0.19
1134,0,0.13,0.13,0,0.13
1135,0,0,0,0,0
1136,0.12,0.04,0.16,0.12,0.16
1137,0,0.31,0.31,0,0.31
1138,0,0.37,0.37,0,0.37
1139,0,0.08,0.08,0,0.08
1140,0.49,0.29,0.78,0.46,0.75
1141,0,0,0,0,0
1142,0,0.04,0.04,0,0.04
1143,0.07,0.04,0.11,0.07,0.11
1144,0,0,0,0,0
1145,0,0,0,0,0
1146,0,0,0,0,0
1147,0.03,0.1,0.13,0.03,0.13
1148,0.3,0.54,0.84,0.15,0.69
1149,0,0,0,0,0
1150,0,0.04,0.04,0,0.04
1151,0.17,0.17,0.34,0.17,0.34
1152,0.04,0,0.04,0.04,0.04
1153,0,0,0,0,0
1154,0.29,0.15,0.44,0.29,0.44
1155,0.41,0.07,0.48,0.41,0.48
1156,0,0.05,0.05,0,0.05
1157,0,0,0,0,0
1158,0,0,0,0,0
1159,0.4,0.4,0.8,0.4,0.8
1160,0,0,0,0,0
1161,0.33,0,0.33,0.33,0.33
1162,0,0,0,0,0
1163,0.17,0.25,0.42,0.17,0.42
1164,0,0,0,0,0
1165,0.16,0,0.16,0.16,0.16
1166,0.61,0,0.61,0.61,0.61
1167,0.31,0.15,0.46,0.31,0.46
1168,0,0.1,0.1,0,0.1
1169,0.05,0.11,0.16,0.05,0.16
1170,0,0,0,0,0
1171,0.06,0.06,0.12,0.06,0.12
1172,0,0.08,0.08,0,0.08
1173,0,0,0,0,0
1174,0,0,0,0,0
1175,0,0.03,0.03,0,0.03
1176,0.9,0.12,1.02,0.72,0.84
1177,0.58,0.25,0.83,0.5,0.75
1178,0,0,0,0,0
1179,0.38,0,0.38,0.38,0.38
1180,0,0,0,0,0
1181,0,0,0,0,0
1182,0.7,0,0.7,0.38,0.38
1183,0,0,0,0,0
1184,0.74,0.12,0.86,0.74,0.86
1185,0.17,0.21,0.37,0.12,0.33
1186,0,0,0,0,0
1187,0.17,0.33,0.5,0.17,0.5
1188,0.1,0,0.1,0.1,0.1
1189,0.35,0.53,0.88,0.24,0.77
1190,0,0,0,0,0
1191,0.06,0,0.06,0.06,0.06
1192,0.63,0.19,0.82,0.51,0.69
1193,0.04,0,0.04,0.04,0.04
1194,0,0.31,0.31,0,0.31
1195,0.5,0.17,0.66,0.41,0.58
1196,0.14,0.23,0.37,0.14,0.37
1197,0.6,0.25,0.85,0.38,0.63
1198,0.11,0.23,0.34,0.11,0.34
1199,0,0,0,0,0
1200,0.05,0,0.05,0.05,0.05
1201,0.06,0,0.06,0.06,0.06
1202,0.65,0.08,0.73,0.65,0.73
1203,0,0.2,0.2,0,0.2
1204,0.07,0.07,0.14,0.07,0.14
1205,0,0,0,0,0
1206,0.06,0.12,0.18,0.06,0.18
1207,0.07,0,0.07,0.07,0.07
1208,0,0,0,0,0
1209,0.09,0,0.09,0.09,0.09
1210,0,0,0,0,0
1211,0,0.17,0.17,0,0.17
1212,0,0,0,0,0
1213,0.05,0.05,0.1,0.05,0.1
1214,0.3,0.1,0.4,0.3,0.4
1215,0.04,0.08,0.11,0.04,0.11
1216,0,0,0,0,0
1217,0,0.07,0.07,0,0.07
1218,0.22,0.11,0.34,0.22,0.34
1219,0,0,0,0,0
1220,0.36,0.44,0.8,0.09,0.53
1221,0,0,0,0,0
1222,0,0,0,0,0
1223,0.27,0.05,0.32,0.27,0.32
1224,0.16,0.16,0.31,0.16,0.31
1225,0.32,0,0.32,0.32,0.32
1226,0,0,0,0,0
1227,0,0.24,0.24,0,0.24
1228,0,0,0,0,0
1229,0.39,0.17,0.57,0.39,0.57
1230,0,0,0,0,0
1231,0.44,0,0.44,0.44,0.44
1232,0.14,0.42,0.56,0.14,0.56
1233,0,0,0,0,0
1234,0.18,0.09,0.27,0.14,0.23
1235,0,0,0,0,0
1236,0.17,0,0.17,0.17,0.17
1237,0,0.03,0.03,0,0.03
1238,0.08,0.15,0.23,0.08,0.23
1239,0.09,0.11,0.2,0.09,0.2
1240,0.28,0,0.28,0.28,0.28
1241,0,0.21,0.21,0,0.21
1242,0.04,0.22,0.26,0.04,0.26
1243,0.31,0.04,0.36,0,0.04
1244,0.19,0.09,0.28,0.19,0.28
1245,0.08,0,0.08,0.08,0.08
1246,0.39,0.13,0.52,0.39,0.52
1247,0.33,0.09,0.42,0.27,0.36
1248,0,0.05,0.05,0,0.05
1249,0.13,0,0.13,0.13,0.13
1250,0,0.13,0.13,0,0.13
1251,0.73,0,0.73,0.73,0.73
1252,0.67,0,0.67,0.67,0.67
1253,0,0,0,0,0
1254,0.4,0.1,0.5,0.4,0.5
1255,0.3,0,0.3,0.3,0.3
1256,0.25,0.1,0.35,0.25,0.35
1257,0.14,0.14,0.27,0.14,0.27
1258,0.09,0.04,0.13,0.09,0.13
1259,0,0,0,0,0
1260,0,0,0,0,0
1261,0,0,0,0,0
1262,0,0,0,0,0
1263,0.29,0.1,0.39,0.29,0.39
1264,0,0.23,0.23,0,0.23
1265,0.45,0.13,0.58,0.45,0.58
1266,0,0,0,0,0
1267,0.2,0,0.2,0.2,0.2
1268,0.41,0.19,0.6,0.15,0.34
1269,0.67,0.21,0.88,0.67,0.88
1270,0,0,0,0,0
1271,0.52,0.22,0.74,0.52,0.74
1272,0.17,0,0.17,0.17,0.17
1273,0,0,0,0,0
1274,0.37,0.09,0.47,0.37,0.47
1275,0.12,0.12,0.25,0.12,0.25
1276,0.19,0.46,0.65,0.19,0.65
1277,0,0,0,0,0
1278,0.16,0,0.16,0.16,0.16
1279,0,0,0,0,0
1280,0,0.06,0.06,0,0.06
1281,0.06,0.03,0.09,0.06,0.09
1282,0,0,0,0,0
1283,0,0.05,0.05,0,0.05
1284,0.67,0.41,1.08,0.55,0.96
1285,0,0,0,0,0
1286,0,0.29,0.29,0,0.29
1287,0,0.08,0.08,0,0.08
1288,0,0,0,0,0
1289,0.14,0.07,0.21,0.14,0.21
1290,0,0,0,0,0
1291,0,0,0,0,0
1292,0,0,0,0,0
1293,0,0,0,0,0
1294,0.04,0.21,0.25,0.04,0.25
1295,0,0,0,0,0
1296,0,0,0,0,0
1297,0,0,0,0,0
1298,0.69,0,0.69,0.69,0.69
1299,0.09,0.03,0.12,0.09,0.12
1300,0,0,0,0,0
1301,0,0,0,0,0
1302,0,0,0,0,0
1303,0,0,0,0,0
1304,0,0,0,0,0
1305,0,0,0,0,0
1306,0,0,0,0,0
1307,0,0,0,0,0
1308,0.07,0.03,0.1,0.07,0.1
1309,0.24,0.18,0.43,0.24,0.43
1310,0,0,0,0,0
1311,0.36,0.11,0.47,0.06,0.17
1312,0,0,0,0,0
1313,0,0,0,0,0
1314,0.3,0.15,0.45,0.3,0.45
1315,0.53,0.08,0.61,0.3,0.38
1316,0.05,0,0.05,0.05,0.05
1317,0,0.23,0.23,0,0.23
1318,0.35,0.06,0.41,0.35,0.41
1319,0,0,0,0,0
1320,0,0.07,0.07,0,0.07
1321,0.16,0.41,0.57,0.16,0.57
1322,0,0,0,0,0
1323,0,0,0,0,0
1324,0.06,0,0.06,0.06,0.06
1325,0,0.08,0.08,0,0.08
1326,0,0,0,0,0
1327,0,0,0,0,0
1328,0,0,0,0,0
1329,0,0,0,0,0
1330,0.21,0.43,0.64,0.21,0.64
1331,0.15,0.19,0.34,0.08,0.26
1332,0.08,0.08,0.15,0.08,0.15
1333,0.17,0.07,0.23,0.13,0.2
1334,0.06,0,0.06,0.06,0.06
1335,0,0,0,0,0
1336,0.33,0.11,0.44,0.33,0.44
1337,0,0,0,0,0
1338,1.27,1.27,2.54,1.27,2.54
1339,0.03,0,0.03,0.03,0.03
1340,0,0,0,0,0
1341,0,0,0,0,0
1342,0,0,0,0,0
1343,0,0,0,0,0
1344,2.05,0,2.05,0,0
1345,0.07,0.07,0.14,0.07,0.14
1346,0,0,0,0,0
1347,0,0,0,0,0
1348,0.03,0.06,0.09,0.03,0.09
1349,0,0,0,0,0
1350,0,0.23,0.23,0,0.23
1351,0,0,0,0,0
1352,0.06,0.06,0.13,0.06,0.13
1353,0.27,0.12,0.39,0.27,0.39
1354,0,0,0,0,0
1355,0.07,0.03,0.1,0.07,0.1
1356,0.13,0,0.13,0.13,0.13
1357,0.38,0.08,0.45,0.3,0.38
1358,0,0,0,0,0
1359,0,0,0,0,0
1360,0.09,0,0.09,0.09,0.09
1361,0.46,0,0.46,0.46,0.46
1362,0,0,0,0,0
1363,0,0,0,0,0
1364,0.06,0,0.06,0.06,0.06
1365,0,0.08,0.08,0,0.08
1366,0.14,0.5,0.64,0.14,0.64
1367,0,0,0,0,0
1368,0.09,0.09,0.18,0.09,0.18
1369,0,0,0,0,0
1370,0,0,0,0,0
1371,0.06,0.03,0.09,0.06,0.09
1372,0.05,0,0.05,0.05,0.05
1373,0.03,0,0.03,0.03,0.03
1374,0,0.05,0.05,0,0.05
1375,0,0,0,0,0
1376,0.07,0,0.07,0.07,0.07
1377,0.76,0.19,0.95,0.57,0.76
1378,0,0.09,0.09,0,0.09
1379,0,0,0,0,0
1380,0.13,0.43,0.55,0.13,0.55
1381,0,0,0,0,0
1382,0.12,0.25,0.37,0.12,0.37
1383,0.61,0.28,0.88,0.33,0.61
1384,0,0.1,0.1,0,0.1
1385,0,0,0,0,0
1386,0.11,0.11,0.22,0.11,0.22
1387,0.27,0.08,0.35,0.12,0.19
1388,0,3,3,0,3
1389,0.19,0.14,0.33,0.19,0.33
1390,0.07,0,0.07,0.07,0.07
1391,0,0,0,0,0
1392,0,0,0,0,0
1393,0.13,0,0.13,0.13,0.13
1394,0.07,0.07,0.14,0.07,0.14
1395,0.13,0.26,0.39,0.13,0.39
1396,0,0,0,0,0
1397,0.09,0,0.09,0.09,0.09
1398,0,0,0,0,0
1399,0.44,0.22,0.66,0.44,0.66
1400,0.61,0.09,0.7,0.47,0.56
1401,0,0,0,0,0
1402,0.03,0.03,0.07,0.03,0.07
1403,0,0,0,0,0
1404,0,0.03,0.03,0,0.03
1405,0,0,0,0,0
1406,0.07,0.07,0.13,0.07,0.13
1407,0,0.21,0.21,0,0.21
1408,0.15,0.1,0.25,0,0.1
1409,0.06,0.06,0.11,0.06,0.11
1410,0.13,0,0.13,0.13,0.13
1411,0.62,0,0.62,0.62,0.62
1412,0.1,0.1,0.2,0.1,0.2
1413,0.06,0,0.06,0.06,0.06
1414,0,0,0,0,0
1415,0.16,0.16,0.32,0.16,0.32
1416,0.28,0.07,0.35,0.28,0.35
1417,0,0,0,0,0
1418,0,0,0,0,0
1419,0,0.03,0.03,0,0.03
1420,0,0,0,0,0
1421,0.16,0.08,0.24,0.16,0.24
1422,0.14,0,0.14,0.14,0.14
1423,0.11,0,0.11,0.11,0.11
1424,0,0,0,0,0
1425,0.12,0,0.12,0.12,0.12
1426,0,0.1,0.1,0,0.1
1427,0.17,0.28,0.44,0.17,0.44
1428,0,0,0,0,0
1429,0,0,0,0,0
1430,0,0,0,0,0
1431,0.15,0,0.15,0.15,0.15
1432,0.11,0.22,0.32,0.11,0.32
1433,0.07,0.17,0.24,0.07,0.24
1434,0.11,0.22,0.33,0.11,0.33
1435,0,0.25,0.25,0,0.25
1436,0,0,0,0,0
1437,0,0,0,0,0
1438,0,0.03,0.03,0,0.03
1439,0,0,0,0,0
1440,0,0,0,0,0
1441,0.28,0.28,0.56,0.28,0.56
1442,0,0,0,0,0
1443,0,0.18,0.18,0,0.18
1444,0,0,0,0,0
1445,0,0,0,0,0
1446,0.17,0.09,0.26,0.13,0.22
1447,0,0,0,0,0
1448,0.03,0.03,0.06,0.03,0.06
1449,0,0,0,0,0
1450,0.07,0.2,0.26,0.07,0.26
1451,0.05,0,0.05,0.05,0.05
1452,0.05,0,0.05,0.05,0.05
1453,0.04,0,0.04,0.04,0.04
1454,0,0,0,0,0
1455,0,0.12,0.12,0,0.12
1456,0.1,0.19,0.29,0.1,0.29
1457,0.24,0,0.24,0.24,0.24
1458,0,0.08,0.08,0,0.08
1459,0,0,0,0,0
1460,0,0,0,0,0
1461,0,0,0,0,0
1462,0.17,0.06,0.23,0.17,0.23
1463,1.5,0.26,1.76,1.21,1.46
1464,0,0.05,0.05,0,0.05
1465,0.36,0,0.36,0.18,0.18
1466,0,0,0,0,0
1467,0.1,0.2,0.3,0.05,0.25
1468,0.12,0,0.12,0.12,0.12
1469,0.04,0.04,0.08,0.04,0.08
1470,0,0.46,0.46,0,0.46
1471,0,0,0,0,0
1472,0.03,0.03,0.07,0.03,0.07
1473,0.05,0,0.05,0.05,0.05
1474,0.57,0.25,0.82,0.51,0.76
1475,0,0.18,0.18,0,0.18
1476,0.12,0.12,0.23,0.12,0.23
1477,0,0,0,0,0
1478,0.07,0,0.07,0.07,0.07
1479,0,0,0,0,0
1480,0.13,0,0.13,0.13,0.13
1481,0,0,0,0,0
1482,0.37,0.33,0.7,0.37,0.7
1483,0,0,0,0,0
1484,0.1,0.1,0.19,0.1,0.19
1485,0,0,0,0,0
1486,0.12,0.06,0.19,0.06,0.12
1487,0.08,0.16,0.24,0.08,0.24
1488,0,0,0,0,0
1489,0.05,0,0.05,0.05,0.05
1490,0,0,0,0,0
1491,0,0,0,0,0
1492,0,0,0,0,0
1493,0,0,0,0,0
1494,0,0.06,0.06,0,0.06
1495,0.13,0.13,0.26,0.13,0.26
1496,0,0,0,0,0
1497,0.15,0.05,0.2,0.15,0.2
1498,0,0.08,0.08,0,0.08
1499,0.19,0.19,0.37,0.19,0.37
1500,0,0,0,0,0
1501,0.1,0,0.1,0.1,0.1
1502,0,0,0,0,0
1503,0,0,0,0,0
1504,0.53,0,0.53,0.53,0.53
1505,0.19,0,0.19,0.19,0.19
1506,0,0,0,0,0
1507,0.04,0,0.04,0.04,0.04
1508,0,0,0,0,0
1509,0.26,0.08,0.34,0.08,0.15
1510,0,0,0,0,0
1511,0,0,0,0,0
1512,0,0,0,0,0
1513,0.03,0.03,0.06,0.03,0.06
1514,0.18,0.06,0.24,0.18,0.24
1515,0.5,0.14,0.64,0.5,0.64
1516,0,0,0,0,0
1517,0,0,0,0,0
1518,0,0.18,0.18,0,0.18
1519,0,0,0,0,0
1520,0,0,0,0,0
1521,0,0,0,0,0
1522,0.03,0.22,0.25,0.03,0.25
1523,0.48,0.11,0.59,0.48,0.59
1524,0.04,0.07,0.11,0.04,0.11
1525,0,0,0,0,0
1526,0,0,0,0,0
1527,0,0,0,0,0
1528,0.06,0,0.06,0.06,0.06
1529,0,0.06,0.06,0,0.06
1530,0.75,0.34,1.09,0.56,0.9
1531,0.24,0.24,0.49,0.15,0.39
1532,0.13,0,0.13,0.13,0.13
1533,0,0,0,0,0
1534,0,0.09,0.09,0,0.09
1535,0,0,0,0,0
1536,0,0,0,0,0
1537,0,0,0,0,0
1538,0.15,0.07,0.22,0.15,0.22
1539,0,0,0,0,0
1540,0.08,0.08,0.16,0.08,0.16
1541,0.18,0.22,0.4,0.18,0.4
1542,0,0,0,0,0
1543,0,0,0,0,0
1544,0.17,0.17,0.33,0.17,0.33
1545,0.34,0.21,0.56,0.34,0.56
1546,0,0,0,0,0
1547,0.05,0.18,0.23,0.05,0.23
1548,0.04,0.08,0.12,0.04,0.12
1549,0,0,0,0,0
1550,0.12,0.04,0.16,0.12,0.16
1551,0,0,0,0,0
1552,0,0,0,0,0
1553,0,0,0,0,0
1554,0.06,0.03,0.09,0.06,0.09
1555,0,0,0,0,0
1556,0,0,0,0,0
1557,0.42,0.28,0.69,0.42,0.69
1558,0,0,0,0,0
1559,0,0,0,0,0
1560,0.03,0.1,0.13,0.03,0.13
1561,0,0,0,0,0
1562,0,0,0,0,0
1563,0,0,0,0,0
1564,0.33,0,0.33,0.22,0.22
1565,0.22,0,0.22,0.22,0.22
1566,0,0,0,0,0
1567,0.16,0,0.16,0,0
1568,0,0,0,0,0
1569,0,0,0,0,0
1570,0.03,0,0.03,0.03,0.03
1571,0,0,0,0,0
1572,0,0,0,0,0
1573,0,0.1,0.1,0,0.1
1574,0,0,0,0,0
1575,0,0,0,0,0
1576,0,0,0,0,0
1577,0.38,0.58,0.96,0.34,0.91
1578,0,0,0,0,0
1579,0.1,0.03,0.14,0.1,0.14
1580,0.04,0,0.04,0.04,0.04
1581,0.26,0.13,0.39,0.26,0.39
1582,0,0,0,0,0
1583,0,0,0,0,0
1584,0.13,0.06,0.19,0.13,0.19
1585,0,0,0,0,0
1586,0,0,0,0,0
1587,0.11,0.04,0.15,0.11,0.15
1588,0,0,0,0,0
1589,0.18,0.06,0.24,0.18,0.24
1590,0,0,0,0,0
1591,0.35,0.22,0.58,0.35,0.58
1592,0,0,0,0,0
1593,0,0,0,0,0
1594,0.04,0.13,0.17,0.04,0.17
1595,0.1,0.1,0.2,0,0.1
1596,0,0,0,0,0
1597,0,0,0,0,0
1598,0,0,0,0,0
1599,0,0,0,0,0
1600,0.25,0.08,0.33,0.25,0.33
1601,0,0.08,0.08,0,0.08
1602,0.39,0.79,1.18,0.39,1.18
1603,0.31,0.08,0.38,0.31,0.38
1604,0,0,0,0,0
1605,0,0,0,0,0
1606,0,0.17,0.17,0,0.17
1607,0.09,0,0.09,0.09,0.09
1608,0.11,0.05,0.16,0.11,0.16
1609,0,0,0,0,0
1610,0,0.12,0.12,0,0.12
1611,0,0.12,0.12,0,0.12
1612,0,0,0,0,0
1613,0.06,0.12,0.18,0.06,0.18
1614,0,0,0,0,0
1615,0.06,0,0.06,0,0
1616,0,0,0,0,0
1617,0,0,0,0,0
1618,0.18,0,0.18,0.18,0.18
1619,0,0,0,0,0
1620,0,0,0,0,0
1621,0,0.33,0.33,0,0.33
1622,0.09,0.18,0.27,0.09,0.27
1623,0.22,0.04,0.26,0.22,0.26
1624,0,0,0,0,0
1625,0,0,0,0,0
1626,0.13,0.04,0.17,0.13,0.17
1627,0,0,0,0,0
1628,0.49,0.16,0.66,0.41,0.57
1629,0.24,0.18,0.43,0.24,0.43
1630,0,0.18,0.18,0,0.18
1631,0,0,0,0,0
1632,0,0,0,0,0
1633,0,0,0,0,0
1634,0.31,0.15,0.46,0.31,0.46
1635,0.06,0,0.06,0.06,0.06
1636,0,0,0,0,0
1637,0.04,0,0.04,0.04,0.04
1638,0.2,0.2,0.39,0.2,0.39
1639,0,0,0,0,0
1640,0,0,0,0,0
1641,0.6,0.21,0.81,0.53,0.74
1642,0,0.17,0.17,0,0.17
1643,0.17,0.12,0.29,0.17,0.29
1644,0.06,0.09,0.15,0.06,0.15
1645,0,0,0,0,0
1646,0,0.68,0.68,0,0.68
1647,0.05,0.05,0.1,0.05,0.1
1648,0,0,0,0,0
1649,0,0,0,0,0
1650,0,0,0,0,0
1651,0,0,0,0,0
1652,0,0.18,0.18,0,0.18
1653,0.22,0,0.22,0.18,0.18
1654,0.18,0.35,0.53,0,0.35
1655,0.17,0,0.17,0.17,0.17
1656,0.29,0.29,0.57,0.29,0.57
1657,0.41,0,0.41,0.41,0.41
1658,0.63,0.09,0.72,0.54,0.63
1659,0,0,0,0,0
1660,0.13,0.26,0.39,0.13,0.39
1661,0,0,0,0,0
1662,0,0,0,0,0
1663,0,0,0,0,0
1664,0,0,0,0,0
1665,0,0,0,0,0
1666,0.29,0.07,0.36,0.18,0.25
1667,0,0.72,0.72,0,0.72
1668,0.4,0,0.4,0.4,0.4
1669,0,0,0,0,0
1670,0.33,0,0.33,0.33,0.33
1671,0.58,0.17,0.75,0.58,0.75
1672,0,0,0,0,0
1673,0,0,0,0,0
1674,0,0,0,0,0
1675,0,0.05,0.05,0,0.05
1676,1.02,0.26,1.29,0.79,1.06
1677,0.21,0,0.21,0.21,0.21
1678,0,0.08,0.08,0,0.08
1679,0.16,0.04,0.2,0.16,0.2
1680,0,0.12,0.12,0,0.12
1681,0.07,0,0.07,0.07,0.07
1682,0,0,0,0,0
1683,0,0,0,0,0
1684,0.08,0.14,0.22,0.08,0.22
1685,0.3,0.04,0.34,0.3,0.34
1686,0.26,0.11,0.37,0.26,0.37
1687,0.06,0.15,0.21,0.06,0.21
1688,0.17,0.04,0.21,0.17,0.21
1689,0,0.18,0.18,0,0.18
1690,0.09,0,0.09,0.09,0.09
1691,0,0.14,0.14,0,0.14
1692,0.07,0,0.07,0.07,0.07
1693,0,0,0,0,0
1694,0,0.22,0.22,0,0.22
1695,0.1,0.1,0.2,0.1,0.2
1696,0,0,0,0,0
1697,0,0,0,0,0
1698,0,0,0,0,0
1699,0,0,0,0,0
1700,0.34,0.05,0.39,0.34,0.39
1701,0.08,0.12,0.19,0.08,0.19
1702,0.08,0,0.08,0.08,0.08
1703,0,0,0,0,0
1704,0.11,0,0.11,0.11,0.11
1705,0,0.04,0.04,0,0.04
1706,0.3,0,0.3,0.27,0.27
1707,0.22,0.04,0.26,0.22,0.26
1708,0,0,0,0,0
1709,0,0,0,0,0
1710,0.19,0.09,0.28,0.19,0.28
1711,0,0,0,0,0
1712,0,0,0,0,0
1713,0.04,0,0.04,0.04,0.04
1714,0,0.06,0.06,0,0.06
1715,0,0,0,0,0
1716,0,0,0,0,0
1717,0,0,0,0,0
1718,0,0,0,0,0
1719,0.08,0.17,0.25,0.08,0.25
1720,0,0.16,0.16,0,0.16
1721,0,0,0,0,0
1722,0.56,0.49,1.05,0.56,1.05
1723,0.05,0,0.05,0,0
1724,0,0,0,0,0
1725,0.89,0.27,1.16,0.8,1.07
1726,0.25,0.11,0.36,0.25,0.36
1727,0.06,0.06,0.12,0.06,0.12
1728,0,0,0,0,0
1729,0,0,0,0,0
1730,0,0,0,0,0
1731,0.19,0,0.19,0.19,0.19
1732,0,0,0,0,0
1733,0,0,0,0,0
1734,0,0.31,0.31,0,0.31
1735,0,0,0,0,0
1736,0,0,0,0,0
1737,0,0,0,0,0
1738,0.39,0,0.39,0.39,0.39
1739,0.09,0.03,0.12,0.09,0.12
1740,0.66,0.07,0.74,0.44,0.52
1741,0.26,0.29,0.56,0.26,0.56
1742,0,0,0,0,0
1743,0.08,0,0.08,0.08,0.08
1744,0.04,0.04,0.08,0,0.04
1745,0.07,0.07,0.14,0.07,0.14
1746,0.18,0.14,0.32,0.18,0.32
1747,0,0,0,0,0
1748,0,0,0,0,0
1749,0,0,0,0,0
1750,0,0.08,0.08,0,0.08
1751,0.45,0.11,0.56,0.41,0.52
1752,0.09,0,0.09,0.09,0.09
1753,0.25,0,0.25,0.25,0.25
1754,0.31,0,0.31,0.31,0.31
1755,0.06,0.06,0.11,0.06,0.11
1756,0.09,0.09,0.19,0.09,0.19
1757,0.41,0.03,0.44,0.34,0.38
1758,0,0.16,0.16,0,0.16
1759,0.53,0.27,0.8,0.53,0.8
1760,0.05,0.11,0.16,0.05,0.16
1761,0,0,0,0,0
1762,0.05,0.05,0.11,0.05,0.11
1763,0.19,0.19,0.39,0.13,0.32
1764,0.06,0,0.06,0.06,0.06
1765,0,0.1,0.1,0,0.1
1766,0.43,0.33,0.75,0.39,0.72
1767,0,0,0,0,0
1768,0,0,0,0,0
1769,0,0,0,0,0
1770,0.16,0.1,0.26,0.16,0.26
1771,0.61,0.09,0.69,0.56,0.65
1772,0.29,0.06,0.35,0.29,0.35
1773,0,0,0,0,0
1774,0.96,0,0.96,0.96,0.96
1775,0,0,0,0,0
1776,0,0,0,0,0
1777,0,0,0,0,0
1778,0.45,0.11,0.56,0.45,0.56
1779,0.1,0.25,0.34,0.1,0.34
1780,0.04,0.16,0.19,0.04,0.19
1781,0,0,0,0,0
1782,0.11,0.19,0.31,0.11,0.31
1783,0,0,0,0,0
1784,0,0,0,0,0
1785,0.07,0,0.07,0.07,0.07
1786,0,0,0,0,0
1787,0.16,0,0.16,0.16,0.16
1788,0,0,0,0,0
1789,0.04,0.04,0.09,0.04,0.09
1790,0,0,0,0,0
1791,0,0,0,0,0
1792,0.07,0.07,0.13,0,0.07
1793,0,0,0,0,0
1794,0,0,0,0,0
1795,0,0,0,0,0
1796,0,0,0,0,0
1797,0.49,0.4,0.89,0.45,0.85
1798,0,0,0,0,0
1799,0.13,0.13,0.26,0.13,0.26
1800,0,0,0,0,0
1801,0,0,0,0,0
1802,0,0.1,0.1,0,0.1
1803,0.77,0.24,1.01,0.44,0.67
1804,0.09,0.22,0.31,0.09,0.31
1805,0,0.22,0.22,0,0.22
1806,0,0,0,0,0
1807,0,0,0,0,0
1808,0.09,0,0.09,0.09,0.09
1809,0,0,0,0,0
1810,0,0,0,0,0
1811,0.64,0,0.64,0.64,0.64
1812,0.12,0.04,0.16,0.12,0.16
1813,0,0,0,0,0
1814,0.3,0.13,0.44,0.27,0.4
1815,0.19,0.16,0.34,0.16,0.31
1816,0.19,0.26,0.45,0.19,0.45
1817,0,0,0,0,0
1818,0.04,0.04,0.07,0.04,0.07
1819,0,0,0,0,0
1820,0,0,0,0,0
1821,0,0,0,0,0
1822,0.16,0.05,0.21,0.16,0.21
1823,0.06,0.03,0.09,0.06,0.09
1824,0,0,0,0,0
1825,0,0,0,0,0
1826,0,0,0,0,0
1827,0.37,0.64,1.01,0.34,0.98
1828,0,0,0,0,0
1829,0.05,0,0.05,0.05,0.05
1830,0.23,0.14,0.37,0.23,0.37
1831,0,0.07,0.07,0,0.07
1832,0,0,0,0,0
1833,1.38,0.44,1.82,1.25,1.69
1834,0.07,0,0.07,0.07,0.07
1835,0.11,0,0.11,0.11,0.11
1836,0.11,0.17,0.28,0.11,0.28
1837,0,0,0,0,0
1838,0.13,0.38,0.5,0.13,0.5
1839,0,0,0,0,0
1840,0,0,0,0,0
1841,0.06,0,0.06,0.06,0.06
1842,0.61,0.1,0.72,0.61,0.72
1843,0,0,0,0,0
1844,0,0,0,0,0
1845,0.09,0,0.09,0.09,0.09
1846,0.08,0.08,0.16,0.08,0.16
1847,0.05,0.11,0.16,0.05,0.16
1848,0,0.15,0.15,0,0.15
1849,0.13,0.04,0.18,0.13,0.18
1850,0,0,0,0,0
1851,0,0,0,0,0
1852,0,0.05,0.05,0,0.05
1853,0.05,0,0.05,0.05,0.05
1854,0,0.06,0.06,0,0.06
1855,0,0,0,0,0
1856,0.05,0,0.05,0.05,0.05
1857,0,0,0,0,0
1858,0,0,0,0,0
1859,0.07,0.07,0.13,0.07,0.13
1860,0,0,0,0,0
1861,0,0,0,0,0
1862,0,0,0,0,0
1863,0,0,0,0,0
1864,0.04,0.04,0.08,0.04,0.08
1865,0,0.19,0.19,0,0.19
1866,0,0,0,0,0
1867,0,0,0,0,0
1868,0.27,0.36,0.63,0.27,0.63
1869,0,0,0,0,0
1870,0.04,0.17,0.21,0.04,0.21
1871,0,0,0,0,0
1872,0.13,0.09,0.22,0.13,0.22
1873,0.16,0.16,0.33,0.16,0.33
1874,0,0,0,0,0
1875,0.33,0.16,0.49,0.33,0.49
1876,0,0,0,0,0
1877,0.26,0.26,0.51,0.26,0.51
1878,0,0,0,0,0
1879,0.18,0.21,0.39,0.18,0.39
1880,0.29,0,0.29,0.29,0.29
1881,0,0,0,0,0
1882,0.21,0.17,0.38,0.21,0.38
1883,0,0,0,0,0
1884,0.17,0.03,0.2,0.07,0.1
1885,0.57,0.32,0.89,0.25,0.57
1886,0.04,0.07,0.11,0.04,0.11
1887,0.61,0,0.61,0.61,0.61
1888,0.08,0,0.08,0.08,0.08
1889,0,0,0,0,0
1890,0.24,0.08,0.32,0.24,0.32
1891,0.09,0.03,0.13,0.06,0.09
1892,0.81,0,0.81,0.68,0.68
1893,0.21,0,0.21,0.21,0.21
1894,0,0,0,0,0
1895,0.26,0.21,0.47,0.26,0.47
1896,0,0,0,0,0
1897,0.09,0.04,0.13,0.09,0.13
1898,0,0,0,0,0
1899,0,0,0,0,0
1900,0,0,0,0,0
1901,0.46,0,0.46,0.46,0.46
1902,0.43,0.21,0.64,0.43,0.64
1903,0.07,0,0.07,0.07,0.07
1904,0,0,0,0,0
1905,0.29,0.29,0.57,0.29,0.57
1906,0,0,0,0,0
1907,0,0,0,0,0
1908,0.24,0.17,0.42,0.24,0.42
1909,0.2,0.2,0.41,0.2,0.41
1910,0,0,0,0,0
1911,0,0,0,0,0
1912,0,0,0,0,0
1913,0,0,0,0,0
1914,0,0,0,0,0
1915,0,0,0,0,0
1916,0.04,0.04,0.09,0.04,0.09
1917,0.05,0,0.05,0.05,0.05
1918,0,0,0,0,0
1919,0.61,0.06,0.67,0.37,0.43
1920,0.1,0,0.1,0.1,0.1
1921,0,0.08,0.08,0,0.08
1922,0.52,0.14,0.66,0.33,0.47
1923,0.03,0.03,0.06,0.03,0.06
1924,0,0,0,0,0
1925,0,0,0,0,0
1926,0,0,0,0,0
1927,0,0.06,0.06,0,0.06
1928,0,0,0,0,0
1929,0.17,0.14,0.31,0.03,0.17
1930,0,0.09,0.09,0,0.09
1931,0,4,4,0,4
1932,0,0,0,0,0
1933,0.22,0,0.22,0.22,0.22
1934,0.11,0,0.11,0.11,0.11
1935,0.24,0.06,0.3,0.24,0.3
1936,0.08,0.08,0.16,0.08,0.16
1937,0.1,0,0.1,0.1,0.1
1938,0.07,0.07,0.14,0.07,0.14
1939,0,0.11,0.11,0,0.11
1940,0,0.23,0.23,0,0.23
1941,0,0.91,0.91,0,0.91
1942,0,0,0,0,0
1943,0,0.03,0.03,0,0.03
1944,0,0,0,0,0
1945,0,0,0,0,0
1946,0.21,0.37,0.57,0.16,0.53
1947,0,0,0,0,0
1948,0,0,0,0,0
1949,0,0,0,0,0
1950,0.2,0,0.2,0.2,0.2
1951,0,0,0,0,0
1952,0.2,0.1,0.29,0.1,0.2
1953,0,0.64,0.64,0,0.64
1954,0.15,0.04,0.19,0.15,0.19
1955,0.25,0.08,0.34,0.08,0.17
1956,0,0,0,0,0
1957,0.36,0.15,0.51,0.21,0.36
1958,0,0.03,0.03,0,0.03
1959,0,0.12,0.12,0,0.12
1960,0.06,0,0.06,0.06,0.06
1961,0.57,0.17,0.74,0.57,0.74
1962,0,0,0,0,0
1963,0,0.06,0.06,0,0.06
1964,0,0.48,0.48,0,0.48
1965,0.06,0,0.06,0.06,0.06
1966,0,0.1,0.1,0,0.1
1967,0.15,0.15,0.3,0.15,0.3
1968,0,0,0,0,0
1969,0,0,0,0,0
1970,0.3,0.3,0.6,0.3,0.6
1971,0,0,0,0,0
1972,0,0.44,0.44,0,0.44
1973,0,0,0,0,0
1974,0.36,0.36,0.71,0.36,0.71
1975,0.41,0.3,0.71,0.19,0.49
1976,0.16,0.16,0.32,0.16,0.32
1977,0,0.07,0.07,0,0.07
1978,0.12,0.24,0.36,0.12,0.36
1979,0.08,0,0.08,0.08,0.08
1980,0,0,0,0,0
1981,0,0,0,0,0
1982,0.12,0.12,0.24,0.12,0.24
1983,0,0,0,0,0
1984,0,0,0,0,0
1985,0,0,0,0,0
1986,0.18,0.18,0.36,0.18,0.36
1987,0,0,0,0,0
1988,0,0,0,0,0
1989,0,0,0,0,0
1990,0,0,0,0,0
1991,0.06,0,0.06,0.06,0.06
1992,0,0,0,0,0
1993,0,0,0,0,0
1994,0,0,0,0,0
1995,0.45,0.19,0.64,0.38,0.58
1996,0,0,0,0,0
1997,0,0,0,0,0
1998,0,0,0,0,0
1999,0.36,0.2,0.55,0.36,0.55
2000,0,0,0,0,0
2001,0,0,0,0,0
2002,0.07,0.14,0.21,0.07,0.21
2003,0.09,0.14,0.23,0.09,0.23
2004,0,0,0,0,0
2005,0,0.28,0.28,0,0.28
2006,0,0.12,0.12,0,0.12
2007,0,0,0,0,0
2008,0.48,0.16,0.64,0.48,0.64
2009,0.25,0,0.25,0.25,0.25
2010,0,0.74,0.74,0,0.74
2011,0,0,0,0,0
2012,0,0.06,0.06,0,0.06
2013,0,0,0,0,0
2014,0,0,0,0,0
2015,0.13,0.03,0.17,0.13,0.17
2016,0,0,0,0,0
2017,0,0,0,0,0
2018,0,0,0,0,0
2019,0,0.08,0.08,0,0.08
2020,0,0,0,0,0
2021,0.23,0.17,0.4,0.23,0.4
2022,0.26,0.37,0.63,0.26,0.63
2023,0.25,0,0.25,0.25,0.25
2024,0,0,0,0,0
2025,0,0,0,0,0
2026,0.04,0.09,0.13,0.04,0.13
2027,0.11,0.11,0.22,0.11,0.22
2028,0.28,0.11,0.4,0.28,0.4
2029,0.44,0.08,0.53,0.33,0.42
2030,0,0,0,0,0
2031,0.16,0.05,0.21,0.16,0.21
2032,0,0,0,0,0
2033,0.15,0.29,0.44,0.15,0.44
2034,0.39,0,0.39,0.39,0.39
2035,0.24,0.21,0.45,0.21,0.42
2036,0,0.14,0.14,0,0.14
2037,0,0,0,0,0
2038,0,0,0,0,0
2039,0,0,0,0,0
2040,0,0,0,0,0
2041,0.23,0,0.23,0.23,0.23
2042,0.08,0.08,0.16,0.08,0.16
2043,0,0,0,0,0
2044,0,0,0,0,0
2045,0.56,0.06,0.61,0.5,0.56
2046,0.12,0.17,0.29,0.12,0.29
2047,0.25,0.06,0.31,0.25,0.31
2048,0.17,0.33,0.5,0.17,0.5
2049,0.13,0.06,0.19,0.13,0.19
2050,0.38,0.21,0.59,0.24,0.45
2051,0,0.14,0.14,0,0.14
2052,0,0.09,0.09,0,0.09
2053,0.66,0.66,1.32,0.66,1.32
2054,0.06,0.13,0.19,0.06,0.19
2055,0.15,0.22,0.37,0.12,0.34
2056,0.14,0.07,0.2,0.14,0.2
2057,0.23,0.12,0.35,0.23,0.35
2058,0,0,0,0,0
2059,0,0,0,0,0
2060,0,0,0,0,0
2061,0.2,0.2,0.41,0.05,0.26
2062,0,0,0,0,0
2063,0,0,0,0,0
2064,0,0,0,0,0
2065,0,0,0,0,0
2066,0.2,0.15,0.35,0.2,0.35
2067,0.09,0.2,0.29,0.09,0.29
2068,0.29,0,0.29,0.29,0.29
2069,0,0,0,0,0
2070,0.11,0.11,0.22,0.11,0.22
2071,0.37,0.28,0.65,0.37,0.65
2072,0.55,0,0.55,0.48,0.48
2073,0,0,0,0,0
2074,0,0,0,0,0
2075,0.34,0,0.34,0.34,0.34
2076,0.03,0,0.03,0.03,0.03
2077,0.05,0.2,0.25,0.05,0.25
2078,0.49,0.16,0.65,0.49,0.65
2079,0,0,0,0,0
2080,0.42,0.42,0.84,0.42,0.84
2081,0.15,0,0.15,0.15,0.15
2082,0.04,0.07,0.11,0.04,0.11
2083,0.1,0.05,0.15,0.1,0.15
2084,0.06,0.06,0.12,0.06,0.12
2085,0,0,0,0,0
2086,0.39,0.06,0.44,0.39,0.44
2087,0,0,0,0,0
2088,0,0,0,0,0
2089,0,0,0,0,0
2090,0.64,0,0.64,0.64,0.64
2091,0,0,0,0,0
2092,0,0,0,0,0
2093,0.03,0.03,0.07,0.03,0.07
2094,0.04,0,0.04,0.04,0.04
2095,0,0.07,0.07,0,0.07
2096,0.03,0.03,0.07,0.03,0.07
2097,0.53,0,0.53,0.53,0.53
2098,0.34,0.11,0.45,0.34,0.45
2099,0,0,0,0,0
2100,0,0,0,0,0
2101,0,0,0,0,0
2102,0,0,0,0,0
2103,0.19,0.13,0.32,0.19,0.32
2104,0,0,0,0,0
2105,0.18,0.18,0.36,0.18,0.36
2106,0,0.17,0.17,0,0.17
2107,0.3,0.05,0.35,0.3,0.35
2108,0,0,0,0,0
2109,0.44,0,0.44,0.44,0.44
2110,0.16,0.11,0.27,0.16,0.27
2111,0.14,0.14,0.28,0.14,0.28
2112,0.63,0,0.63,0.63,0.63
2113,0,0,0,0,0
2114,0.23,0,0.23,0.23,0.23
2115,0.42,0.19,0.61,0.42,0.61
2116,0.17,0,0.17,0.17,0.17
2117,0,0,0,0,0
2118,0.15,0,0.15,0.15,0.15
2119,0,0,0,0,0
2120,0,0,0,0,0
2121,0,0,0,0,0
2122,0,0.22,0.22,0,0.22
2123,0.33,0.12,0.45,0.33,0.45
2124,0,0,0,0,0
2125,0,0,0,0,0
2126,0.33,0.27,0.6,0.33,0.6
2127,0,0,0,0,0
2128,0,0,0,0,0
2129,0,0,0,0,0
2130,0.13,0.13,0.25,0.13,0.25
2131,0,0.25,0.25,0,0.25
2132,0.06,0.11,0.17,0.06,0.17
2133,0.04,0.04,0.07,0.04,0.07
2134,0.15,0.05,0.2,0.15,0.2
2135,0,0,0,0,0
2136,0,0,0,0,0
2137,0.12,0.21,0.33,0.12,0.33
2138,0.31,0,0.31,0.31,0.31
2139,0.04,0.13,0.18,0.04,0.18
2140,0.03,0,0.03,0.03,0.03
2141,0.21,0.1,0.31,0.21,0.31
2142,0.36,0.12,0.48,0.36,0.48
2143,0.53,0.04,0.57,0.45,0.49
2144,0.37,0.12,0.49,0.3,0.43
2145,0.53,0,0.53,0.53,0.53
2146,0.08,0,0.08,0.08,0.08
2147,0,0,0,0,0
2148,0,0,0,0,0
2149,0,2.57,2.57,0,2.57
2150,0.16,0.08,0.23,0.16,0.23
2151,0.04,0.04,0.08,0.04,0.08
2152,0,0,0,0,0
2153,0,0.16,0.16,0,0.16
2154,0.45,0.23,0.68,0.45,0.68
2155,0.15,0.29,0.44,0.15,0.44
2156,0,0,0,0,0
2157,0,0,0,0,0
2158,0,0,0,0,0
2159,0,0.11,0.11,0,0.11
2160,0,0.43,0.43,0,0.43
2161,0,0.26,0.26,0,0.26
2162,0,0,0,0,0
2163,0,0,0,0,0
2164,0.16,0.08,0.24,0.08,0.16
2165,0,0,0,0,0
2166,0.14,0,0.14,0.14,0.14
2167,0,0.37,0.37,0,0.37
2168,0.35,0.07,0.42,0.35,0.42
2169,0.14,0,0.14,0,0
2170,0,0,0,0,0
2171,0.17,0.33,0.5,0.17,0.5
2172,0,0,0,0,0
2173,0,0,0,0,0
2174,0,0,0,0,0
2175,0,0.13,0.13,0,0.13
2176,0.34,0.28,0.62,0.34,0.62
2177,0.18,0.12,0.31,0.12,0.25
2178,0.44,0,0.44,0.44,0.44
2179,0,0,0,0,0
2180,0,0,0,0,0
2181,0.56,0.2,0.76,0.56,0.76
2182,0.08,0.12,0.19,0.08,0.19
2183,0.12,0,0.12,0,0
2184,0,0,0,0,0
2185,0.1,0.16,0.26,0.1,0.26
2186,0,0.08,0.08,0,0.08
2187,0,0,0,0,0
2188,0,0.12,0.12,0,0.12
2189,0.19,0.08,0.27,0.19,0.27
2190,0,0,0,0,0
2191,0.09,0.17,0.26,0.09,0.26
2192,0,0,0,0,0
2193,0.35,0.35,0.7,0.35,0.7
2194,0,0,0,0,0
2195,0,0,0,0,0
2196,0,0,0,0,0
2197,0,0,0,0,0
2198,0,0,0,0,0
2199,0.32,0.24,0.55,0.32,0.55
2200,0.25,0.1,0.34,0.25,0.34
2201,0,0,0,0,0
2202,0.18,0.23,0.41,0.18,0.41
2203,0,0,0,0,0
2204,0,0,0,0,0
2205,0.08,0.25,0.34,0.08,0.34
2206,0,0,0,0,0
2207,0,0,0,0,0
2208,0,0,0,0,0
2209,0,0.08,0.08,0,0.08
2210,0.06,0.03,0.09,0.03,0.06
2211,0,0.1,0.1,0,0.1
2212,0,1.01,1.01,0,1.01
2213,0,0,0,0,0
2214,0.22,0.09,0.31,0.19,0.28
2215,0.19,0.06,0.25,0.19,0.25
2216,0.04,0.16,0.21,0.04,0.21
2217,0,0,0,0,0
2218,0.1,0,0.1,0.1,0.1
2219,0.08,0.08,0.16,0.08,0.16
2220,0.03,0.03,0.06,0.03,0.06
2221,0.17,0.09,0.26,0.17,0.26
2222,0.32,0,0.32,0.15,0.15
2223,0,0,0,0,0
2224,0,0.08,0.08,0,0.08
2225,0,0.13,0.13,0,0.13
2226,0,0,0,0,0
2227,0.14,0.14,0.28,0.14,0.28
2228,0,0.06,0.06,0,0.06
2229,0,0,0,0,0
2230,0.1,0.19,0.29,0.1,0.29
2231,0.07,0.13,0.2,0.07,0.2
2232,0.03,0.19,0.21,0.03,0.21
2233,0,0,0,0,0
2234,0.29,0,0.29,0.29,0.29
2235,0,0.1,0.1,0,0.1
2236,0,0,0,0,0
2237,0.32,0,0.32,0.32,0.32
2238,0,0,0,0,0
2239,0,0,0,0,0
2240,0,0.06,0.06,0,0.06
2241,0,0,0,0,0
2242,0.06,0,0.06,0.06,0.06
2243,0,0,0,0,0
2244,0.07,0.07,0.13,0.03,0.1
2245,0.49,0.14,0.63,0.49,0.63
2246,0,0,0,0,0
2247,0.08,0.08,0.16,0.08,0.16
2248,0,0,0,0,0
2249,0.33,0,0.33,0.26,0.26
2250,0.03,0,0.03,0.03,0.03
2251,0.31,0.2,0.51,0.31,0.51
2252,0.07,0.14,0.21,0.07,0.21
2253,0,0,0,0,0
2254,0,0,0,0,0
2255,0,0,0,0,0
2256,0.09,0.55,0.64,0.09,0.64
2257,0,0,0,0,0
2258,0,0.05,0.05,0,0.05
2259,0,0,0,0,0
2260,0.05,0.05,0.09,0.05,0.09
2261,0.07,0.07,0.14,0.07,0.14
2262,0.05,0.05,0.1,0.05,0.1
2263,0.93,0.06,1,0.74,0.8
2264,0.07,0.07,0.15,0.07,0.15
2265,0.05,0.1,0.14,0.05,0.14
2266,0.03,0.03,0.06,0.03,0.06
2267,0,0.15,0.15,0,0.15
2268,0,0,0,0,0
2269,0,0.15,0.15,0,0.15
2270,0.08,0,0.08,0.08,0.08
2271,0,0,0,0,0
2272,0.24,0,0.24,0,0
2273,0,0,0,0,0
2274,0.05,0,0.05,0.05,0.05
2275,0.05,0.16,0.21,0.05,0.21
2276,0,0,0,0,0
2277,0,0,0,0,0
2278,0.09,0.09,0.18,0.09,0.18
2279,0,0,0,0,0
2280,0,0,0,0,0
2281,0,0.11,0.11,0,0.11
2282,0.11,0.11,0.23,0.11,0.23
2283,0.11,0.04,0.14,0.11,0.14
2284,0,0,0,0,0
2285,0,0,0,0,0
2286,0.08,0,0.08,0.08,0.08
2287,0,0,0,0,0
2288,0,0,0,0,0
2289,0.37,0,0.37,0.37,0.37
2290,0,0,0,0,0
2291,0,0,0,0,0
2292,0,0.17,0.17,0,0.17
2293,0,0,0,0,0
2294,0.19,0.19,0.38,0.19,0.38
2295,0,0,0,0,0
2296,0,0,0,0,0
2297,0.03,0.06,0.09,0.03,0.09
2298,0,0,0,0,0
2299,0.36,0.13,0.49,0.18,0.31
2300,0.09,0.18,0.27,0.09,0.27
2301,0,0,0,0,0
2302,0.17,0.23,0.4,0.17,0.4
2303,0.2,0,0.2,0.2,0.2
2304,0.11,0,0.11,0.11,0.11
2305,0.18,0.11,0.28,0.18,0.28
2306,0,0.04,0.04,0,0.04
2307,0,0,0,0,0
2308,0,0,0,0,0
2309,0,0,0,0,0
2310,0.64,0.15,0.79,0.47,0.61
2311,0.24,0,0.24,0.24,0.24
2312,0.05,0,0.05,0.05,0.05
2313,0,0,0,0,0
2314,0,0,0,0,0
2315,0.43,0.16,0.6,0.38,0.54
2316,0.09,0,0.09,0.09,0.09
2317,0,0.45,0.45,0,0.45
2318,0,0.07,0.07,0,0.07
2319,0.29,0,0.29,0.29,0.29
2320,0.04,0.22,0.26,0.04,0.26
2321,0,0.16,0.16,0,0.16
2322,0,0,0,0,0
2323,0.46,0.09,0.55,0.46,0.55
2324,0.29,0,0.29,0.29,0.29
2325,0.17,0.17,0.35,0.17,0.35
2326,0.07,0.21,0.28,0.07,0.28
2327,0,0,0,0,0
2328,0.55,0.39,0.94,0.55,0.94
2329,0,0,0,0,0
2330,0.1,0.03,0.14,0.1,0.14
2331,0,0,0,0,0
2332,0,0.37,0.37,0,0.37
2333,0,1.84,1.84,0,1.84
2334,0,0,0,0,0
2335,0.35,0.48,0.83,0.31,0.79
2336,0.1,0.05,0.15,0.1,0.15
2337,0.3,0.45,0.75,0.3,0.75
2338,0,0,0,0,0
2339,0,0.09,0.09,0,0.09
2340,0,0,0,0,0
2341,0,0,0,0,0
2342,0,0,0,0,0
2343,0.22,0.33,0.54,0.22,0.54
2344,0.15,0.15,0.31,0.15,0.31
2345,0,0,0,0,0
2346,0.04,0.08,0.12,0.04,0.12
2347,0,2.43,2.43,0,2.43
2348,0,0.15,0.15,0,0.15
2349,0.04,0,0.04,0.04,0.04
2350,0,0,0,0,0
2351,0.46,0,0.46,0.46,0.46
2352,0.23,0,0.23,0,0
2353,0.41,0.27,0.68,0.41,0.68
2354,0.18,0.07,0.25,0.18,0.25
2355,0,0,0,0,0
2356,0,0.2,0.2,0,0.2
2357,0,0,0,0,0
2358,0.46,0.23,0.69,0.34,0.57
2359,0.21,0.21,0.42,0.12,0.33
2360,0.03,0,0.03,0.03,0.03
2361,0,0,0,0,0
2362,0.53,0.13,0.67,0.4,0.53
2363,0,0,0,0,0
2364,0.07,0,0.07,0,0
2365,0.26,0,0.26,0.26,0.26
2366,0,0,0,0,0
2367,0.04,0.04,0.08,0.04,0.08
2368,0.43,0.05,0.48,0.43,0.48
2369,0.12,0,0.12,0.12,0.12
2370,0.07,0.14,0.21,0.07,0.21
2371,0,0,0,0,0
2372,0.07,0,0.07,0.07,0.07
2373,0.13,0.19,0.32,0.13,0.32
2374,0,0,0,0,0
2375,0.08,0.08,0.15,0.08,0.15
2376,0,0.23,0.23,0,0.23
2377,0,0.22,0.22,0,0.22
2378,0,0.04,0.04,0,0.04
2379,0,0,0,0,0
2380,0.04,0.04,0.07,0.04,0.07
2381,0,0,0,0,0
2382,0,0,0,0,0
2383,0,0,0,0,0
2384,0,0,0,0,0
2385,0,0,0,0,0
2386,0,0,0,0,0
2387,0.33,0.11,0.44,0.22,0.33
2388,1.36,0,1.36,1.36,1.36
2389,0,0,0,0,0
2390,0.03,0.03,0.06,0.03,0.06
2391,0,0,0,0,0
2392,0,0,0,0,0
2393,0.04,0.04,0.09,0.04,0.09
2394,0,0,0,0,0
2395,0.05,0.14,0.18,0.05,0.18
2396,0,0,0,0,0
2397,0,0,0,0,0
2398,0.11,0.17,0.29,0.11,0.29
2399,0,0.26,0.26,0,0.26
2400,0,0,0,0,0
2401,0.16,0.16,0.31,0.16,0.31
2402,0,0,0,0,0
2403,0,0.32,0.32,0,0.32
2404,0.37,0,0.37,0.12,0.12
2405,0.03,0.17,0.2,0.03,0.2
2406,0.03,0.1,0.14,0.03,0.14
2407,0.43,0.05,0.48,0.43,0.48
2408,0,0,0,0,0
2409,0,0,0,0,0
2410,0,0,0,0,0
2411,0,0.09,0.09,0,0.09
2412,0,0,0,0,0
2413,0,0.14,0.14,0,0.14
2414,0,0,0,0,0
2415,0.24,0.2,0.44,0.12,0.32
2416,0,0,0,0,0
2417,0,0,0,0,0
2418,0.06,0.06,0.11,0.06,0.11
2419,0.91,0.23,1.14,0.68,0.91
2420,0.09,0.26,0.35,0.09,0.35
2421,0,0.15,0.15,0,0.15
2422,0.13,0.32,0.45,0.13,0.45
2423,0.26,0.2,0.46,0.2,0.39
2424,0,0,0,0,0
2425,0,0,0,0,0
2426,0,0,0,0,0
2427,0,0,0,0,0
2428,0.09,0,0.09,0.09,0.09
2429,0,0,0,0,0
2430,0.06,0.06,0.11,0.06,0.11
2431,0.31,0.1,0.41,0.31,0.41
2432,0.23,0.19,0.43,0.19,0.39
2433,0,0,0,0,0
2434,0,0,0,0,0
2435,1.55,0,1.55,1.55,1.55
2436,0.05,0.1,0.15,0.05,0.15
2437,0,0,0,0,0
2438,0.06,0,0.06,0.06,0.06
2439,0,0,0,0,0
2440,0,0,0,0,0
2441,1.15,0,1.15,1.15,1.15
2442,0,0,0,0,0
2443,0,0,0,0,0
2444,0,0,0,0,0
2445,0,0,0,0,0
2446,0,0,0,0,0
2447,0.16,0.06,0.23,0.16,0.23
2448,0,0,0,0,0
2449,0.15,0.23,0.38,0.15,0.38
2450,0.08,0,0.08,0.08,0.08
2451,0.1,0,0.1,0.1,0.1
2452,0,0,0,0,0
2453,0.77,0,0.77,0.77,0.77
2454,0,0,0,0,0
2455,0.47,0.16,0.62,0.47,0.62
2456,0,0,0,0,0
2457,0,0.08,0.08,0,0.08
2458,0.12,0.25,0.37,0.12,0.37
2459,0,0,0,0,0
2460,0,0,0,0,0
2461,0,0.12,0.12,0,0.12
2462,0,0.08,0.08,0,0.08
2463,0,0,0,0,0
2464,0.08,0,0.08,0.08,0.08
2465,0.1,0,0.1,0.1,0.1
2466,0.37,0.37,0.74,0.37,0.74
2467,0.56,0,0.56,0.44,0.44
2468,0.36,0.26,0.63,0.13,0.39
2469,0,0,0,0,0
2470,0,0,0,0,0
2471,0,0,0,0,0
2472,0,0,0,0,0
2473,0.25,0.17,0.42,0.25,0.42
2474,0.23,0.46,0.69,0.23,0.69
2475,0,0.4,0.4,0,0.4
2476,0,0,0,0,0
2477,0.3,0.11,0.41,0.22,0.34
2478,0.15,0.08,0.23,0.15,0.23
2479,0,0,0,0,0
2480,0.26,0.03,0.29,0.26,0.29
2481,0,0,0,0,0
2482,0.2,0,0.2,0.2,0.2
2483,0.05,0,0.05,0.05,0.05
2484,0,0,0,0,0
2485,0,0.05,0.05,0,0.05
2486,0,0,0,0,0
2487,0.07,0.07,0.15,0.07,0.15
2488,0,0,0,0,0
2489,0,0.08,0.08,0,0.08
2490,0,0,0,0,0
2491,0.05,0,0.05,0.05,0.05
2492,0.08,0.17,0.25,0.08,0.25
2493,0,0,0,0,0
2494,0,0,0,0,0
2495,0,0.03,0.03,0,0.03
2496,0,0.09,0.09,0,0.09
2497,0,0,0,0,0
2498,0,0,0,0,0
2499,0.29,0.23,0.52,0.29,0.52
2500,0,0,0,0,0
2501,0,0.07,0.07,0,0.07
2502,0,0,0,0,0
2503,0,0,0,0,0
2504,0.35,0.25,0.6,0.35,0.6
2505,0,0.03,0.03,0,0.03
2506,0.64,0.37,1.01,0.37,0.73
2507,0.5,0,0.5,0.5,0.5
2508,0.19,0,0.19,0.19,0.19
2509,0,0,0,0,0
2510,0,0,0,0,0
2511,0,0.27,0.27,0,0.27
2512,0,0,0,0,0
2513,0.04,0,0.04,0.04,0.04
2514,0.07,0,0.07,0.07,0.07
2515,0,0,0,0,0
2516,0.2,0,0.2,0.2,0.2
2517,0.04,0,0.04,0.04,0.04
2518,0,0.28,0.28,0,0.28
2519,0.75,0.11,0.86,0.65,0.75
2520,0,0,0,0,0
2521,0.06,0,0.06,0.06,0.06
2522,0.12,0.16,0.29,0.12,0.29
2523,0,0,0,0,0
2524,0.24,0.1,0.34,0.24,0.34
2525,0,0,0,0,0
2526,0.08,0,0.08,0.08,0.08
2527,0,0,0,0,0
2528,0.12,0,0.12,0.12,0.12
2529,0,0.03,0.03,0,0.03
2530,0,0,0,0,0
2531,0.31,0.19,0.5,0.31,0.5
2532,0,0,0,0,0
2533,0.04,0,0.04,0.04,0.04
2534,0,0,0,0,0
2535,0.07,0.2,0.26,0.07,0.26
2536,0.04,0,0.04,0.04,0.04
2537,0,0,0,0,0
2538,0,0.03,0.03,0,0.03
2539,0.03,0,0.03,0.03,0.03
2540,0,0.05,0.05,0,0.05
2541,0.03,0,0.03,0.03,0.03
2542,0,0,0,0,0
2543,0,0.87,0.87,0,0.87
2544,0,0,0,0,0
2545,0,0,0,0,0
2546,0,0,0,0,0
2547,0,0,0,0,0
2548,0,0.04,0.04,0,0.04
2549,0,0,0,0,0
2550,0,0,0,0,0
2551,0,0,0,0,0
2552,0.06,0.12,0.18,0.06,0.18
2553,0,0,0,0,0
2554,0.12,0.12,0.24,0.12,0.24
2555,0,0.26,0.26,0,0.26
2556,0.22,0,0.22,0.22,0.22
2557,0.35,0.21,0.56,0.35,0.56
2558,0,0,0,0,0
2559,0,0,0,0,0
2560,0,0,0,0,0
2561,0,0,0,0,0
2562,0.33,0.26,0.59,0.3,0.55
2563,0.05,0.05,0.1,0.05,0.1
2564,0,0.06,0.06,0,0.06
2565,0,0,0,0,0
2566,0.36,0.12,0.48,0.36,0.48
2567,0.26,0.26,0.53,0.26,0.53
2568,0.06,0,0.06,0.06,0.06
2569,0.17,0.26,0.44,0.17,0.44
2570,0.07,0.07,0.14,0.07,0.14
2571,0,0,0,0,0
2572,0.09,0,0.09,0.09,0.09
2573,0.12,0,0.12,0.12,0.12
2574,0.17,0.03,0.21,0.17,0.21
2575,0,0.58,0.58,0,0.58
2576,0.1,0.03,0.14,0.1,0.14
2577,0.42,0.16,0.57,0.42,0.57
2578,0.12,0,0.12,0.12,0.12
2579,0,0,0,0,0
2580,0.16,0.11,0.27,0.11,0.21
2581,0.04,0.12,0.16,0.04,0.16
2582,0,0,0,0,0
2583,0,0,0,0,0
2584,0,0,0,0,0
2585,0.07,0,0.07,0.07,0.07
2586,0.45,0.19,0.64,0.45,0.64
2587,0.12,0,0.12,0.12,0.12
2588,0,0.12,0.12,0,0.12
2589,0.07,0,0.07,0.07,0.07
2590,0.07,0,0.07,0.07,0.07
2591,0,0,0,0,0
2592,0,0,0,0,0
2593,0.06,0,0.06,0.06,0.06
2594,0,0,0,0,0
2595,0.05,0,0.05,0.05,0.05
2596,0,0.25,0.25,0,0.25
2597,0.09,0,0.09,0.09,0.09
2598,0,0,0,0,0
2599,0.53,0,0.53,0.53,0.53
2600,0.17,0,0.17,0.17,0.17
2601,0.48,0.14,0.62,0.48,0.62
2602,0,0.19,0.19,0,0.19
2603,0.06,0.06,0.12,0.06,0.12
2604,0.33,0.05,0.38,0.14,0.19
2605,0,0.06,0.06,0,0.06
2606,0,0,0,0,0
2607,0,0,0,0,0
2608,0.11,0.11,0.21,0.05,0.16
2609,0.13,0.13,0.26,0.13,0.26
2610,0.04,0,0.04,0.04,0.04
2611,0.04,0.2,0.24,0.04,0.24
2612,0,0.08,0.08,0,0.08
2613,0,0,0,0,0
2614,0.07,0.07,0.14,0.07,0.14
2615,0,0.3,0.3,0,0.3
2616,0.27,0.23,0.5,0.27,0.5
2617,1.67,0,1.67,1.67,1.67
2618,0,0,0,0,0
2619,0.05,0,0.05,0.05,0.05
2620,0,0,0,0,0
2621,0.03,0.03,0.06,0.03,0.06
2622,0,0,0,0,0
2623,0.09,0.09,0.18,0.09,0.18
2624,0,0,0,0,0
2625,0,0.09,0.09,0,0.09
2626,0.15,0.08,0.23,0.15,0.23
2627,0.04,0.21,0.25,0.04,0.25
2628,0.03,0.31,0.35,0.03,0.35
2629,0.38,0.25,0.64,0.38,0.64
2630,0,0,0,0,0
2631,0,0.22,0.22,0,0.22
2632,0.17,0.17,0.35,0.17,0.35
2633,0,0,0,0,0
2634,0.05,0.14,0.18,0.05,0.18
2635,0,0,0,0,0
2636,0,0,0,0,0
2637,0,0,0,0,0
2638,0.05,0,0.05,0.05,0.05
2639,0,0,0,0,0
2640,0,0,0,0,0
2641,0,0,0,0,0
2642,0,0.16,0.16,0,0.16
2643,0,0,0,0,0
2644,0,0,0,0,0
2645,0.43,0.11,0.54,0.32,0.43
2646,0,0,0,0,0
2647,0,0,0,0,0
2648,0.27,0.14,0.41,0.2,0.34
2649,0,0.64,0.64,0,0.64
2650,0.04,0,0.04,0.04,0.04
2651,0,0,0,0,0
2652,0.18,0.06,0.24,0.18,0.24
2653,0,0,0,0,0
2654,0,0,0,0,0
2655,0,0,0,0,0
2656,0,0,0,0,0
2657,0,0,0,0,0
2658,0,0,0,0,0
2659,0,0,0,0,0
2660,0.47,0,0.47,0.47,0.47
2661,0.2,0.07,0.27,0.2,0.27
2662,0.07,0,0.07,0.07,0.07
2663,0.48,0.29,0.76,0.22,0.51
2664,0.33,0.17,0.5,0.33,0.5
2665,0,0,0,0,0
2666,0,0,0,0,0
2667,0.55,0,0.55,0.55,0.55
2668,0,0,0,0,0
2669,0.1,0.24,0.34,0.1,0.34
2670,0.32,0.32,0.64,0.32,0.64
2671,0,0,0,0,0
2672,0,0,0,0,0
2673,0,0,0,0,0
2674,0.14,0.14,0.27,0,0.14
2675,0.04,0.04,0.08,0.04,0.08
2676,0,0,0,0,0
2677,0,0.05,0.05,0,0.05
2678,0.55,0.09,0.64,0.55,0.64
2679,0.06,0.28,0.33,0.06,0.33
2680,0,0.06,0.06,0,0.06
2681,0.44,0.09,0.53,0.22,0.31
2682,0,0,0,0,0
2683,0,0.12,0.12,0,0.12
2684,0.27,0.27,0.54,0.27,0.54
2685,0,0.05,0.05,0,0.05
2686,0.1,0,0.1,0.1,0.1
2687,0.04,0,0.04,0.04,0.04
2688,0,0,0,0,0
2689,0,0,0,0,0
2690,0,0,0,0,0
2691,0,0.15,0.15,0,0.15
2692,0.08,0.08,0.16,0.08,0.16
2693,0,0,0,0,0
2694,0,0,0,0,0
2695,0,0,0,0,0
2696,0,0,0,0,0
2697,0.07,0.3,0.37,0.07,0.37
2698,0.19,0,0.19,0.19,0.19
2699,0.23,0.11,0.34,0.23,0.34
2700,0,0.05,0.05,0,0.05
2701,0,0,0,0,0
2702,0,0,0,0,0
2703,0.29,0,0.29,0.29,0.29
2704,0.43,0.17,0.61,0.09,0.26
2705,0,0,0,0,0
2706,0,0.17,0.17,0,0.17
2707,0,0,0,0,0
2708,0.65,0.09,0.74,0.46,0.55
2709,0.24,0.24,0.49,0.24,0.49
2710,0.18,0.18,0.36,0.18,0.36
2711,0,0.05,0.05,0,0.05
2712,0.13,0.13,0.26,0.13,0.26
2713,0,0,0,0,0
2714,0.52,0.23,0.75,0.52,0.75
2715,0.03,0,0.03,0.03,0.03
2716,0,0,0,0,0
2717,0,0,0,0,0
2718,0,0,0,0,0
2719,0.07,0.07,0.14,0.07,0.14
2720,0.2,0.13,0.33,0.2,0.33
2721,0,0,0,0,0
2722,0,0,0,0,0
2723,0.17,0.17,0.33,0.17,0.33
2724,0,0,0,0,0
2725,0.05,0.05,0.09,0.05,0.09
2726,0,0.07,0.07,0,0.07
2727,0,0.06,0.06,0,0.06
2728,0.52,0.19,0.7,0.38,0.56
2729,0.06,0.12,0.18,0.06,0.18
2730,0,0.04,0.04,0,0.04
2731,0.21,0.18,0.39,0.13,0.32
2732,0.12,0.03,0.15,0.09,0.12
2733,0.38,0.14,0.51,0.35,0.49
2734,0,0,0,0,0
2735,0.31,0,0.31,0.31,0.31
2736,0.03,0,0.03,0.03,0.03
2737,0.61,0.24,0.86,0.55,0.8
2738,0.4,0,0.4,0.4,0.4
2739,0.25,0.04,0.3,0.25,0.3
2740,0.35,0.06,0.41,0.35,0.41
2741,0,0,0,0,0
2742,0.07,0.07,0.14,0.07,0.14
2743,0.21,0.28,0.48,0.21,0.48
2744,0.08,0.08,0.16,0.08,0.16
2745,0,0,0,0,0
2746,0.06,0,0.06,0.06,0.06
2747,0,0,0,0,0
2748,0,0,0,0,0
2749,0,0,0,0,0
2750,0.23,0.23,0.45,0.19,0.41
2751,0,0,0,0,0
2752,0,0,0,0,0
2753,0,0,0,0,0
2754,0.06,0.32,0.38,0.06,0.38
2755,0,0,0,0,0
2756,0.74,0,0.74,0.74,0.74
2757,0.52,0.22,0.73,0.35,0.56
2758,0,0,0,0,0
2759,0,0,0,0,0
2760,0.2,0.24,0.45,0.2,0.45
2761,0.34,0.13,0.47,0.2,0.34
2762,0,0,0,0,0
2763,0.2,0.13,0.33,0.2,0.33
2764,0.07,0.07,0.14,0.07,0.14
2765,0,0.61,0.61,0,0.61
2766,0.44,0,0.44,0.44,0.44
2767,0.39,0.1,0.49,0.33,0.43
2768,0,0,0,0,0
2769,0.07,0.15,0.23,0.07,0.23
2770,0.04,0.07,0.11,0.04,0.11
2771,0.14,0,0.14,0.14,0.14
2772,0,0.07,0.07,0,0.07
2773,0,0,0,0,0
2774,0,0.24,0.24,0,0.24
2775,0.58,0.33,0.91,0.58,0.91
2776,0,0,0,0,0
2777,0.7,0.22,0.92,0.53,0.75
2778,0,0,0,0,0
2779,0,0.07,0.07,0,0.07
2780,0,0,0,0,0
2781,0.04,0.08,0.12,0.04,0.12
2782,0.19,0.19,0.39,0.19,0.39
2783,0.06,0.25,0.32,0.06,0.32
2784,0,0,0,0,0
2785,0.07,0.07,0.15,0.07,0.15
2786,0.17,0.17,0.34,0.14,0.31
2787,0,0,0,0,0
2788,0,0,0,0,0
2789,0,0,0,0,0
2790,0.38,0.07,0.45,0.31,0.38
2791,0.05,0.14,0.19,0.05,0.19
2792,0.06,0.06,0.13,0.06,0.13
2793,0,0,0,0,0
2794,0,8.18,8.18,0,8.18
2795,0,0.1,0.1,0,0.1
2796,0.05,0.05,0.11,0.05,0.11
2797,0,0,0,0,0
2798,0.57,0.34,0.91,0.53,0.87
2799,0,0.15,0.15,0,0.15
2800,0.18,0.09,0.26,0.18,0.26
2801,0,0,0,0,0
2802,0.36,0,0.36,0.36,0.36
2803,0.1,0,0.1,0.1,0.1
2804,0.05,0,0.05,0.05,0.05
2805,0.21,0.21,0.42,0.21,0.42
2806,0,0,0,0,0
2807,0,0,0,0,0
2808,0.08,0.08,0.15,0.08,0.15
2809,0,0,0,0,0
2810,0.29,0.36,0.64,0.29,0.64
2811,0,0,0,0,0
2812,0,0,0,0,0
2813,0,0,0,0,0
2814,0.15,0.23,0.38,0.15,0.38
2815,0,0,0,0,0
2816,0.41,0,0.41,0.41,0.41
2817,0.22,0,0.22,0.22,0.22
2818,0.05,0.05,0.09,0.05,0.09
2819,0,0.46,0.46,0,0.46
2820,0,0,0,0,0
2821,0.1,0.21,0.31,0.1,0.31
2822,0,0,0,0,0
2823,0.22,0.17,0.39,0.17,0.35
