Unnamed: 0,Performance,Performance.1,Performance.2,Performance.3,Performance.4,Performance.5,Performance.6
Rk,Gls,Ast,G-PK,PK,PKatt,CrdY,CrdR
1,0,0,0,0,0,0,0
2,0,1,0,0,0,2,0
3,0,0,0,0,0,0,0
4,3,0,3,0,0,4,1
5,0,0,0,0,0,1,0
6,0,0,0,0,0,5,0
7,3,1,3,0,0,5,0
8,3,2,3,0,0,1,0
9,0,0,0,0,0,0,0
10,0,0,0,0,0,1,0
11,1,0,1,0,0,5,1
12,6,1,6,0,0,0,0
13,0,0,0,0,0,0,0
14,0,0,0,0,0,2,0
15,0,1,0,0,0,9,1
16,1,0,1,0,0,1,0
17,1,2,1,0,0,5,0
18,9,5,9,0,0,1,0
19,1,1,1,0,0,3,0
20,2,3,2,0,0,2,0
21,0,0,0,0,0,1,0
22,0,0,0,0,0,0,0
23,2,5,2,0,0,6,0
24,0,0,0,0,0,0,0
25,0,0,0,0,0,0,0
26,0,1,0,0,0,1,0
27,0,0,0,0,0,2,0
28,1,0,1,0,0,0,0
29,1,2,1,0,0,4,0
30,3,1,3,0,0,6,0
31,4,1,3,1,2,0,0
32,1,3,1,0,0,6,0
33,0,0,0,0,0,2,1
34,2,0,2,0,0,0,0
35,0,0,0,0,0,0,0
36,2,2,2,0,0,9,0
37,0,0,0,0,0,0,0
38,0,0,0,0,0,3,0
39,2,1,2,0,0,3,0
40,1,1,1,0,0,1,0
41,0,1,0,0,0,0,0
42,2,0,2,0,0,3,1
43,16,4,12,4,5,5,0
44,2,0,2,0,0,4,0
45,1,0,1,0,0,3,1
46,0,0,0,0,0,0,0
47,1,0,1,0,0,4,0
48,0,0,0,0,0,5,1
49,0,1,0,0,0,9,0
50,1,0,1,0,0,1,0
51,2,4,2,0,0,4,0
52,0,2,0,0,0,4,0
53,0,0,0,0,0,0,0
54,11,2,9,2,2,2,0
55,3,5,3,0,0,9,0
56,9,2,9,0,0,5,0
57,0,0,0,0,0,7,0
58,1,5,1,0,0,2,0
59,6,4,5,1,2,0,0
60,0,0,0,0,0,2,0
61,1,0,1,0,0,4,0
62,1,0,1,0,0,10,0
63,0,0,0,0,0,2,0
64,1,0,1,0,0,2,0
65,1,1,1,0,0,5,0
66,0,0,0,0,0,1,0
67,2,2,2,0,0,1,0
68,0,0,0,0,0,0,0
69,2,7,2,0,0,2,0
70,0,0,0,0,0,0,0
71,0,0,0,0,0,1,0
72,2,3,2,0,0,7,0
73,0,0,0,0,0,0,0
74,1,0,1,0,0,1,0
75,0,0,0,0,0,2,0
76,0,0,0,0,0,6,0
77,0,1,0,0,0,0,0
78,4,1,4,0,0,3,0
79,2,0,2,0,0,2,0
80,0,0,0,0,0,3,0
81,1,0,1,0,0,6,0
82,1,0,1,0,0,3,0
83,1,0,1,0,0,2,0
84,0,0,0,0,0,6,0
85,0,0,0,0,0,0,0
86,0,0,0,0,0,0,0
87,1,0,1,0,0,3,0
88,1,0,1,0,0,3,1
89,0,1,0,0,0,4,0
90,0,0,0,0,0,0,0
91,2,6,2,0,0,5,0
92,0,0,0,0,0,3,0
93,0,0,0,0,0,7,0
94,0,0,0,0,0,1,0
95,1,1,1,0,0,7,1
96,0,0,0,0,0,1,0
97,0,0,0,0,0,0,0
98,0,0,0,0,0,0,0
99,0,0,0,0,0,0,0
100,3,0,2,1,1,1,0
101,0,0,0,0,0,0,0
102,0,1,0,0,0,10,0
103,5,2,5,0,0,5,1
104,0,1,0,0,0,5,0
105,0,0,0,0,0,0,0
106,0,0,0,0,0,0,0
107,0,0,0,0,0,3,0
108,4,4,4,0,0,2,0
109,0,0,0,0,0,0,0
110,0,0,0,0,0,0,0
111,1,6,0,1,1,1,0
112,0,1,0,0,0,3,0
113,0,0,0,0,0,1,0
114,10,5,10,0,0,3,0
115,0,0,0,0,0,1,0
116,7,3,5,2,2,3,1
117,2,5,2,0,0,2,0
118,0,2,0,0,0,3,0
119,0,0,0,0,0,0,0
120,3,0,3,0,0,11,0
121,0,0,0,0,0,4,0
122,4,2,4,0,0,5,0
123,0,0,0,0,0,5,0
124,2,1,2,0,0,3,0
125,0,1,0,0,0,8,0
126,0,0,0,0,0,2,0
127,0,0,0,0,0,0,0
128,0,0,0,0,0,0,0
129,0,0,0,0,0,1,0
130,0,0,0,0,0,0,0
131,4,5,4,0,0,3,0
132,3,6,3,0,0,7,1
133,0,0,0,0,0,0,0
134,0,0,0,0,0,1,0
135,0,0,0,0,0,1,0
136,3,0,3,0,0,9,0
137,0,0,0,0,0,0,0
138,1,0,1,0,0,2,0
139,0,0,0,0,0,2,0
140,5,2,5,0,0,1,0
141,0,0,0,0,0,2,0
142,14,13,9,5,5,9,0
143,1,1,1,0,0,0,1
144,0,0,0,0,0,1,0
145,1,0,1,0,0,1,0
146,10,3,8,2,2,2,0
147,0,1,0,0,0,0,0
148,1,3,1,0,0,2,1
149,0,0,0,0,0,0,0
150,0,4,0,0,0,4,0
151,2,3,2,0,0,0,0
152,0,0,0,0,0,0,0
153,0,0,0,0,0,0,0
154,5,2,5,0,0,0,0
155,0,0,0,0,0,0,0
156,1,3,1,0,0,4,0
157,0,0,0,0,0,3,0
158,0,0,0,0,0,7,0
159,0,0,0,0,0,0,0
160,1,2,1,0,0,5,1
161,0,0,0,0,0,0,0
162,5,0,5,0,0,1,0
163,0,0,0,0,0,11,1
164,1,4,1,0,0,7,0
165,0,0,0,0,0,0,0
166,0,0,0,0,0,0,0
167,1,0,1,0,0,0,0
168,6,2,6,0,1,4,0
169,9,8,9,0,0,6,0
170,0,0,0,0,0,3,0
171,0,0,0,0,0,0,0
172,2,1,2,0,0,6,1
173,0,2,0,0,0,1,0
174,6,7,6,0,0,1,0
175,0,0,0,0,0,0,0
176,0,0,0,0,0,0,0
177,1,0,1,0,0,1,1
178,7,1,7,0,0,4,1
179,0,2,0,0,0,7,0
180,11,2,11,0,0,1,0
181,0,1,0,0,0,0,0
182,2,0,2,0,0,6,1
183,0,3,0,0,0,2,0
184,0,0,0,0,0,1,0
185,0,0,0,0,0,2,0
186,6,9,6,0,0,2,0
187,0,0,0,0,0,3,1
188,17,7,15,2,2,3,0
189,0,0,0,0,0,4,0
190,0,0,0,0,0,6,0
191,5,2,4,1,1,6,1
192,7,3,7,0,0,5,1
193,0,2,0,0,0,8,0
194,0,0,0,0,0,2,0
195,0,0,0,0,0,1,0
196,0,0,0,0,0,0,1
197,1,2,1,0,0,4,0
198,0,0,0,0,0,2,0
199,3,7,3,0,0,5,0
200,0,0,0,0,0,0,0
201,2,3,2,0,0,2,0
202,3,1,3,0,0,0,0
203,0,0,0,0,0,0,0
204,2,3,2,0,0,5,0
205,3,0,2,1,1,4,0
206,9,4,9,0,0,0,0
207,0,0,0,0,0,0,0
208,0,3,0,0,0,8,0
209,0,0,0,0,0,0,0
210,2,2,2,0,0,5,0
211,3,0,3,0,0,7,0
212,0,1,0,0,0,1,0
213,8,8,8,0,1,0,0
214,3,1,3,0,0,4,0
215,0,1,0,0,0,1,0
216,0,1,0,0,0,3,0
217,0,0,0,0,0,2,0
218,0,1,0,0,0,5,0
219,4,1,4,0,0,7,0
220,0,0,0,0,0,0,0
221,0,3,0,0,0,6,0
222,1,7,1,0,0,7,0
223,0,0,0,0,0,0,0
224,2,1,2,0,0,0,0
225,1,0,1,0,0,10,1
226,0,0,0,0,0,0,0
227,0,0,0,0,0,1,0
228,2,0,2,0,0,1,0
229,6,3,6,0,0,6,0
230,0,1,0,0,0,3,0
231,2,2,2,0,0,5,1
232,0,1,0,0,0,1,0
233,9,7,9,0,0,3,0
234,1,0,1,0,0,5,0
235,3,3,3,0,0,2,0
236,0,0,0,0,0,1,0
237,1,1,1,0,0,5,1
238,1,1,1,0,0,1,0
239,0,0,0,0,0,3,1
240,0,0,0,0,0,0,0
241,0,0,0,0,0,0,0
242,0,1,0,0,0,0,0
243,0,0,0,0,0,0,0
244,0,0,0,0,0,7,1
245,1,1,1,0,0,6,0
246,0,0,0,0,0,2,0
247,1,1,1,0,0,3,0
248,1,2,1,0,0,8,0
249,1,3,1,0,0,6,1
250,13,6,9,4,5,4,0
251,3,0,3,0,0,3,0
252,0,0,0,0,0,0,0
253,2,4,2,0,0,2,0
254,0,0,0,0,0,0,0
255,20,7,10,10,12,3,0
256,0,1,0,0,0,2,0
257,0,0,0,0,0,1,0
258,1,2,0,1,1,2,0
259,0,0,0,0,0,1,0
260,5,3,4,1,1,3,2
261,1,1,1,0,0,3,0
262,0,1,0,0,0,0,0
263,0,0,0,0,0,3,0
264,0,0,0,0,0,7,1
265,0,0,0,0,0,0,0
266,0,0,0,0,0,0,0
267,0,0,0,0,0,0,0
268,0,2,0,0,0,4,0
269,1,6,1,0,0,0,0
270,0,0,0,0,0,2,0
271,4,0,3,1,1,7,0
272,0,0,0,0,0,0,0
273,0,0,0,0,1,2,0
274,0,4,0,0,0,8,1
275,10,1,10,0,0,3,1
276,23,9,22,1,1,2,0
277,2,1,0,2,2,1,0
278,0,0,0,0,0,0,0
279,17,7,10,7,8,4,0
280,0,0,0,0,0,0,0
281,1,3,1,0,0,3,0
282,0,0,0,0,0,0,0
283,8,4,8,0,0,4,0
284,1,0,1,0,0,2,0
285,2,0,2,0,0,2,0
286,1,1,0,1,1,4,0
287,1,3,1,0,0,3,0
288,0,3,0,0,0,2,0
289,1,0,1,0,0,2,0
290,0,2,0,0,0,3,0
291,0,0,0,0,0,0,0
292,0,0,0,0,0,1,0
293,0,0,0,0,0,2,0
294,0,0,0,0,0,0,0
295,0,0,0,0,0,0,0
296,0,1,0,0,0,5,0
297,0,2,0,0,0,1,0
298,0,0,0,0,0,0,0
299,0,0,0,0,0,0,0
300,2,0,2,0,0,1,0
301,0,0,0,0,0,1,0
302,1,0,1,0,0,1,0
303,0,0,0,0,0,1,0
304,4,1,4,0,0,4,0
305,1,5,1,0,0,8,0
306,0,0,0,0,0,2,0
307,1,0,1,0,0,8,1
308,4,1,3,1,1,3,0
309,0,0,0,0,0,0,0
310,1,0,1,0,0,1,0
311,0,0,0,0,0,0,1
312,10,4,10,0,0,5,0
313,0,0,0,0,0,0,0
314,1,1,1,0,0,6,0
315,0,1,0,0,0,0,0
316,0,0,0,0,0,0,0
317,2,4,2,0,0,5,0
318,0,1,0,0,0,1,0
319,0,0,0,0,0,0,1
320,4,2,4,0,0,0,0
321,0,1,0,0,0,1,0
322,2,0,2,0,0,2,0
323,2,2,2,0,0,5,0
324,1,1,1,0,0,2,0
325,3,2,3,0,0,5,0
326,2,2,2,0,0,2,0
327,0,1,0,0,0,0,0
328,0,0,0,0,0,4,0
329,2,0,2,0,0,4,0
330,0,0,0,0,0,0,0
331,0,0,0,0,0,0,0
332,1,1,1,0,0,3,0
333,0,0,0,0,0,2,0
334,7,4,4,3,4,7,0
335,3,2,3,0,0,9,0
336,0,1,0,0,2,2,0
337,1,0,1,0,0,3,0
338,1,0,1,0,0,2,0
339,6,8,5,1,2,5,0
340,1,0,1,0,0,3,0
341,0,0,0,0,0,1,0
342,1,0,1,0,0,2,0
343,6,5,6,0,0,8,0
344,0,0,0,0,0,0,0
345,8,5,8,0,0,0,0
346,1,0,1,0,0,3,0
347,1,2,1,0,0,6,2
348,7,2,7,0,0,9,1
349,0,2,0,0,0,0,0
350,0,0,0,0,0,0,0
351,1,0,1,0,0,0,0
352,1,2,1,0,0,4,0
353,1,1,1,0,0,3,0
354,2,2,2,0,1,3,0
355,3,2,3,0,0,0,0
356,2,0,2,0,0,4,0
357,1,1,1,0,0,3,0
358,0,0,0,0,0,0,0
359,0,0,0,0,0,3,0
360,0,0,0,0,0,0,0
361,7,3,7,0,0,1,0
362,5,0,5,0,0,2,0
363,0,0,0,0,0,0,0
364,0,0,0,0,0,1,0
365,0,0,0,0,0,4,0
366,1,2,0,1,1,2,0
367,0,0,0,0,0,4,1
368,0,0,0,0,0,0,0
369,2,0,1,1,2,4,0
370,2,0,2,0,0,5,0
371,2,1,0,2,2,0,0
372,0,1,0,0,0,2,0
373,2,6,2,0,0,9,1
374,1,1,1,0,0,7,0
375,0,0,0,0,0,0,0
376,1,2,1,0,0,3,0
377,0,1,0,0,0,6,0
378,0,0,0,0,0,0,0
379,0,0,0,0,0,0,0
380,4,3,4,0,0,6,0
381,1,0,1,0,0,2,0
382,1,0,1,0,0,1,0
383,0,0,0,0,0,0,0
384,11,0,11,0,0,3,0
385,0,0,0,0,0,0,0
386,1,0,1,0,0,1,0
387,0,0,0,0,0,4,0
388,3,1,1,2,3,5,0
389,0,0,0,0,0,0,0
390,2,0,2,0,0,0,0
391,0,0,0,0,0,0,0
392,1,1,1,0,0,2,0
393,0,0,0,0,0,0,0
394,1,0,1,0,0,5,0
395,0,0,0,0,0,0,0
396,0,0,0,0,0,0,0
397,0,1,0,0,0,3,0
398,0,5,0,0,0,9,0
399,0,0,0,0,0,0,0
400,0,0,0,0,0,0,0
401,0,0,0,0,0,0,0
402,0,0,0,0,0,0,0
403,0,0,0,0,0,9,0
404,0,0,0,0,0,0,0
405,1,1,1,0,0,1,0
406,2,2,2,0,0,4,0
407,0,2,0,0,0,0,0
408,4,2,4,0,0,3,0
409,1,1,1,0,0,3,0
410,1,0,1,0,0,9,0
411,8,0,7,1,1,5,0
412,0,0,0,0,0,1,0
413,1,1,1,0,0,2,0
414,3,0,3,0,0,8,0
415,0,0,0,0,0,0,0
416,0,0,0,0,0,0,0
417,2,1,2,0,0,7,0
418,0,0,0,0,0,2,0
419,0,0,0,0,0,1,0
420,2,0,2,0,0,6,1
421,2,1,2,0,0,8,1
422,4,9,3,1,1,4,0
423,0,0,0,0,0,0,0
424,0,0,0,0,0,2,0
425,6,4,4,2,3,5,0
426,0,1,0,0,0,0,0
427,5,2,5,0,0,4,0
428,16,0,16,0,0,3,0
429,2,0,2,0,0,3,0
430,0,0,0,0,0,0,0
431,3,2,3,0,0,4,0
432,1,2,1,0,0,6,0
433,1,2,0,1,1,0,0
434,1,4,1,0,0,5,0
435,8,6,6,2,3,4,0
436,2,3,2,0,0,5,1
437,5,8,3,2,2,1,0
438,0,0,0,0,0,1,0
439,2,1,2,0,0,5,0
440,3,3,3,0,0,2,0
441,1,0,1,0,0,5,1
442,0,0,0,0,0,0,0
443,5,6,5,0,1,4,1
444,11,5,8,3,3,1,0
445,0,1,0,0,0,4,1
446,0,1,0,0,0,2,0
447,0,1,0,0,0,3,0
448,0,0,0,0,0,1,0
449,7,1,7,0,0,2,0
450,0,0,0,0,0,0,0
451,0,0,0,0,0,0,0
452,1,0,1,0,0,11,1
453,0,1,0,0,0,0,0
454,0,1,0,0,0,2,0
455,6,10,6,0,0,6,0
456,1,0,1,0,0,0,0
457,3,2,3,0,0,3,0
458,1,0,1,0,0,1,0
459,0,0,0,0,0,0,0
460,0,2,0,0,0,5,0
461,1,0,1,0,0,0,0
462,2,0,2,0,0,6,1
463,6,4,6,0,0,11,1
464,0,2,0,0,0,8,1
465,0,0,0,0,0,0,0
466,0,0,0,0,0,0,0
467,1,1,1,0,0,8,3
468,0,0,0,0,0,2,0
469,2,3,2,0,0,1,0
470,0,0,0,0,0,0,0
471,1,0,1,0,0,4,0
472,1,0,1,0,0,5,0
473,4,2,4,0,0,9,0
474,0,0,0,0,0,0,0
475,5,3,5,0,0,8,1
476,0,0,0,0,0,4,0
477,3,0,2,1,2,2,0
478,10,3,10,0,0,4,0
479,0,3,0,0,0,4,0
480,0,0,0,0,0,8,0
481,0,0,0,0,0,2,0
482,3,2,3,0,0,8,0
483,0,5,0,0,0,5,1
484,1,0,1,0,0,9,0
485,0,0,0,0,0,3,0
486,1,0,1,0,0,1,0
487,0,0,0,0,0,3,0
488,1,1,1,0,0,11,1
489,0,0,0,0,0,0,0
490,1,0,1,0,0,5,0
491,2,0,2,0,0,0,0
492,0,0,0,0,0,0,0
493,0,0,0,0,0,5,0
494,0,0,0,0,0,0,0
495,2,2,2,0,0,5,0
496,0,2,0,0,0,0,0
497,1,0,1,0,0,2,0
498,0,0,0,0,0,2,0
499,6,1,5,1,1,4,0
500,3,1,3,0,0,3,1
501,0,3,0,0,0,8,0
502,0,0,0,0,0,5,0
503,0,0,0,0,0,3,1
504,1,3,1,0,0,1,1
505,0,3,0,0,0,3,0
506,0,1,0,0,0,4,0
507,1,1,1,0,0,0,0
508,8,8,8,0,0,3,1
509,3,5,3,0,0,3,0
510,2,1,2,0,0,6,0
511,0,2,0,0,0,4,0
512,0,1,0,0,0,1,0
513,0,0,0,0,0,3,0
514,0,0,0,0,0,1,0
515,0,2,0,0,1,5,0
516,0,0,0,0,0,2,1
517,0,0,0,0,0,0,0
518,4,2,4,0,0,0,0
519,0,1,0,0,0,0,0
520,0,0,0,0,0,0,0
521,0,0,0,0,0,0,0
522,0,0,0,0,0,1,0
523,0,0,0,0,0,0,0
524,0,0,0,0,0,5,1
525,0,0,0,0,0,0,0
526,0,0,0,0,0,0,0
527,0,0,0,0,0,0,0
528,1,0,1,0,0,3,0
529,4,5,4,0,0,2,0
530,3,6,3,0,0,2,0
531,0,3,0,0,0,5,0
532,0,1,0,0,0,2,0
533,1,0,1,0,0,5,0
534,0,2,0,0,0,5,0
535,0,0,0,0,0,1,0
536,0,3,0,0,0,0,0
537,1,0,1,0,0,1,0
538,2,0,2,0,0,6,0
539,0,0,0,0,0,0,0
540,0,0,0,0,0,0,0
541,0,0,0,0,0,0,0
542,5,10,5,0,0,1,0
543,2,0,2,0,0,4,0
544,2,1,2,0,0,0,0
545,0,0,0,0,0,1,0
546,0,0,0,0,0,0,0
547,0,0,0,0,0,3,0
548,1,0,1,0,0,4,1
549,0,0,0,0,0,4,0
550,0,0,0,0,0,0,0
551,0,1,0,0,0,3,0
552,0,0,0,0,0,1,0
553,0,0,0,0,0,0,0
554,0,0,0,0,0,0,0
555,7,1,7,0,0,3,0
556,2,1,2,0,0,0,0
557,0,0,0,0,0,2,0
558,1,4,1,0,0,4,0
559,2,5,2,0,0,5,0
560,9,8,9,0,0,3,0
561,8,3,7,1,1,3,1
562,0,2,0,0,0,3,0
563,0,0,0,0,0,0,0
564,1,1,1,0,0,6,1
565,0,0,0,0,0,2,0
566,0,1,0,0,0,2,0
567,0,0,0,0,0,0,0
568,1,1,1,0,0,0,0
569,2,0,1,1,1,1,0
570,0,0,0,0,0,0,0
571,1,1,1,0,0,0,0
572,3,3,3,0,0,0,0
573,0,1,0,0,0,1,0
574,0,0,0,0,0,0,0
575,0,0,0,0,0,0,0
576,0,7,0,0,0,3,0
577,3,1,2,1,1,2,0
578,1,1,1,0,0,4,1
579,0,0,0,0,0,0,0
580,2,0,2,0,0,6,1
581,2,1,2,0,0,2,0
582,0,0,0,0,0,0,0
583,2,2,2,0,0,0,0
584,0,0,0,0,0,2,0
585,0,0,0,0,0,1,0
586,0,0,0,0,0,0,0
587,0,8,0,0,0,3,0
588,1,0,0,1,1,6,0
589,1,3,1,0,0,8,0
590,0,0,0,0,0,0,0
591,0,0,0,0,0,4,0
592,2,10,1,1,1,9,1
593,1,0,1,0,0,6,1
594,0,0,0,0,0,0,0
595,2,3,2,0,0,5,0
596,3,2,3,0,0,8,0
597,2,1,2,0,0,3,0
598,0,0,0,0,0,0,0
599,7,4,5,2,3,9,0
600,0,0,0,0,0,4,0
601,0,0,0,0,0,0,0
602,0,0,0,0,0,0,0
603,0,0,0,0,0,0,0
604,0,0,0,0,0,2,0
605,1,0,1,0,0,7,0
606,1,0,1,0,0,2,0
607,3,0,3,0,0,2,0
608,4,0,4,0,0,7,1
609,0,0,0,0,0,5,0
610,4,0,4,0,1,2,0
611,1,2,1,0,0,3,0
612,0,0,0,0,0,0,0
613,1,1,1,0,0,2,0
614,0,0,0,0,0,0,0
615,8,2,8,0,0,7,0
616,1,1,1,0,0,5,0
617,2,4,2,0,0,3,0
618,1,0,1,0,0,0,0
619,1,4,1,0,0,6,0
620,1,0,1,0,0,1,0
621,0,0,0,0,0,0,0
622,2,1,2,0,0,2,0
623,0,0,0,0,0,1,0
624,0,0,0,0,0,2,0
625,0,1,0,0,0,0,0
626,1,6,1,0,0,5,1
627,0,0,0,0,0,3,0
628,3,3,3,0,0,4,0
629,0,0,0,0,0,1,0
630,13,2,13,0,0,0,0
631,1,2,1,0,0,2,1
632,0,1,0,0,0,1,0
633,0,1,0,0,0,3,0
634,1,1,1,0,0,0,0
635,0,0,0,0,0,0,0
636,0,0,0,0,0,9,0
637,3,0,3,0,0,5,1
638,6,12,4,2,3,1,0
639,0,0,0,0,0,1,0
640,9,9,6,3,3,5,2
641,0,0,0,0,0,0,0
642,0,1,0,0,0,4,1
643,2,0,2,0,0,4,0
644,0,0,0,0,0,3,0
645,1,2,1,0,0,4,1
646,2,1,2,0,0,5,0
647,3,3,3,0,0,1,0
648,0,0,0,0,0,1,0
649,0,0,0,0,0,2,0
650,0,5,0,0,0,2,0
651,0,0,0,0,0,0,0
652,3,2,3,0,0,4,0
653,1,1,1,0,0,6,0
654,0,0,0,0,0,0,0
655,0,1,0,0,0,1,1
656,0,0,0,0,0,0,0
657,0,0,0,0,0,0,0
658,15,9,15,0,1,4,0
659,0,0,0,0,0,1,0
660,0,0,0,0,0,0,0
661,1,0,1,0,0,3,0
662,6,3,6,0,0,2,0
663,0,1,0,0,0,1,0
664,4,3,4,0,0,2,0
665,5,6,5,0,0,7,0
666,2,3,2,0,0,6,0
667,1,0,1,0,0,1,0
668,1,0,1,0,0,4,0
669,1,1,1,0,0,3,0
670,0,1,0,0,0,0,0
671,0,0,0,0,0,0,0
672,0,0,0,0,0,2,0
673,0,0,0,0,0,0,0
674,0,0,0,0,0,0,0
675,20,12,12,8,8,4,0
676,0,0,0,0,0,0,0
677,0,0,0,0,0,3,0
678,0,0,0,0,0,0,0
679,0,0,0,0,0,0,0
680,2,1,2,0,0,1,0
681,11,1,11,0,0,5,0
682,1,1,1,0,0,0,0
683,1,3,1,0,0,4,0
684,0,0,0,0,0,0,0
685,0,0,0,0,0,1,0
686,0,0,0,0,0,1,0
687,3,6,3,0,0,11,0
688,5,9,5,0,0,1,0
689,0,0,0,0,0,0,0
690,0,0,0,0,0,1,0
691,14,1,9,5,5,2,0
692,0,0,0,0,0,0,0
693,4,11,4,0,0,5,0
694,3,2,3,0,0,2,0
695,1,0,1,0,0,4,1
696,0,1,0,0,0,3,2
697,0,1,0,0,0,0,0
698,0,0,0,0,0,1,0
699,9,3,8,1,1,2,0
700,0,0,0,0,0,0,0
701,0,0,0,0,0,3,0
702,0,0,0,0,0,1,0
703,0,0,0,0,0,0,0
704,1,0,1,0,0,0,0
705,0,0,0,0,0,1,0
706,6,9,6,0,0,3,0
707,1,2,1,0,0,0,0
708,1,0,1,0,0,4,0
709,1,0,1,0,0,3,0
710,1,0,1,0,0,4,1
711,4,3,4,0,0,2,0
712,0,2,0,0,0,3,0
713,4,3,4,0,0,2,0
714,0,0,0,0,0,3,0
715,0,0,0,0,0,1,0
716,0,7,0,0,0,2,1
717,1,0,1,0,0,1,0
718,0,0,0,0,0,7,1
719,0,1,0,0,0,0,0
720,5,3,5,0,0,6,0
721,0,0,0,0,0,0,0
722,1,0,1,0,0,0,1
723,0,0,0,0,0,3,0
724,5,1,4,1,1,2,0
725,2,0,2,0,0,3,0
726,1,1,1,0,0,9,2
727,7,1,7,0,0,4,0
728,0,0,0,0,0,1,0
729,0,0,0,0,0,0,0
730,0,0,0,0,0,0,0
731,3,0,3,0,0,4,2
732,0,0,0,0,0,4,1
733,0,1,0,0,0,8,2
734,1,0,1,0,0,5,0
735,1,0,1,0,0,4,0
736,0,0,0,0,0,8,0
737,0,3,0,0,0,8,0
738,1,0,0,1,2,0,0
739,5,2,5,0,0,1,0
740,0,0,0,0,0,0,0
741,0,2,0,0,0,4,1
742,2,3,2,0,0,1,1
743,6,2,4,2,2,2,0
744,0,0,0,0,0,2,0
745,0,0,0,0,0,1,0
746,0,0,0,0,0,2,0
747,1,0,1,0,0,8,0
748,0,0,0,0,0,0,0
749,0,0,0,0,0,1,0
750,0,0,0,0,0,0,1
751,0,0,0,0,0,1,0
752,2,0,2,0,0,4,1
753,4,2,3,1,1,3,0
754,0,0,0,0,0,8,0
755,2,3,2,0,0,6,0
756,2,1,2,0,0,8,0
757,0,0,0,0,0,0,0
758,0,0,0,0,0,0,0
759,0,0,0,0,0,1,0
760,0,0,0,0,0,4,0
761,0,1,0,0,0,1,0
762,0,1,0,0,0,8,0
763,1,0,1,0,0,3,0
764,0,1,0,0,0,0,1
765,0,0,0,0,0,1,0
766,0,0,0,0,0,0,0
767,0,0,0,0,0,1,0
768,4,3,4,0,0,3,0
769,2,1,2,0,0,1,0
770,0,0,0,0,0,1,0
771,1,0,1,0,0,5,1
772,0,0,0,0,0,0,0
773,1,0,1,0,0,2,0
774,1,1,1,0,0,5,1
775,2,4,2,0,0,3,0
776,0,0,0,0,0,0,0
777,7,5,4,3,4,8,1
778,0,0,0,0,0,0,0
779,0,2,0,0,0,1,0
780,1,0,1,0,0,2,0
781,0,0,0,0,0,0,0
782,0,1,0,0,0,2,0
783,5,0,5,0,0,5,2
784,1,0,1,0,0,1,0
785,1,2,1,0,0,1,0
786,0,0,0,0,0,0,0
787,1,0,1,0,0,4,0
788,4,3,4,0,0,0,0
789,7,3,7,0,1,2,0
790,1,1,1,0,0,5,0
791,0,1,0,0,0,0,0
792,0,0,0,0,0,1,0
793,2,0,2,0,0,3,0
794,0,0,0,0,0,0,0
795,0,1,0,0,0,3,0
796,0,0,0,0,0,0,0
797,0,1,0,0,0,7,1
798,0,0,0,0,0,0,0
799,2,5,2,0,0,5,0
800,0,0,0,0,0,0,0
801,0,1,0,0,0,5,0
802,2,1,2,0,0,9,0
803,0,0,0,0,0,1,0
804,1,0,1,0,0,0,0
805,4,3,4,0,0,1,0
806,2,1,2,0,0,3,0
807,0,0,0,0,0,2,0
808,1,0,1,0,0,3,0
809,1,0,1,0,0,5,0
810,3,1,3,0,0,1,0
811,1,0,1,0,0,1,0
812,3,1,3,0,0,1,0
813,5,2,5,0,0,4,0
814,1,4,1,0,0,9,1
815,0,0,0,0,0,0,0
816,2,0,2,0,0,1,0
817,0,0,0,0,0,1,0
818,18,0,18,0,0,2,0
819,1,0,1,0,0,0,0
820,3,3,3,0,0,5,0
821,3,0,3,0,1,1,0
822,3,0,3,0,0,1,0
823,3,1,3,0,0,6,0
824,0,0,0,0,0,0,0
825,0,1,0,0,0,5,0
826,0,0,0,0,0,1,0
827,1,1,1,0,0,5,1
828,1,0,1,0,0,3,0
829,0,3,0,0,0,6,0
830,0,0,0,0,0,1,0
831,0,3,0,0,0,7,0
832,0,0,0,0,0,1,0
833,0,0,0,0,0,1,0
834,0,0,0,0,0,3,0
835,2,2,2,0,0,7,0
836,0,3,0,0,2,4,0
837,2,0,2,0,0,2,0
838,4,6,4,0,0,3,0
839,0,0,0,0,0,0,0
840,0,0,0,0,0,2,0
841,0,0,0,0,0,6,0
842,0,1,0,0,0,5,1
843,2,3,0,2,2,2,0
844,0,0,0,0,0,1,0
845,0,0,0,0,0,0,0
846,1,0,1,0,0,13,2
847,0,0,0,0,0,0,0
848,0,0,0,0,0,2,0
849,6,5,5,1,1,0,0
850,0,0,0,0,0,11,0
851,1,1,1,0,0,0,0
852,0,0,0,0,0,2,0
853,0,0,0,0,0,0,0
854,0,0,0,0,0,2,0
855,4,7,4,0,0,8,0
856,0,1,0,0,0,5,0
857,4,2,4,0,0,5,0
858,0,0,0,0,0,0,0
859,0,0,0,0,0,0,0
860,4,0,4,0,0,1,0
861,0,3,0,0,0,2,0
862,2,0,2,0,0,1,0
863,1,0,1,0,0,2,0
864,5,6,4,1,3,5,1
865,0,0,0,0,0,8,0
866,0,0,0,0,0,5,0
867,1,0,1,0,0,5,0
868,7,5,6,1,2,6,0
869,6,10,5,1,1,2,0
870,18,12,9,9,10,6,0
871,0,1,0,0,0,1,0
872,0,0,0,0,0,0,0
873,4,1,2,2,2,1,0
874,0,0,0,0,0,0,0
875,0,0,0,0,0,0,0
876,0,0,0,0,0,1,0
877,0,0,0,0,0,0,0
878,1,2,1,0,0,5,0
879,0,0,0,0,0,4,0
880,1,0,1,0,0,8,0
881,0,2,0,0,0,6,0
882,3,4,3,0,0,6,0
883,0,1,0,0,0,3,0
884,2,4,2,0,0,5,0
885,0,1,0,0,0,4,0
886,1,0,1,0,0,5,1
887,0,3,0,0,0,6,0
888,0,0,0,0,0,0,0
889,6,3,4,2,3,8,0
890,0,0,0,0,0,0,0
891,0,1,0,0,2,0,0
892,9,7,9,0,0,2,0
893,1,1,1,0,0,2,0
894,0,2,0,0,0,4,0
895,0,0,0,0,0,0,0
896,1,0,1,0,0,1,0
897,1,0,1,0,0,0,0
898,2,1,2,0,0,1,0
899,0,0,0,0,0,0,0
900,9,5,9,0,0,0,0
901,0,0,0,0,0,2,0
902,2,3,2,0,0,2,0
903,0,0,0,0,0,7,0
904,0,0,0,0,0,1,0
905,0,3,0,0,0,10,1
906,0,3,0,0,0,4,0
907,0,0,0,0,0,0,0
908,1,1,1,0,0,8,0
909,0,0,0,0,0,0,0
910,0,0,0,0,0,3,1
911,3,0,3,0,0,7,0
912,1,1,1,0,0,1,0
913,5,4,5,0,0,3,0
914,7,4,5,2,3,0,0
915,0,0,0,0,0,0,0
916,3,1,3,0,1,4,0
917,0,0,0,0,0,7,1
918,0,0,0,0,0,0,0
919,0,0,0,0,0,1,0
920,0,0,0,0,0,2,0
921,0,1,0,0,0,4,0
922,0,4,0,0,0,7,0
923,0,0,0,0,0,6,0
924,0,1,0,0,0,5,0
925,0,1,0,0,0,6,1
926,0,0,0,0,0,0,0
927,0,2,0,0,0,2,1
928,1,0,1,0,0,5,0
929,1,1,1,0,0,2,0
930,2,3,2,0,0,5,0
931,0,0,0,0,0,6,0
932,5,2,5,0,0,1,0
933,0,0,0,0,0,1,0
934,4,9,4,0,0,3,0
935,0,0,0,0,0,4,0
936,7,3,6,1,1,4,0
937,6,0,4,2,2,1,0
938,0,0,0,0,0,1,0
939,1,3,1,0,0,5,0
940,0,0,0,0,0,0,0
941,0,0,0,0,0,1,0
942,0,0,0,0,0,2,0
943,3,2,2,1,1,1,0
944,0,2,0,0,0,5,0
945,3,2,3,0,0,2,0
946,2,2,2,0,0,6,0
947,2,0,2,0,0,1,0
948,3,1,3,0,1,0,0
949,1,2,1,0,0,5,0
950,2,2,2,0,0,11,0
951,0,2,0,0,0,2,0
952,4,1,4,0,0,0,0
953,2,1,2,0,0,3,0
954,7,0,7,0,0,0,0
955,0,1,0,0,0,1,0
956,1,0,1,0,0,0,0
957,0,1,0,0,0,8,0
958,1,0,1,0,0,8,0
959,0,0,0,0,0,0,0
960,0,0,0,0,0,9,1
961,1,0,1,0,0,2,0
962,5,1,3,2,3,8,2
963,3,5,2,1,1,2,0
964,0,0,0,0,0,0,0
965,0,0,0,0,0,3,0
966,0,2,0,0,0,3,1
967,0,0,0,0,0,0,0
968,1,1,1,0,0,0,0
969,0,0,0,0,0,3,0
970,0,0,0,0,0,0,0
971,0,0,0,0,0,0,0
972,0,0,0,0,0,0,0
973,1,1,1,0,0,0,0
974,3,1,3,0,0,3,0
975,0,0,0,0,0,0,0
976,1,1,1,0,0,4,1
977,0,0,0,0,0,0,0
978,2,4,2,0,0,3,0
979,3,0,3,0,0,1,0
980,5,1,5,0,0,0,0
981,1,0,1,0,0,3,1
982,0,0,0,0,0,0,0
983,10,0,6,4,4,2,0
984,0,4,0,0,0,4,0
985,0,0,0,0,0,1,0
986,0,0,0,0,0,1,1
987,1,0,1,0,0,1,0
988,0,0,0,0,0,3,0
989,0,0,0,0,0,3,0
990,0,0,0,0,0,0,0
991,0,0,0,0,0,0,0
992,2,1,2,0,0,0,0
993,0,0,0,0,0,0,0
994,2,1,2,0,0,2,0
995,1,1,1,0,0,3,1
996,4,0,4,0,0,1,0
997,2,1,2,0,0,0,0
998,2,1,2,0,0,10,1
999,10,2,10,0,0,4,0
1000,0,2,0,0,0,4,0
1001,1,0,1,0,0,3,0
1002,0,1,0,0,0,1,0
1003,1,1,1,0,0,1,0
1004,0,1,0,0,0,8,0
1005,2,0,1,1,1,4,1
1006,0,0,0,0,0,0,1
1007,5,9,5,0,0,2,0
1008,0,0,0,0,0,0,0
1009,0,1,0,0,0,3,0
1010,2,2,2,0,0,3,0
1011,0,1,0,0,0,0,0
1012,0,0,0,0,0,0,0
1013,7,1,7,0,0,7,1
1014,4,0,3,1,1,1,0
1015,4,2,4,0,0,0,0
1016,3,1,3,0,0,0,0
1017,0,0,0,0,0,2,0
1018,0,1,0,0,0,1,0
1019,0,0,0,0,0,0,0
1020,0,0,0,0,0,1,0
1021,0,1,0,0,0,7,1
1022,4,1,2,2,2,3,0
1023,2,3,2,0,0,14,0
1024,1,0,1,0,0,8,0
1025,1,0,1,0,0,5,0
1026,6,2,3,3,4,5,0
1027,0,0,0,0,0,0,0
1028,0,0,0,0,0,1,0
1029,0,0,0,0,0,0,0
1030,5,5,5,0,0,2,0
1031,0,1,0,0,0,3,0
1032,10,6,10,0,0,9,1
1033,12,7,8,4,4,5,0
1034,1,0,1,0,0,9,0
1035,0,1,0,0,0,9,1
1036,1,0,1,0,0,1,0
1037,0,0,0,0,0,3,0
1038,1,2,1,0,0,3,1
1039,0,0,0,0,0,0,0
1040,1,2,1,0,0,0,0
1041,4,0,1,3,3,2,0
1042,6,10,6,0,0,6,0
1043,0,0,0,0,0,0,0
1044,7,2,7,0,0,2,0
1045,1,2,1,0,0,1,0
1046,4,3,3,1,1,3,0
1047,0,0,0,0,0,3,0
1048,13,7,12,1,2,4,0
1049,9,10,5,4,4,2,0
1050,0,0,0,0,0,0,0
1051,2,1,2,0,0,6,1
1052,0,1,0,0,0,8,1
1053,3,8,0,3,4,3,0
1054,0,1,0,0,0,0,0
1055,0,0,0,0,0,0,0
1056,0,0,0,0,0,4,0
1057,0,0,0,0,0,2,0
1058,1,0,1,0,0,4,0
1059,1,2,0,1,2,5,0
1060,0,0,0,0,0,8,0
1061,5,5,5,0,0,3,1
1062,2,1,2,0,0,5,0
1063,5,10,5,0,0,1,0
1064,0,0,0,0,0,0,0
1065,0,0,0,0,0,2,0
1066,1,1,1,0,0,5,0
1067,3,2,3,0,0,1,0
1068,2,0,2,0,0,11,1
1069,1,0,1,0,0,1,0
1070,0,1,0,0,0,3,0
1071,1,4,1,0,0,2,1
1072,1,0,1,0,0,8,0
1073,3,1,2,1,1,6,0
1074,10,1,9,1,1,3,0
1075,0,0,0,0,0,0,0
1076,2,0,2,0,0,3,0
1077,1,0,1,0,0,4,0
1078,13,2,12,1,2,1,0
1079,3,3,3,0,0,2,0
1080,0,2,0,0,0,4,0
1081,0,1,0,0,0,2,0
1082,0,0,0,0,0,0,0
1083,3,1,3,0,0,4,1
1084,2,0,2,0,0,2,1
1085,0,1,0,0,0,0,0
1086,4,6,4,0,0,4,0
1087,27,6,25,2,4,2,0
1088,0,0,0,0,0,0,0
1089,1,0,1,0,0,2,0
1090,0,0,0,0,0,0,0
1091,4,2,4,0,0,2,0
1092,8,3,8,0,0,4,0
1093,3,1,3,0,0,4,0
1094,2,1,2,0,0,6,0
1095,7,8,7,0,0,6,0
1096,3,0,3,0,0,0,0
1097,2,2,1,1,1,2,0
1098,4,2,3,1,1,5,0
1099,6,1,6,0,0,5,0
1100,0,0,0,0,0,1,0
1101,0,0,0,0,0,1,1
1102,2,5,2,0,0,4,0
1103,0,0,0,0,0,0,0
1104,8,8,8,0,0,2,0
1105,0,0,0,0,0,1,0
1106,0,0,0,0,0,5,0
1107,2,1,2,0,0,3,0
1108,1,0,1,0,0,2,0
1109,4,3,4,0,0,2,0
1110,0,0,0,0,0,8,0
1111,3,2,3,0,0,0,0
1112,1,3,1,0,0,0,0
1113,3,1,3,0,0,2,0
1114,0,0,0,0,0,2,0
1115,0,1,0,0,0,2,0
1116,0,0,0,0,0,0,0
1117,0,0,0,0,0,3,0
1118,0,0,0,0,0,3,0
1119,1,1,1,0,0,0,0
1120,2,1,2,0,0,3,1
1121,0,1,0,0,0,3,0
1122,0,1,0,0,0,3,0
1123,1,0,1,0,0,4,0
1124,0,5,0,0,0,0,0
1125,0,0,0,0,0,4,0
1126,2,0,2,0,0,0,0
1127,1,1,1,0,0,6,0
1128,0,0,0,0,0,3,1
1129,0,2,0,0,0,4,0
1130,0,2,0,0,0,1,0
1131,7,5,7,0,0,9,0
1132,7,3,6,1,1,11,0
1133,1,3,1,0,0,6,0
1134,0,1,0,0,0,2,0
1135,0,0,0,0,0,2,0
1136,3,1,3,0,0,7,0
1137,0,3,0,0,0,3,0
1138,0,5,0,0,0,1,0
1139,0,2,0,0,0,5,0
1140,17,10,16,1,1,0,0
1141,0,0,0,0,0,3,1
1142,0,1,0,0,0,4,2
1143,2,1,2,0,0,4,0
1144,0,0,0,0,0,1,0
1145,0,0,0,0,0,6,0
1146,0,0,0,0,0,1,0
1147,1,3,1,0,0,11,0
1148,6,11,3,3,3,1,0
1149,0,0,0,0,0,0,0
1150,0,1,0,0,0,2,0
1151,4,4,4,0,0,5,0
1152,1,0,1,0,0,9,0
1153,0,0,0,0,0,0,0
1154,8,4,8,0,0,3,0
1155,6,1,6,0,0,3,0
1156,0,1,0,0,0,6,0
1157,0,0,0,0,0,0,0
1158,0,0,0,0,0,1,0
1159,1,1,1,0,0,0,0
1160,0,0,0,0,0,1,0
1161,1,0,1,0,0,2,0
1162,0,0,0,0,0,3,0
1163,2,3,2,0,0,0,0
1164,0,0,0,0,0,0,0
1165,5,0,5,0,0,6,0
1166,4,0,4,0,0,1,0
1167,2,1,2,0,1,2,0
1168,0,2,0,0,0,2,0
1169,2,4,2,0,0,9,0
1170,0,0,0,0,0,3,1
1171,1,1,1,0,0,2,0
1172,0,2,0,0,0,7,1
1173,0,0,0,0,0,1,0
1174,0,0,0,0,0,4,0
1175,0,1,0,0,0,7,0
1176,15,2,12,3,6,2,1
1177,7,3,6,1,1,1,0
1178,0,0,0,0,0,0,0
1179,1,0,1,0,0,1,0
1180,0,0,0,0,0,0,0
1181,0,0,0,0,0,2,0
1182,11,0,6,5,5,2,0
1183,0,0,0,0,0,5,0
1184,12,2,12,0,1,1,0
1185,4,5,3,1,1,0,0
1186,0,0,0,0,0,1,0
1187,1,2,1,0,0,1,0
1188,2,0,2,0,0,2,0
1189,6,9,4,2,2,2,0
1190,0,0,0,0,0,2,0
1191,1,0,1,0,0,4,0
1192,20,6,16,4,8,4,1
1193,1,0,1,0,0,7,0
1194,0,2,0,0,0,2,0
1195,12,4,10,2,2,1,0
1196,3,5,3,0,1,4,0
1197,19,8,12,7,8,2,1
1198,2,4,2,0,0,2,0
1199,0,0,0,0,0,9,0
1200,1,0,1,0,0,0,0
1201,2,0,2,0,0,6,0
1202,17,2,17,0,1,4,0
1203,0,2,0,0,0,1,0
1204,1,1,1,0,0,3,1
1205,0,0,0,0,0,2,0
1206,1,2,1,0,0,0,0
1207,1,0,1,0,0,4,0
1208,0,0,0,0,0,0,0
1209,2,0,2,0,0,3,0
1210,0,0,0,0,0,1,1
1211,0,1,0,0,0,3,0
1212,0,0,0,0,0,0,0
1213,1,1,1,0,0,6,0
1214,3,1,3,0,0,3,0
1215,1,2,1,0,0,3,0
1216,0,0,0,0,0,0,1
1217,0,1,0,0,0,4,0
1218,6,3,6,0,0,6,0
1219,0,0,0,0,0,1,0
1220,4,5,1,3,3,2,0
1221,0,0,0,0,0,0,0
1222,0,0,0,0,0,4,1
1223,5,1,5,0,0,6,0
1224,1,1,1,0,0,3,0
1225,1,0,1,0,0,0,0
1226,0,0,0,0,0,0,0
1227,0,1,0,0,0,0,0
1228,0,0,0,0,0,0,0
1229,9,4,9,0,0,2,0
1230,0,0,0,0,0,0,0
1231,4,0,4,0,0,0,0
1232,2,6,2,0,0,2,0
1233,0,0,0,0,0,0,0
1234,4,2,3,1,1,3,0
1235,0,0,0,0,0,1,0
1236,1,0,1,0,0,1,0
1237,0,1,0,0,0,1,0
1238,1,2,1,0,0,2,0
1239,3,4,3,0,0,5,0
1240,4,0,4,0,0,3,0
1241,0,2,0,0,0,0,0
1242,1,6,1,0,0,8,1
1243,7,1,0,7,9,2,0
1244,4,2,4,0,0,3,0
1245,1,0,1,0,0,0,0
1246,3,1,3,0,1,0,0
1247,11,3,9,2,4,1,0
1248,0,1,0,0,0,3,0
1249,1,0,1,0,0,1,0
1250,0,2,0,0,0,5,1
1251,9,0,9,0,0,2,0
1252,6,0,6,0,1,1,0
1253,0,0,0,0,0,0,0
1254,4,1,4,0,0,2,0
1255,2,0,2,0,0,1,0
1256,5,2,5,0,0,6,0
1257,3,3,3,0,0,3,0
1258,2,1,2,0,0,4,0
1259,0,0,0,0,0,1,0
1260,0,0,0,0,0,6,0
1261,0,0,0,0,0,3,0
1262,0,0,0,0,0,6,1
1263,3,1,3,0,1,2,0
1264,0,4,0,0,0,3,0
1265,10,3,10,0,0,4,0
1266,0,0,0,0,0,0,0
1267,1,0,1,0,0,0,0
1268,11,5,4,7,9,3,0
1269,16,5,16,0,0,1,0
1270,0,0,0,0,0,0,0
1271,7,3,7,0,0,0,0
1272,2,0,2,0,0,2,0
1273,0,0,0,0,0,0,0
1274,4,1,4,0,0,3,0
1275,1,1,1,0,0,1,0
1276,5,12,5,0,0,3,0
1277,0,0,0,0,0,1,1
1278,1,0,1,0,0,1,1
1279,0,0,0,0,0,0,0
1280,0,2,0,0,0,6,0
1281,2,1,2,0,0,3,0
1282,0,0,0,0,0,0,0
1283,0,1,0,0,0,6,0
1284,23,14,19,4,4,1,0
1285,0,0,0,0,0,0,0
1286,0,4,0,0,0,1,0
1287,0,2,0,0,0,7,0
1288,0,0,0,0,0,0,0
1289,2,1,2,0,0,3,0
1290,0,0,0,0,0,0,0
1291,0,0,0,0,0,3,0
1292,0,0,0,0,0,0,0
1293,0,0,0,0,0,0,0
1294,1,6,1,0,0,2,0
1295,0,0,0,0,0,1,0
1296,0,0,0,0,0,1,0
1297,0,0,0,0,0,0,0
1298,13,0,13,0,0,4,0
1299,3,1,3,0,0,4,0
1300,0,0,0,0,0,0,0
1301,0,0,0,0,0,3,0
1302,0,0,0,0,0,0,0
1303,0,0,0,0,0,1,0
1304,0,0,0,0,0,1,0
1305,0,0,0,0,0,0,0
1306,0,0,0,0,0,0,0
1307,0,0,0,0,0,0,0
1308,2,1,2,0,0,5,0
1309,4,3,4,0,0,3,0
1310,0,0,0,0,0,0,0
1311,13,4,2,11,13,8,0
1312,0,0,0,0,0,0,0
1313,0,0,0,0,0,0,0
1314,2,1,2,0,0,4,0
1315,7,1,4,3,3,5,1
1316,1,0,1,0,0,5,0
1317,0,1,0,0,0,1,0
1318,12,2,12,0,0,4,1
1319,0,0,0,0,0,1,0
1320,0,1,0,0,0,4,0
1321,4,10,4,0,0,4,0
1322,0,0,0,0,0,6,1
1323,0,0,0,0,0,0,0
1324,1,0,1,0,0,3,1
1325,0,2,0,0,0,3,0
1326,0,0,0,0,0,1,0
1327,0,0,0,0,0,0,0
1328,0,0,0,0,0,0,0
1329,0,0,0,0,0,1,0
1330,1,2,1,0,0,0,0
1331,4,5,2,2,2,6,0
1332,1,1,1,0,0,1,0
1333,5,2,4,1,2,4,0
1334,1,0,1,0,0,2,0
1335,0,0,0,0,0,0,0
1336,3,1,3,0,0,2,0
1337,0,0,0,0,0,0,0
1338,1,1,1,0,0,0,0
1339,1,0,1,0,0,4,0
1340,0,0,0,0,0,0,0
1341,0,0,0,0,0,1,0
1342,0,0,0,0,0,0,0
1343,0,0,0,0,0,1,0
1344,1,0,0,1,1,1,0
1345,1,1,1,0,0,3,0
1346,0,0,0,0,0,1,0
1347,0,0,0,0,0,0,0
1348,1,2,1,0,0,9,0
1349,0,0,0,0,0,1,0
1350,0,1,0,0,0,0,0
1351,0,0,0,0,0,0,0
1352,1,1,1,0,0,5,0
1353,9,4,9,0,0,3,0
1354,0,0,0,0,0,4,1
1355,2,1,2,0,0,5,0
1356,1,0,1,0,0,2,0
1357,5,1,4,1,2,4,0
1358,0,0,0,0,0,4,0
1359,0,0,0,0,0,1,0
1360,1,0,1,0,0,3,0
1361,9,0,9,0,0,2,0
1362,0,0,0,0,0,0,0
1363,0,0,0,0,0,0,0
1364,2,0,2,0,0,3,0
1365,0,2,0,0,0,3,0
1366,4,14,4,0,0,4,0
1367,0,0,0,0,0,0,0
1368,1,1,1,0,0,4,0
1369,0,0,0,0,0,1,1
1370,0,0,0,0,0,10,1
1371,2,1,2,0,0,4,0
1372,1,0,1,0,0,10,0
1373,1,0,1,0,0,4,0
1374,0,1,0,0,0,4,0
1375,0,0,0,0,0,0,0
1376,1,0,1,0,0,4,0
1377,20,5,15,5,5,2,0
1378,0,2,0,0,0,5,0
1379,0,0,0,0,0,0,0
1380,3,10,3,0,0,6,0
1381,0,0,0,0,0,0,0
1382,1,2,1,0,0,3,0
1383,11,5,6,5,6,0,0
1384,0,1,0,0,0,2,0
1385,0,0,0,0,0,2,1
1386,1,1,1,0,0,2,0
1387,7,2,3,4,4,8,0
1388,0,1,0,0,0,0,0
1389,4,3,4,0,0,7,0
1390,1,0,1,0,0,8,0
1391,0,0,0,0,0,1,0
1392,0,0,0,0,0,6,0
1393,4,0,4,0,0,5,0
1394,1,1,1,0,0,4,1
1395,1,2,1,0,0,2,0
1396,0,0,0,0,0,1,0
1397,1,0,1,0,0,4,0
1398,0,0,0,0,0,0,0
1399,16,8,16,0,0,3,0
1400,13,2,10,3,3,3,0
1401,0,0,0,0,0,4,1
1402,1,1,1,0,0,5,0
1403,0,0,0,0,0,2,0
1404,0,1,0,0,0,5,1
1405,0,0,0,0,0,0,0
1406,2,2,2,0,0,2,0
1407,0,2,0,0,0,5,0
1408,3,2,0,3,3,1,0
1409,1,1,1,0,0,0,0
1410,1,0,1,0,0,6,1
1411,2,0,2,0,0,0,0
1412,1,1,1,0,0,4,1
1413,1,0,1,0,0,2,1
1414,0,0,0,0,0,0,0
1415,1,1,1,0,0,1,0
1416,8,2,8,0,1,2,0
1417,0,0,0,0,0,1,0
1418,0,0,0,0,0,8,1
1419,0,1,0,0,0,8,0
1420,0,0,0,0,0,2,0
1421,2,1,2,0,0,1,0
1422,2,0,2,0,0,0,0
1423,2,0,2,0,0,4,0
1424,0,0,0,0,0,4,1
1425,1,0,1,0,0,3,0
1426,0,2,0,0,0,8,0
1427,3,5,3,0,0,4,0
1428,0,0,0,0,0,1,0
1429,0,0,0,0,0,0,0
1430,0,0,0,0,0,4,0
1431,2,0,2,0,0,3,0
1432,3,6,3,0,0,3,0
1433,2,5,2,0,0,2,1
1434,1,2,1,0,0,0,0
1435,0,5,0,0,0,6,0
1436,0,0,0,0,0,0,0
1437,0,0,0,0,0,2,0
1438,0,1,0,0,0,5,1
1439,0,0,0,0,0,3,1
1440,0,0,0,0,0,0,0
1441,6,6,6,0,0,5,0
1442,0,0,0,0,0,2,0
1443,0,1,0,0,0,0,0
1444,0,0,0,0,0,1,0
1445,0,0,0,0,0,0,0
1446,4,2,3,1,1,3,1
1447,0,0,0,0,0,10,0
1448,1,1,1,0,0,10,0
1449,0,0,0,0,0,1,0
1450,1,3,1,0,0,4,0
1451,1,0,1,0,0,5,0
1452,1,0,1,0,0,8,0
1453,1,0,1,0,0,11,2
1454,0,0,0,0,0,0,1
1455,0,3,0,0,0,3,0
1456,1,2,1,0,0,2,0
1457,2,0,2,0,0,0,0
1458,0,1,0,0,0,0,0
1459,0,0,0,0,0,1,0
1460,0,0,0,0,0,0,0
1461,0,0,0,0,0,0,0
1462,3,1,3,0,0,2,0
1463,41,7,33,8,9,4,0
1464,0,1,0,0,0,4,0
1465,4,0,2,2,3,4,0
1466,0,0,0,0,0,0,0
1467,2,4,1,1,2,2,0
1468,4,0,4,0,0,4,0
1469,1,1,1,0,0,4,0
1470,0,1,0,0,0,0,0
1471,0,0,0,0,0,0,0
1472,1,1,1,0,0,0,0
1473,1,0,1,0,0,5,0
1474,9,4,8,1,2,3,0
1475,0,1,0,0,0,3,0
1476,2,2,2,0,0,3,0
1477,0,0,0,0,0,2,1
1478,1,0,1,0,0,1,0
1479,0,0,0,0,0,0,0
1480,1,0,1,0,0,2,0
1481,0,0,0,0,0,0,0
1482,12,11,12,0,0,6,0
1483,0,0,0,0,0,0,0
1484,1,1,1,0,0,5,0
1485,0,0,0,0,0,2,0
1486,4,2,2,2,2,9,0
1487,1,2,1,0,0,3,0
1488,0,0,0,0,0,0,0
1489,1,0,1,0,0,3,0
1490,0,0,0,0,0,0,0
1491,0,0,0,0,0,2,0
1492,0,0,0,0,0,0,0
1493,0,0,0,0,0,0,0
1494,0,1,0,0,0,2,0
1495,4,4,4,0,1,5,0
1496,0,0,0,0,0,2,0
1497,3,1,3,0,0,1,0
1498,0,1,0,0,0,2,0
1499,1,1,1,0,0,0,0
1500,0,0,0,0,0,1,1
1501,2,0,2,0,0,7,0
1502,0,0,0,0,0,1,0
1503,0,0,0,0,0,0,0
1504,3,0,3,0,0,0,0
1505,3,0,3,0,0,7,0
1506,0,0,0,0,0,0,0
1507,1,0,1,0,0,7,1
1508,0,0,0,0,0,0,0
1509,7,2,2,5,5,4,1
1510,0,0,0,0,0,5,0
1511,0,0,0,0,0,1,0
1512,0,0,0,0,0,0,0
1513,1,1,1,0,0,5,0
1514,3,1,3,0,0,5,0
1515,11,3,11,0,0,6,0
1516,0,0,0,0,0,0,0
1517,0,0,0,0,0,1,0
1518,0,2,0,0,0,4,1
1519,0,0,0,0,0,5,0
1520,0,0,0,0,0,0,0
1521,0,0,0,0,0,1,0
1522,1,7,1,0,0,6,0
1523,13,3,13,0,1,3,0
1524,1,2,1,0,0,3,0
1525,0,0,0,0,0,1,0
1526,0,0,0,0,0,1,0
1527,0,0,0,0,0,0,0
1528,1,0,1,0,0,1,1
1529,0,2,0,0,0,10,1
1530,24,11,18,6,6,4,0
1531,5,5,3,2,2,4,1
1532,3,0,3,0,0,4,0
1533,0,0,0,0,0,1,0
1534,0,2,0,0,1,8,1
1535,0,0,0,0,0,5,1
1536,0,0,0,0,0,1,0
1537,0,0,0,0,0,8,0
1538,4,2,4,0,0,10,2
1539,0,0,0,0,0,0,0
1540,1,1,1,0,0,1,0
1541,4,5,4,0,1,1,0
1542,0,0,0,0,0,0,0
1543,0,0,0,0,0,0,0
1544,1,1,1,0,0,2,0
1545,8,5,8,0,0,4,0
1546,0,0,0,0,0,0,0
1547,1,4,1,0,0,4,0
1548,1,2,1,0,0,10,0
1549,0,0,0,0,0,2,0
1550,3,1,3,0,0,3,0
1551,0,0,0,0,0,2,0
1552,0,0,0,0,0,8,0
1553,0,0,0,0,0,4,0
1554,2,1,2,0,0,11,0
1555,0,0,0,0,0,0,0
1556,0,0,0,0,0,1,0
1557,9,6,9,0,0,0,0
1558,0,0,0,0,0,0,0
1559,0,0,0,0,0,0,0
1560,1,3,1,0,0,9,0
1561,0,0,0,0,0,1,0
1562,0,0,0,0,0,0,0
1563,0,0,0,0,0,2,0
1564,3,0,2,1,1,0,0
1565,2,0,2,0,0,2,0
1566,0,0,0,0,0,0,0
1567,1,0,0,1,1,0,0
1568,0,0,0,0,0,0,0
1569,0,0,0,0,0,1,0
1570,1,0,1,0,0,5,0
1571,0,0,0,0,0,1,0
1572,0,0,0,0,0,0,0
1573,0,1,0,0,0,2,0
1574,0,0,0,0,0,0,0
1575,0,0,0,0,0,0,0
1576,0,0,0,0,0,0,0
1577,8,12,7,1,1,3,0
1578,0,0,0,0,0,0,0
1579,3,1,3,0,0,8,0
1580,1,0,1,0,0,5,0
1581,2,1,2,0,0,1,0
1582,0,0,0,0,0,1,0
1583,0,0,0,0,0,4,0
1584,4,2,4,0,0,10,0
1585,0,0,0,0,0,1,0
1586,0,0,0,0,0,2,1
1587,3,1,3,0,0,6,2
1588,0,0,0,0,0,0,0
1589,3,1,3,0,0,5,1
1590,0,0,0,0,0,1,0
1591,11,7,11,0,0,3,0
1592,0,0,0,0,0,0,0
1593,0,0,0,0,0,1,0
1594,1,3,1,0,0,4,0
1595,3,3,0,3,3,3,0
1596,0,0,0,0,0,0,0
1597,0,0,0,0,0,5,0
1598,0,0,0,0,0,1,0
1599,0,0,0,0,0,1,0
1600,3,1,3,0,0,2,0
1601,0,1,0,0,0,4,0
1602,1,2,1,0,0,0,0
1603,4,1,4,0,0,3,0
1604,0,0,0,0,0,2,0
1605,0,0,0,0,0,0,0
1606,0,2,0,0,0,3,0
1607,3,0,3,0,0,7,2
1608,2,1,2,0,0,0,0
1609,0,0,0,0,0,0,0
1610,0,2,0,0,0,4,0
1611,0,4,0,0,0,7,0
1612,0,0,0,0,0,10,1
1613,1,2,1,0,0,2,0
1614,0,0,0,0,0,0,0
1615,1,0,0,1,1,5,0
1616,0,0,0,0,0,2,0
1617,0,0,0,0,0,5,0
1618,1,0,1,0,0,0,0
1619,0,0,0,0,0,2,0
1620,0,0,0,0,0,0,0
1621,0,1,0,0,0,1,0
1622,3,6,3,0,0,6,0
1623,5,1,5,0,0,7,0
1624,0,0,0,0,0,6,1
1625,0,0,0,0,0,0,0
1626,3,1,3,0,0,2,0
1627,0,0,0,0,0,8,0
1628,12,4,10,2,4,4,0
1629,4,3,4,0,0,0,1
1630,0,3,0,0,0,1,0
1631,0,0,0,0,0,0,0
1632,0,0,0,0,0,0,0
1633,0,0,0,0,0,3,0
1634,2,1,2,0,0,0,0
1635,1,0,1,0,0,4,1
1636,0,0,0,0,0,1,0
1637,1,0,1,0,0,9,1
1638,1,1,1,0,0,1,0
1639,0,0,0,0,0,0,0
1640,0,0,0,0,0,0,0
1641,17,6,15,2,2,5,0
1642,0,1,0,0,0,1,0
1643,3,2,3,0,0,3,0
1644,2,3,2,0,0,3,0
1645,0,0,0,0,0,0,0
1646,0,1,0,0,0,0,0
1647,1,1,1,0,0,6,0
1648,0,0,0,0,0,6,0
1649,0,0,0,0,0,3,0
1650,0,0,0,0,0,2,0
1651,0,0,0,0,0,0,0
1652,0,2,0,0,0,2,0
1653,5,0,4,1,2,9,1
1654,1,2,0,1,1,0,0
1655,3,0,3,0,0,5,0
1656,1,1,1,0,0,0,1
1657,1,0,1,0,0,0,0
1658,7,1,6,1,1,2,0
1659,0,0,0,0,0,2,0
1660,1,2,1,0,0,2,0
1661,0,0,0,0,0,0,0
1662,0,0,0,0,0,0,0
1663,0,0,0,0,0,0,0
1664,0,0,0,0,0,2,0
1665,0,0,0,0,0,0,0
1666,8,2,5,3,4,1,1
1667,0,4,0,0,0,3,0
1668,9,0,9,0,1,3,0
1669,0,0,0,0,0,5,0
1670,3,0,3,0,0,2,0
1671,10,3,10,0,0,1,0
1672,0,0,0,0,0,0,0
1673,0,0,0,0,0,1,0
1674,0,0,0,0,0,1,0
1675,0,1,0,0,0,7,0
1676,27,7,21,6,6,5,0
1677,1,0,1,0,0,2,0
1678,0,1,0,0,0,7,0
1679,4,1,4,0,0,3,0
1680,0,2,0,0,0,3,0
1681,1,0,1,0,0,2,0
1682,0,0,0,0,0,2,0
1683,0,0,0,0,0,1,0
1684,3,5,3,0,0,12,0
1685,8,1,8,0,0,7,0
1686,5,2,5,0,0,5,0
1687,2,5,2,0,0,1,0
1688,4,1,4,0,0,3,0
1689,0,1,0,0,0,1,0
1690,2,0,2,0,0,11,0
1691,0,1,0,0,0,5,1
1692,2,0,2,0,0,3,0
1693,0,0,0,0,0,0,0
1694,0,2,0,0,0,0,0
1695,1,1,1,0,0,0,0
1696,0,0,0,0,0,2,0
1697,0,0,0,0,0,0,0
1698,0,0,0,0,0,1,0
1699,0,0,0,0,0,1,0
1700,7,1,7,0,0,4,0
1701,2,3,2,0,0,4,0
1702,1,0,1,0,0,3,0
1703,0,0,0,0,0,3,0
1704,2,0,2,0,0,5,0
1705,0,1,0,0,0,5,1
1706,9,0,8,1,1,8,0
1707,5,1,5,0,0,12,1
1708,0,0,0,0,0,1,0
1709,0,0,0,0,0,0,0
1710,2,1,2,0,0,2,0
1711,0,0,0,0,0,2,0
1712,0,0,0,0,0,0,0
1713,1,0,1,0,0,3,0
1714,0,1,0,0,0,5,0
1715,0,0,0,0,0,1,0
1716,0,0,0,0,0,0,0
1717,0,0,0,0,0,2,0
1718,0,0,0,0,0,0,0
1719,2,4,2,0,0,5,0
1720,0,1,0,0,0,0,0
1721,0,0,0,0,0,1,0
1722,9,8,9,0,0,2,0
1723,1,0,0,1,1,4,1
1724,0,0,0,0,0,0,0
1725,30,9,27,3,5,4,0
1726,9,4,9,0,0,6,0
1727,1,1,1,0,0,3,0
1728,0,0,0,0,0,3,0
1729,0,0,0,0,0,0,0
1730,0,0,0,0,0,4,0
1731,2,0,2,0,0,3,0
1732,0,0,0,0,0,0,0
1733,0,0,0,0,0,1,0
1734,0,4,0,0,0,3,2
1735,0,0,0,0,0,0,0
1736,0,0,0,0,0,0,0
1737,0,0,0,0,0,4,2
1738,3,0,3,0,0,2,0
1739,3,1,3,0,0,7,1
1740,9,1,6,3,3,2,0
1741,8,9,8,0,0,4,0
1742,0,0,0,0,0,0,1
1743,1,0,1,0,0,3,1
1744,1,1,0,1,2,8,1
1745,1,1,1,0,0,1,0
1746,4,3,4,0,0,6,0
1747,0,0,0,0,0,0,0
1748,0,0,0,0,0,0,0
1749,0,0,0,0,0,0,0
1750,0,1,0,0,0,3,0
1751,12,3,11,1,1,4,0
1752,2,0,2,0,0,2,0
1753,2,0,2,0,0,1,0
1754,1,0,1,0,0,0,0
1755,2,2,2,0,0,6,1
1756,2,2,2,0,0,4,0
1757,13,1,11,2,3,2,0
1758,0,3,0,0,0,1,0
1759,4,2,4,0,0,0,0
1760,1,2,1,0,0,4,0
1761,0,0,0,0,0,2,0
1762,1,1,1,0,0,1,0
1763,3,3,2,1,2,3,0
1764,2,0,2,0,0,3,1
1765,0,2,0,0,0,3,0
1766,13,10,12,1,1,2,0
1767,0,0,0,0,0,0,0
1768,0,0,0,0,0,1,0
1769,0,0,0,0,1,1,0
1770,5,3,5,0,0,4,0
1771,14,2,13,1,1,2,0
1772,5,1,5,0,0,4,1
1773,0,0,0,0,0,3,0
1774,1,0,1,0,0,0,0
1775,0,0,0,0,0,1,0
1776,0,0,0,0,0,3,0
1777,0,0,0,0,0,1,0
1778,8,2,8,0,1,3,0
1779,2,5,2,0,0,1,0
1780,1,4,1,0,0,1,0
1781,0,0,0,0,0,0,0
1782,3,5,3,0,0,5,2
1783,0,0,0,0,0,0,0
1784,0,0,0,0,0,1,0
1785,2,0,2,0,0,7,1
1786,0,0,0,0,0,0,0
1787,2,0,2,0,0,4,0
1788,0,0,0,0,0,0,0
1789,1,1,1,0,0,1,0
1790,0,0,0,0,0,0,0
1791,0,0,0,0,0,3,0
1792,1,1,0,1,1,6,0
1793,0,0,0,0,0,0,1
1794,0,0,0,0,0,2,0
1795,0,0,0,0,0,0,0
1796,0,0,0,0,0,0,0
1797,11,9,10,1,1,3,1
1798,0,0,0,0,0,0,0
1799,2,2,2,0,0,3,0
1800,0,0,0,0,0,1,0
1801,0,0,0,0,0,0,0
1802,0,2,0,0,0,4,0
1803,23,7,13,10,10,3,0
1804,2,5,2,0,0,5,0
1805,0,2,0,0,0,1,0
1806,0,0,0,0,0,0,0
1807,0,0,0,0,0,0,0
1808,1,0,1,0,0,2,0
1809,0,0,0,0,0,1,0
1810,0,0,0,0,0,3,0
1811,3,0,3,0,0,0,0
1812,3,1,3,0,0,6,0
1813,0,0,0,0,0,1,0
1814,9,4,8,1,2,6,0
1815,6,5,5,1,1,2,0
1816,3,4,3,0,0,1,0
1817,0,0,0,0,0,0,0
1818,1,1,1,0,0,5,1
1819,0,0,0,0,0,0,0
1820,0,0,0,0,0,0,0
1821,0,0,0,0,0,0,0
1822,3,1,3,0,0,5,0
1823,2,1,2,0,0,5,0
1824,0,0,0,0,0,2,0
1825,0,0,0,0,0,0,0
1826,0,0,0,0,0,0,0
1827,11,19,10,1,1,0,0
1828,0,0,0,0,0,1,0
1829,1,0,1,0,0,7,1
1830,5,3,5,0,0,1,0
1831,0,1,0,0,0,6,0
1832,0,0,0,0,0,0,0
1833,22,7,20,2,3,0,0
1834,2,0,2,0,0,11,1
1835,1,0,1,0,0,1,0
1836,2,3,2,0,0,3,0
1837,0,0,0,0,0,0,0
1838,1,3,1,0,0,2,0
1839,0,0,0,0,0,2,0
1840,0,0,0,0,0,0,0
1841,1,0,1,0,0,2,0
1842,6,1,6,0,0,0,0
1843,0,0,0,0,0,5,0
1844,0,0,0,0,0,0,0
1845,1,0,1,0,0,1,0
1846,1,1,1,0,0,1,0
1847,1,2,1,0,0,3,0
1848,0,2,0,0,0,0,0
1849,3,1,3,0,0,10,0
1850,0,0,0,0,0,0,0
1851,0,0,0,0,0,4,0
1852,0,1,0,0,0,3,1
1853,1,0,1,0,0,8,0
1854,0,1,0,0,0,2,0
1855,0,0,0,0,0,0,0
1856,1,0,1,0,0,5,0
1857,0,0,0,0,0,0,0
1858,0,0,0,0,0,3,0
1859,2,2,2,0,0,8,1
1860,0,0,0,0,0,0,0
1861,0,0,0,0,0,1,0
1862,0,0,0,0,0,2,0
1863,0,0,0,0,0,0,0
1864,1,1,1,0,0,6,0
1865,0,6,0,0,0,4,0
1866,0,0,0,0,0,0,0
1867,0,0,0,0,0,0,0
1868,3,4,3,0,0,4,0
1869,0,0,0,0,0,0,0
1870,1,4,1,0,0,6,0
1871,0,0,0,0,0,1,0
1872,3,2,3,0,0,3,0
1873,1,1,1,0,0,0,0
1874,0,0,0,0,0,0,0
1875,8,4,8,0,0,5,1
1876,0,0,0,0,0,0,0
1877,2,2,2,0,0,1,0
1878,0,0,0,0,0,0,0
1879,5,6,5,0,0,4,0
1880,1,0,1,0,0,0,0
1881,0,0,0,0,0,1,0
1882,6,5,6,0,0,9,0
1883,0,0,0,0,0,1,0
1884,5,1,2,3,3,8,0
1885,9,5,4,5,6,7,2
1886,1,2,1,0,0,9,0
1887,2,0,2,0,0,1,0
1888,2,0,2,0,0,5,0
1889,0,0,0,0,0,1,0
1890,3,1,3,0,1,0,0
1891,3,1,2,1,1,10,1
1892,6,0,5,1,1,0,0
1893,1,0,1,0,0,0,0
1894,0,0,0,0,0,0,0
1895,5,4,5,0,0,3,1
1896,0,0,0,0,0,0,0
1897,2,1,2,0,1,10,0
1898,0,0,0,0,0,1,0
1899,0,0,0,0,0,0,0
1900,0,0,0,0,0,1,0
1901,3,0,3,0,0,1,0
1902,2,1,2,0,0,0,0
1903,1,0,1,0,0,5,0
1904,0,0,0,0,0,1,0
1905,6,6,6,0,0,2,0
1906,0,0,0,0,0,0,0
1907,0,0,0,0,0,1,0
1908,7,5,7,0,0,7,0
1909,4,4,4,0,0,1,0
1910,0,0,0,0,0,1,0
1911,0,0,0,0,0,0,0
1912,0,0,0,0,0,6,0
1913,0,0,0,0,0,0,0
1914,0,0,0,0,0,0,0
1915,0,0,0,0,0,0,0
1916,1,1,1,0,0,6,0
1917,1,0,1,0,0,1,0
1918,0,0,0,0,0,1,0
1919,20,2,12,8,8,1,0
1920,1,0,1,0,0,2,0
1921,0,2,0,0,0,10,1
1922,11,3,7,4,4,5,0
1923,1,1,1,0,0,8,1
1924,0,0,0,0,0,0,0
1925,0,0,0,0,0,3,0
1926,0,0,0,0,0,0,0
1927,0,1,0,0,0,4,1
1928,0,0,0,0,0,0,0
1929,5,4,1,4,5,3,0
1930,0,2,0,0,0,1,0
1931,0,2,0,0,0,0,0
1932,0,0,0,0,0,1,0
1933,2,0,2,0,0,0,0
1934,3,0,3,0,0,5,0
1935,4,1,4,0,0,2,0
1936,1,1,1,0,0,1,0
1937,1,0,1,0,0,0,0
1938,1,1,1,0,0,4,0
1939,0,2,0,0,0,4,0
1940,0,1,0,0,0,2,0
1941,0,2,0,0,0,0,0
1942,0,0,0,0,0,1,0
1943,0,1,0,0,0,4,0
1944,0,0,0,0,0,6,0
1945,0,0,0,0,0,0,0
1946,5,9,4,1,1,1,0
1947,0,0,0,0,0,1,0
1948,0,0,0,0,0,0,1
1949,0,0,0,0,0,0,0
1950,4,0,4,0,0,2,0
1951,0,0,0,0,0,1,0
1952,2,1,1,1,1,5,0
1953,0,1,0,0,0,0,0
1954,4,1,4,0,0,4,0
1955,6,2,2,4,4,5,0
1956,0,0,0,0,0,0,0
1957,7,3,4,3,3,0,0
1958,0,1,0,0,0,1,0
1959,0,1,0,0,0,3,0
1960,1,0,1,0,0,1,0
1961,10,3,10,0,0,4,0
1962,0,0,0,0,0,2,0
1963,0,1,0,0,0,2,0
1964,0,1,0,0,0,1,0
1965,1,0,1,0,0,6,0
1966,0,2,0,0,0,7,1
1967,4,4,4,0,0,2,0
1968,0,0,0,0,0,3,1
1969,0,0,0,0,0,1,0
1970,4,4,4,0,0,1,0
1971,0,0,0,0,0,0,0
1972,0,2,0,0,0,0,0
1973,0,0,0,0,0,2,0
1974,1,1,1,0,0,0,0
1975,11,8,5,6,7,1,0
1976,1,1,1,0,0,1,0
1977,0,1,0,0,0,3,0
1978,1,2,1,0,0,0,0
1979,1,0,1,0,0,5,0
1980,0,0,0,0,0,1,0
1981,0,0,0,0,0,0,0
1982,1,1,1,0,0,2,0
1983,0,0,0,0,0,0,0
1984,0,0,0,0,0,0,0
1985,0,0,0,0,0,3,0
1986,5,5,5,0,0,5,0
1987,0,0,0,0,0,1,0
1988,0,0,0,0,0,0,0
1989,0,0,0,0,0,0,0
1990,0,0,0,0,0,0,0
1991,2,0,2,0,0,8,1
1992,0,0,0,0,0,0,0
1993,0,0,0,0,0,0,0
1994,0,0,0,0,0,0,0
1995,7,3,6,1,1,5,0
1996,0,0,0,0,0,0,0
1997,0,0,0,0,0,5,0
1998,0,0,0,0,0,0,0
1999,9,5,9,0,0,6,1
2000,0,0,0,0,0,1,0
2001,0,0,0,0,0,0,0
2002,1,2,1,0,0,7,1
2003,3,5,3,0,0,4,0
2004,0,0,0,0,0,0,0
2005,0,2,0,0,0,5,0
2006,0,2,0,0,0,5,0
2007,0,0,0,0,0,1,0
2008,6,2,6,0,0,2,0
2009,1,0,1,0,0,0,0
2010,0,1,0,0,0,1,0
2011,0,0,0,0,0,0,0
2012,0,1,0,0,0,8,0
2013,0,0,0,0,0,1,0
2014,0,0,0,0,0,0,0
2015,4,1,4,0,0,6,0
2016,0,0,0,0,0,3,0
2017,0,0,0,0,0,2,0
2018,0,0,0,0,0,0,0
2019,0,1,0,0,0,3,0
2020,0,0,0,0,0,0,0
2021,4,3,4,0,0,8,0
2022,7,10,7,0,1,4,2
2023,1,0,1,0,0,0,0
2024,0,0,0,0,0,0,0
2025,0,0,0,0,0,1,0
2026,1,2,1,0,0,8,0
2027,3,3,3,0,0,2,0
2028,5,2,5,0,0,5,1
2029,16,3,12,4,5,4,0
2030,0,0,0,0,0,0,0
2031,3,1,3,0,0,4,0
2032,0,0,0,0,0,0,0
2033,1,2,1,0,0,1,0
2034,1,0,1,0,0,2,1
2035,7,6,6,1,1,10,0
2036,0,1,0,0,0,2,0
2037,0,0,0,0,0,0,0
2038,0,0,0,0,0,1,0
2039,0,0,0,0,0,1,0
2040,0,0,0,0,0,1,0
2041,1,0,1,0,0,1,0
2042,1,1,1,0,0,1,0
2043,0,0,0,0,0,0,0
2044,0,0,0,0,0,0,0
2045,10,1,9,1,1,1,1
2046,2,3,2,0,0,0,0
2047,4,1,4,0,0,5,0
2048,1,2,1,0,0,7,1
2049,2,1,2,0,0,3,0
2050,11,6,7,4,4,2,1
2051,0,4,0,0,0,6,0
2052,0,1,0,0,0,3,0
2053,2,2,2,0,0,0,0
2054,1,2,1,0,0,6,0
2055,5,7,4,1,1,8,0
2056,2,1,2,0,0,2,0
2057,2,1,2,0,0,0,0
2058,0,0,0,0,0,4,1
2059,0,0,0,0,0,0,0
2060,0,0,0,0,0,3,0
2061,4,4,1,3,4,1,0
2062,0,0,0,0,0,1,0
2063,0,0,0,0,0,1,0
2064,0,0,0,0,0,4,0
2065,0,0,0,0,0,1,1
2066,4,3,4,0,0,3,0
2067,3,7,3,0,0,4,0
2068,1,0,1,0,0,1,0
2069,0,0,0,0,0,0,0
2070,2,2,2,0,0,2,0
2071,4,3,4,0,0,0,0
2072,8,0,7,1,1,0,0
2073,0,0,0,0,0,0,0
2074,0,0,0,0,0,5,1
2075,2,0,2,0,0,0,0
2076,1,0,1,0,0,5,0
2077,1,4,1,0,0,7,0
2078,6,2,6,0,0,3,0
2079,0,0,0,0,0,0,0
2080,1,1,1,0,0,0,0
2081,1,0,1,0,0,0,0
2082,1,2,1,0,0,10,0
2083,2,1,2,0,0,1,0
2084,1,1,1,0,0,2,0
2085,0,0,0,0,0,0,0
2086,7,1,7,0,1,4,0
2087,0,0,0,0,0,1,0
2088,0,0,0,0,0,0,0
2089,0,0,0,0,0,0,0
2090,5,0,5,0,0,0,0
2091,0,0,0,0,0,1,0
2092,0,0,0,0,0,1,0
2093,1,1,1,0,0,6,0
2094,1,0,1,0,0,4,0
2095,0,1,0,0,0,1,0
2096,1,1,1,0,0,12,0
2097,1,0,1,0,0,0,0
2098,3,1,3,0,0,4,0
2099,0,0,0,0,0,0,1
2100,0,0,0,0,0,4,0
2101,0,0,0,0,0,1,0
2102,0,0,0,0,0,0,0
2103,3,2,3,0,0,0,0
2104,0,0,0,0,0,1,0
2105,5,5,5,0,0,1,1
2106,0,2,0,0,0,1,0
2107,6,1,6,0,0,2,0
2108,0,0,0,0,0,0,0
2109,6,0,6,0,0,6,0
2110,3,2,3,0,0,3,0
2111,3,3,3,0,0,3,0
2112,6,0,6,0,0,0,0
2113,0,0,0,0,0,0,0
2114,1,0,1,0,0,1,0
2115,9,4,9,0,0,3,0
2116,1,0,1,0,0,1,0
2117,0,0,0,0,0,2,1
2118,2,0,2,0,0,1,0
2119,0,0,0,0,0,1,0
2120,0,0,0,0,0,0,0
2121,0,0,0,0,0,1,0
2122,0,1,0,0,0,1,0
2123,8,3,8,0,0,3,0
2124,0,0,0,0,0,11,1
2125,0,0,0,0,0,4,0
2126,5,4,5,0,0,1,0
2127,0,0,0,0,0,1,0
2128,0,0,0,0,0,0,0
2129,0,0,0,0,0,4,0
2130,1,1,1,0,0,0,0
2131,0,1,0,0,0,1,0
2132,1,2,1,0,0,3,0
2133,1,1,1,0,0,3,0
2134,3,1,3,0,0,7,0
2135,0,0,0,0,0,0,0
2136,0,0,0,0,0,1,0
2137,3,5,3,0,0,6,0
2138,1,0,1,0,0,1,0
2139,1,3,1,0,0,8,0
2140,1,0,1,0,0,6,1
2141,4,2,4,0,0,2,0
2142,3,1,3,0,0,2,0
2143,13,1,11,2,3,1,0
2144,6,2,5,1,1,1,0
2145,2,0,2,0,0,1,0
2146,1,0,1,0,0,5,0
2147,0,0,0,0,0,0,0
2148,0,0,0,0,0,0,0
2149,0,1,0,0,0,0,0
2150,4,2,4,0,0,7,1
2151,1,1,1,0,0,6,0
2152,0,0,0,0,0,0,0
2153,0,2,0,0,0,1,0
2154,2,1,2,0,0,2,0
2155,1,2,1,0,0,1,0
2156,0,0,0,0,0,0,0
2157,0,0,0,0,0,6,0
2158,0,0,0,0,0,0,0
2159,0,3,0,0,0,2,0
2160,0,1,0,0,0,0,0
2161,0,4,0,0,0,2,0
2162,0,0,0,0,0,0,0
2163,0,0,0,0,0,2,0
2164,4,2,2,2,2,5,0
2165,0,0,0,0,0,0,0
2166,2,0,2,0,0,2,0
2167,0,4,0,0,0,5,0
2168,5,1,5,0,0,2,0
2169,2,0,0,2,2,3,0
2170,0,0,0,0,0,1,0
2171,2,4,2,0,0,2,0
2172,0,0,0,0,0,0,0
2173,0,0,0,0,0,1,0
2174,0,0,0,0,0,0,0
2175,0,1,0,0,0,2,0
2176,11,9,11,0,0,4,0
2177,3,2,2,1,1,0,0
2178,6,0,6,0,0,1,0
2179,0,0,0,0,0,0,0
2180,0,0,0,0,0,0,0
2181,11,4,11,0,0,4,1
2182,2,3,2,0,0,7,0
2183,1,0,0,1,1,5,0
2184,0,0,0,0,0,0,0
2185,2,3,2,0,0,1,0
2186,0,2,0,0,0,5,0
2187,0,0,0,0,0,0,0
2188,0,3,0,0,0,5,0
2189,5,2,5,0,0,7,0
2190,0,0,0,0,0,1,0
2191,1,2,1,0,0,1,0
2192,0,0,0,0,0,0,0
2193,1,1,1,0,0,0,0
2194,0,0,0,0,0,0,0
2195,0,0,0,0,0,1,0
2196,0,0,0,0,0,2,0
2197,0,0,0,0,0,0,0
2198,0,0,0,0,0,2,0
2199,8,6,8,0,2,1,0
2200,5,2,5,0,0,4,0
2201,0,0,0,0,0,0,0
2202,4,5,4,0,0,1,0
2203,0,0,0,0,0,3,0
2204,0,0,0,0,0,0,0
2205,2,6,2,0,0,6,1
2206,0,0,0,0,0,0,0
2207,0,0,0,0,0,0,0
2208,0,0,0,0,0,0,0
2209,0,2,0,0,0,5,0
2210,2,1,1,1,2,2,0
2211,0,1,0,0,0,1,0
2212,0,1,0,0,0,0,0
2213,0,0,0,0,0,0,0
2214,7,3,6,1,1,4,1
2215,3,1,3,0,0,4,1
2216,1,4,1,0,0,2,0
2217,0,0,0,0,0,0,0
2218,2,0,2,0,0,4,0
2219,1,1,1,0,0,5,0
2220,1,1,1,0,0,10,1
2221,4,2,4,0,0,4,0
2222,11,0,5,6,7,3,0
2223,0,0,0,0,0,4,0
2224,0,2,0,0,0,4,0
2225,0,2,0,0,0,2,0
2226,0,0,0,0,0,0,0
2227,1,1,1,0,0,2,0
2228,0,1,0,0,0,3,1
2229,0,0,0,0,0,0,1
2230,1,2,1,0,0,1,0
2231,1,2,1,0,0,3,0
2232,1,7,1,0,0,2,0
2233,0,0,0,0,0,4,1
2234,5,0,5,0,0,0,0
2235,0,1,0,0,0,3,0
2236,0,0,0,0,0,2,0
2237,2,0,2,0,0,2,0
2238,0,0,0,0,0,1,0
2239,0,0,0,0,0,0,0
2240,0,1,0,0,0,5,0
2241,0,0,0,0,0,0,0
2242,1,0,1,0,0,10,0
2243,0,0,0,0,0,0,0
2244,2,2,1,1,1,6,0
2245,7,2,7,0,0,3,0
2246,0,0,0,0,0,0,0
2247,1,1,1,0,0,1,0
2248,0,0,0,0,0,1,0
2249,5,0,4,1,2,4,0
2250,1,0,1,0,0,10,0
2251,6,4,6,0,0,4,0
2252,1,2,1,0,0,3,0
2253,0,0,0,0,0,2,0
2254,0,0,0,0,0,1,0
2255,0,0,0,0,0,1,0
2256,1,6,1,0,0,0,0
2257,0,0,0,0,0,2,0
2258,0,1,0,0,0,4,0
2259,0,0,0,0,0,1,0
2260,1,1,1,0,0,7,0
2261,2,2,2,0,0,10,0
2262,1,1,1,0,0,6,0
2263,29,2,23,6,8,3,0
2264,1,1,1,0,0,3,1
2265,1,2,1,0,0,8,0
2266,1,1,1,0,0,8,1
2267,0,2,0,0,0,0,0
2268,0,0,0,0,0,2,0
2269,0,2,0,0,0,4,0
2270,1,0,1,0,0,2,0
2271,0,0,0,0,0,0,1
2272,1,0,0,1,1,1,0
2273,0,0,0,0,0,0,0
2274,1,0,1,0,0,0,0
2275,1,3,1,0,0,4,0
2276,0,0,0,0,0,0,0
2277,0,0,0,0,0,0,0
2278,1,1,1,0,0,2,0
2279,0,0,0,0,0,1,0
2280,0,0,0,0,0,0,0
2281,0,2,0,0,0,4,0
2282,2,2,2,0,0,2,0
2283,3,1,3,0,0,1,0
2284,0,0,0,0,0,0,0
2285,0,0,0,0,0,1,0
2286,2,0,2,0,0,9,0
2287,0,0,0,0,0,0,1
2288,0,0,0,0,0,0,0
2289,1,0,1,0,0,0,0
2290,0,0,0,0,0,0,0
2291,0,0,0,0,0,1,0
2292,0,2,0,0,0,2,0
2293,0,0,0,0,0,0,0
2294,1,1,1,0,0,0,0
2295,0,0,0,0,0,0,0
2296,0,0,0,0,0,0,0
2297,1,2,1,0,0,4,0
2298,0,0,0,0,0,0,0
2299,8,3,4,4,4,8,0
2300,2,4,2,0,0,7,1
2301,0,0,0,0,0,3,0
2302,3,4,3,0,0,0,0
2303,1,0,1,0,0,1,0
2304,3,0,3,0,0,2,0
2305,5,3,5,0,0,1,0
2306,0,1,0,0,0,6,1
2307,0,0,0,0,0,0,0
2308,0,0,0,0,0,0,0
2309,0,0,0,0,0,1,0
2310,22,5,16,6,6,0,0
2311,2,0,2,0,0,3,0
2312,1,0,1,0,0,2,0
2313,0,0,0,0,0,2,0
2314,0,0,0,0,0,1,0
2315,8,3,7,1,1,5,0
2316,2,0,2,0,0,5,0
2317,0,1,0,0,0,0,0
2318,0,2,0,0,0,3,0
2319,7,0,7,0,0,4,0
2320,1,6,1,0,0,2,0
2321,0,2,0,0,0,4,1
2322,0,0,0,0,0,7,0
2323,5,1,5,0,0,2,0
2324,3,0,3,0,0,2,0
2325,2,2,2,0,0,2,0
2326,1,3,1,0,0,4,0
2327,0,0,0,0,0,2,0
2328,7,5,7,0,1,0,0
2329,0,0,0,0,0,1,0
2330,3,1,3,0,0,11,1
2331,0,0,0,0,0,3,0
2332,0,4,0,0,0,4,0
2333,0,1,0,0,0,0,0
2334,0,0,0,0,0,2,0
2335,8,11,7,1,1,0,0
2336,2,1,2,0,0,2,0
2337,6,9,6,0,0,2,0
2338,0,0,0,0,0,5,0
2339,0,2,0,0,0,10,0
2340,0,0,0,0,0,0,0
2341,0,0,0,0,0,0,0
2342,0,0,0,0,0,3,0
2343,2,3,2,0,0,2,0
2344,2,2,2,0,0,2,0
2345,0,0,0,0,0,1,0
2346,1,2,1,0,0,5,0
2347,0,1,0,0,0,0,0
2348,0,1,0,0,0,3,0
2349,1,0,1,0,0,6,0
2350,0,0,0,0,0,0,0
2351,2,0,2,0,0,2,1
2352,1,0,0,1,1,2,0
2353,6,4,6,0,0,2,0
2354,5,2,5,0,0,7,0
2355,0,0,0,0,0,0,0
2356,0,1,0,0,0,1,0
2357,0,0,0,0,0,1,0
2358,4,2,3,1,1,1,1
2359,5,5,3,2,3,6,1
2360,1,0,1,0,0,14,0
2361,0,0,0,0,0,2,0
2362,8,2,6,2,2,1,0
2363,0,0,0,0,0,0,0
2364,1,0,0,1,1,4,1
2365,1,0,1,0,0,1,0
2366,0,0,0,0,0,0,0
2367,1,1,1,0,0,13,1
2368,9,1,9,0,0,4,0
2369,1,0,1,0,0,4,0
2370,2,4,2,0,0,7,0
2371,0,0,0,0,0,3,0
2372,1,0,1,0,0,4,1
2373,2,3,2,0,0,3,0
2374,0,0,0,0,0,0,0
2375,2,2,2,0,0,4,0
2376,0,3,0,0,0,2,0
2377,0,1,0,0,0,0,0
2378,0,1,0,0,0,9,1
2379,0,0,0,0,0,0,0
2380,1,1,1,0,0,8,1
2381,0,0,0,0,0,1,0
2382,0,0,0,0,0,0,0
2383,0,0,0,0,0,0,0
2384,0,0,0,0,0,1,0
2385,0,0,0,0,0,0,0
2386,0,0,0,0,0,1,0
2387,3,1,2,1,1,4,0
2388,1,0,1,0,0,1,0
2389,0,0,0,0,0,0,0
2390,1,1,1,0,0,5,0
2391,0,0,0,0,0,0,0
2392,0,0,0,0,0,1,1
2393,1,1,1,0,0,5,0
2394,0,0,0,0,0,0,0
2395,1,3,1,0,0,3,0
2396,0,0,0,0,0,3,0
2397,0,0,0,0,0,0,0
2398,2,3,2,0,0,4,0
2399,0,1,0,0,0,1,0
2400,0,0,0,0,0,0,0
2401,1,1,1,0,0,1,0
2402,0,0,0,0,0,0,0
2403,0,2,0,0,0,2,0
2404,3,0,1,2,2,1,0
2405,1,5,1,0,0,8,0
2406,1,3,1,0,0,7,0
2407,8,1,8,0,0,1,0
2408,0,0,0,0,0,0,0
2409,0,0,0,0,0,0,0
2410,0,0,0,0,0,1,0
2411,0,2,0,0,0,3,0
2412,0,0,0,0,0,1,0
2413,0,1,0,0,0,2,0
2414,0,0,0,0,0,0,0
2415,6,5,3,3,4,2,0
2416,0,0,0,0,0,0,0
2417,0,0,0,0,0,0,0
2418,1,1,1,0,0,8,1
2419,28,7,21,7,7,1,0
2420,2,6,2,0,0,5,0
2421,0,4,0,0,0,0,0
2422,2,5,2,0,0,4,0
2423,4,3,3,1,1,2,0
2424,0,0,0,0,0,0,0
2425,0,0,0,0,0,1,0
2426,0,0,0,0,0,2,0
2427,0,0,0,0,0,1,0
2428,2,0,2,0,0,5,1
2429,0,0,0,0,0,1,0
2430,1,1,1,0,0,2,0
2431,6,2,6,0,0,1,0
2432,6,5,5,1,1,2,0
2433,0,0,0,0,0,1,0
2434,0,0,0,0,0,0,0
2435,1,0,1,0,0,0,0
2436,1,2,1,0,0,4,1
2437,0,0,0,0,0,4,0
2438,2,0,2,0,0,5,0
2439,0,0,0,0,0,0,0
2440,0,0,0,0,0,0,0
2441,1,0,1,0,0,2,0
2442,0,0,0,0,0,6,0
2443,0,0,0,0,0,3,0
2444,0,0,0,0,0,0,0
2445,0,0,0,0,0,0,0
2446,0,0,0,0,0,0,0
2447,5,2,5,0,0,5,0
2448,0,0,0,0,0,1,0
2449,2,3,2,0,0,1,0
2450,1,0,1,0,0,0,1
2451,3,0,3,0,0,1,0
2452,0,0,0,0,1,2,0
2453,2,0,2,0,0,0,0
2454,0,0,0,0,0,0,0
2455,3,1,3,0,0,0,1
2456,0,0,0,0,0,0,0
2457,0,1,0,0,0,3,0
2458,2,4,2,0,0,0,0
2459,0,0,0,0,0,2,0
2460,0,0,0,0,0,0,0
2461,0,1,0,0,0,1,0
2462,0,1,0,0,0,2,0
2463,0,0,0,0,0,0,0
2464,1,0,1,0,0,3,0
2465,1,0,1,0,0,1,0
2466,2,2,2,0,0,2,0
2467,9,0,7,2,2,8,1
2468,11,8,4,7,9,7,0
2469,0,0,0,0,0,1,1
2470,0,0,0,0,0,3,0
2471,0,0,0,0,0,1,0
2472,0,0,0,0,0,2,0
2473,9,6,9,0,0,5,0
2474,1,2,1,0,0,1,0
2475,0,9,0,0,0,2,0
2476,0,0,0,0,0,0,0
2477,8,3,6,2,2,7,0
2478,2,1,2,0,0,3,0
2479,0,0,0,0,0,0,0
2480,10,1,10,0,0,7,1
2481,0,0,0,0,0,0,0
2482,1,0,1,0,0,2,0
2483,1,0,1,0,0,4,0
2484,0,0,0,0,0,1,0
2485,0,1,0,0,0,3,0
2486,0,0,0,0,0,0,0
2487,1,1,1,0,0,5,0
2488,0,0,0,0,0,0,0
2489,0,2,0,0,0,6,0
2490,0,0,0,0,0,0,0
2491,1,0,1,0,0,2,0
2492,2,4,2,0,0,0,0
2493,0,0,0,0,0,0,0
2494,0,0,0,0,0,0,0
2495,0,1,0,0,0,4,0
2496,0,2,0,0,0,5,0
2497,0,0,0,0,0,0,0
2498,0,0,0,0,0,2,0
2499,5,4,5,0,0,3,0
2500,0,0,0,0,0,0,0
2501,0,1,0,0,0,3,1
2502,0,0,0,0,0,1,0
2503,0,0,0,0,0,2,0
2504,10,7,10,0,1,4,0
2505,0,1,0,0,0,6,0
2506,14,8,8,6,7,6,0
2507,3,0,3,0,0,3,0
2508,4,0,4,0,0,0,1
2509,0,0,0,0,0,1,0
2510,0,0,0,0,0,4,0
2511,0,4,0,0,0,7,0
2512,0,0,0,0,0,2,0
2513,1,0,1,0,0,3,0
2514,2,0,2,0,0,0,0
2515,0,0,0,0,0,5,0
2516,1,0,1,0,0,1,0
2517,1,0,1,0,0,13,1
2518,0,9,0,0,0,10,0
2519,21,3,18,3,3,6,0
2520,0,0,0,0,0,2,0
2521,1,0,1,0,0,1,0
2522,3,4,3,0,0,2,0
2523,0,0,0,0,0,0,0
2524,5,2,5,0,0,8,1
2525,0,0,0,0,0,0,0
2526,1,0,1,0,0,0,1
2527,0,0,0,0,0,1,0
2528,1,0,1,0,0,1,0
2529,0,1,0,0,0,0,0
2530,0,0,0,0,0,2,0
2531,5,3,5,0,1,2,0
2532,0,0,0,0,0,5,1
2533,1,0,1,0,0,3,0
2534,0,0,0,0,0,0,0
2535,1,3,1,0,0,6,0
2536,1,0,1,0,0,6,0
2537,0,0,0,0,0,2,0
2538,0,1,0,0,0,11,0
2539,1,0,1,0,0,5,0
2540,0,2,0,0,0,7,0
2541,1,0,1,0,0,6,0
2542,0,0,0,0,0,0,0
2543,0,1,0,0,0,0,0
2544,0,0,0,0,0,0,0
2545,0,0,0,0,0,0,0
2546,0,0,0,0,0,0,0
2547,0,0,0,0,0,0,0
2548,0,1,0,0,0,1,0
2549,0,0,0,0,0,1,0
2550,0,0,0,0,0,0,0
2551,0,0,0,0,0,0,0
2552,2,4,2,0,0,9,1
2553,0,0,0,0,0,1,0
2554,1,1,1,0,0,2,0
2555,0,2,0,0,0,0,0
2556,1,0,1,0,0,3,0
2557,5,3,5,0,0,2,1
2558,0,0,0,0,0,2,0
2559,0,0,0,0,0,0,0
2560,0,0,0,0,0,1,0
2561,0,0,0,0,0,0,0
2562,9,7,8,1,1,2,1
2563,1,1,1,0,0,9,1
2564,0,1,0,0,0,3,0
2565,0,0,0,0,0,0,0
2566,3,1,3,0,0,2,0
2567,8,8,8,0,2,5,0
2568,1,0,1,0,0,5,1
2569,2,3,2,0,0,0,0
2570,1,1,1,0,0,0,0
2571,0,0,0,0,0,0,0
2572,1,0,1,0,0,2,0
2573,4,0,4,0,0,5,1
2574,5,1,5,0,0,8,1
2575,0,2,0,0,0,0,0
2576,3,1,3,0,0,10,0
2577,8,3,8,0,0,3,1
2578,2,0,2,0,0,3,0
2579,0,0,0,0,0,0,0
2580,6,4,4,2,2,6,0
2581,1,3,1,0,0,4,0
2582,0,0,0,0,0,0,0
2583,0,0,0,0,0,1,0
2584,0,0,0,0,0,5,1
2585,1,0,1,0,0,5,0
2586,14,6,14,0,0,3,0
2587,1,0,1,0,0,1,1
2588,0,2,0,0,0,2,0
2589,2,0,2,0,0,9,0
2590,2,0,2,0,0,4,0
2591,0,0,0,0,0,1,0
2592,0,0,0,0,0,0,0
2593,1,0,1,0,0,0,0
2594,0,0,0,0,0,1,1
2595,1,0,1,0,0,11,0
2596,0,2,0,0,0,2,0
2597,2,0,2,0,0,1,0
2598,0,0,0,0,0,0,0
2599,1,0,1,0,0,0,0
2600,1,0,1,0,0,2,0
2601,7,2,7,0,0,1,0
2602,0,3,0,0,0,2,0
2603,2,2,2,0,0,2,0
2604,7,1,3,4,5,0,0
2605,0,1,0,0,0,4,0
2606,0,0,0,0,0,5,0
2607,0,0,0,0,0,1,0
2608,2,2,1,1,1,2,0
2609,1,1,1,0,0,2,0
2610,1,0,1,0,0,7,0
2611,1,5,1,0,0,0,0
2612,0,2,0,0,0,0,0
2613,0,0,0,0,0,1,0
2614,2,2,2,0,0,4,0
2615,0,1,0,0,0,0,0
2616,7,6,7,0,0,1,0
2617,1,0,1,0,0,0,0
2618,0,0,0,0,0,0,0
2619,1,0,1,0,0,6,0
2620,0,0,0,0,0,0,0
2621,1,1,1,0,0,4,0
2622,0,0,0,0,0,0,0
2623,3,3,3,0,0,3,0
2624,0,0,0,0,0,0,0
2625,0,2,0,0,0,1,0
2626,2,1,2,0,0,0,0
2627,1,6,1,0,0,6,1
2628,1,9,1,0,0,9,0
2629,3,2,3,0,0,1,0
2630,0,0,0,0,0,1,0
2631,0,6,0,0,0,0,0
2632,5,5,5,0,0,2,0
2633,0,0,0,0,0,0,0
2634,1,3,1,0,0,3,0
2635,0,0,0,0,0,0,0
2636,0,0,0,0,0,0,0
2637,0,0,0,0,0,2,0
2638,1,0,1,0,0,6,0
2639,0,0,0,0,0,0,0
2640,0,0,0,0,0,5,0
2641,0,0,0,0,0,1,0
2642,0,3,0,0,0,1,1
2643,0,0,0,0,0,0,0
2644,0,0,0,0,0,1,0
2645,12,3,9,3,3,1,0
2646,0,0,0,0,0,0,0
2647,0,0,0,0,0,1,0
2648,4,2,3,1,1,4,0
2649,0,2,0,0,0,0,0
2650,1,0,1,0,0,6,0
2651,0,0,0,0,0,0,0
2652,3,1,3,0,0,5,0
2653,0,0,0,0,0,0,0
2654,0,0,0,0,0,0,0
2655,0,0,0,0,0,0,0
2656,0,0,0,0,0,0,0
2657,0,0,0,0,0,3,0
2658,0,0,0,0,0,0,0
2659,0,0,0,0,0,2,1
2660,5,0,5,0,0,2,0
2661,3,1,3,0,0,0,0
2662,2,0,2,0,0,2,0
2663,15,9,7,8,9,1,0
2664,6,3,6,0,0,2,1
2665,0,0,0,0,0,0,0
2666,0,0,0,0,0,1,0
2667,1,0,1,0,0,1,0
2668,0,0,0,0,0,3,0
2669,2,5,2,0,0,3,0
2670,1,1,1,0,0,0,0
2671,0,0,0,0,0,1,0
2672,0,0,0,0,0,0,0
2673,0,0,0,0,0,1,0
2674,2,2,0,2,2,1,0
2675,1,1,1,0,0,3,0
2676,0,0,0,0,0,6,0
2677,0,1,0,0,0,3,0
2678,6,1,6,0,0,1,0
2679,1,5,1,0,0,6,0
2680,0,2,0,0,0,11,0
2681,10,2,5,5,5,4,0
2682,0,0,0,0,0,0,0
2683,0,2,0,0,0,7,0
2684,3,3,3,0,0,3,0
2685,0,1,0,0,0,7,0
2686,3,0,3,0,0,3,1
2687,1,0,1,0,0,7,0
2688,0,0,0,0,0,0,0
2689,0,0,0,0,0,0,0
2690,0,0,0,0,0,1,0
2691,0,1,0,0,0,2,0
2692,1,1,1,0,0,3,0
2693,0,0,0,0,0,0,0
2694,0,0,0,0,0,10,0
2695,0,0,0,0,0,1,0
2696,0,0,0,0,0,4,1
2697,1,4,1,0,0,4,0
2698,2,0,2,0,0,2,0
2699,4,2,4,0,0,1,0
2700,0,1,0,0,0,7,0
2701,0,0,0,0,0,1,0
2702,0,0,0,0,0,0,0
2703,1,0,1,0,0,2,0
2704,5,2,1,4,4,1,0
2705,0,0,0,0,0,0,0
2706,0,1,0,0,0,0,0
2707,0,0,0,0,0,2,0
2708,21,3,15,6,6,1,0
2709,1,1,1,0,0,0,0
2710,2,2,2,0,0,1,0
2711,0,1,0,0,0,6,0
2712,2,2,2,0,0,4,0
2713,0,0,0,0,0,0,0
2714,16,7,16,0,0,4,0
2715,1,0,1,0,0,2,0
2716,0,0,0,0,0,0,0
2717,0,0,0,0,0,2,0
2718,0,0,0,0,0,4,0
2719,1,1,1,0,0,2,0
2720,3,2,3,0,0,0,0
2721,0,0,0,0,0,1,0
2722,0,0,0,0,0,4,0
2723,3,3,3,0,0,0,0
2724,0,0,0,0,0,0,0
2725,1,1,1,0,0,1,0
2726,0,2,0,0,0,4,0
2727,0,1,0,0,0,1,0
2728,11,4,8,3,3,6,0
2729,2,4,2,0,0,3,0
2730,0,1,0,0,0,5,0
2731,8,7,5,3,4,5,0
2732,4,1,3,1,1,8,0
2733,14,5,13,1,2,4,1
2734,0,0,0,0,0,1,0
2735,3,0,3,0,0,1,0
2736,1,0,1,0,0,4,0
2737,20,8,18,2,3,3,0
2738,1,0,1,0,0,0,0
2739,6,1,6,0,0,3,0
2740,6,1,6,0,1,0,0
2741,0,0,0,0,0,3,0
2742,1,1,1,0,0,3,0
2743,6,8,6,0,0,2,0
2744,3,3,3,0,0,7,0
2745,0,0,0,0,0,5,1
2746,2,0,2,0,0,1,0
2747,0,0,0,0,0,0,0
2748,0,0,0,0,0,2,0
2749,0,0,0,0,0,0,0
2750,6,6,5,1,1,1,0
2751,0,0,0,0,0,1,0
2752,0,0,0,0,0,0,0
2753,0,0,0,0,0,0,0
2754,1,5,1,0,0,0,0
2755,0,0,0,0,0,1,0
2756,8,0,8,0,1,0,0
2757,12,5,8,4,4,2,0
2758,0,0,0,0,0,0,0
2759,0,0,0,0,0,5,0
2760,5,6,5,0,0,1,0
2761,10,4,6,4,5,2,0
2762,0,0,0,0,0,4,0
2763,3,2,3,0,0,2,0
2764,2,2,2,0,0,3,0
2765,0,1,0,0,0,1,0
2766,4,0,4,0,0,0,0
2767,12,3,10,2,2,0,0
2768,0,0,0,0,0,0,0
2769,1,2,1,0,0,6,0
2770,1,2,1,0,0,7,1
2771,1,0,1,0,0,1,0
2772,0,1,0,0,0,6,0
2773,0,0,0,0,0,2,0
2774,0,1,0,0,0,3,0
2775,7,4,7,0,0,1,0
2776,0,0,0,0,0,0,0
2777,16,5,12,4,4,6,0
2778,0,0,0,0,0,0,0
2779,0,1,0,0,0,4,0
2780,0,0,0,0,0,4,1
2781,1,2,1,0,0,5,0
2782,3,3,3,0,0,5,0
2783,1,4,1,0,0,4,0
2784,0,0,0,0,0,0,0
2785,1,1,1,0,0,2,0
2786,5,5,4,1,1,6,0
2787,0,0,0,0,0,0,0
2788,0,0,0,0,0,0,0
2789,0,0,0,0,0,0,0
2790,11,2,9,2,2,6,0
2791,1,3,1,0,0,4,0
2792,1,1,1,0,0,5,0
2793,0,0,0,0,0,3,0
2794,0,1,0,0,0,0,0
2795,0,3,0,0,0,6,0
2796,1,1,1,0,0,3,0
2797,0,0,0,0,0,2,0
2798,15,9,14,1,1,0,0
2799,0,4,0,0,0,3,0
2800,4,2,4,0,0,3,0
2801,0,0,0,0,0,0,0
2802,6,0,6,0,0,4,0
2803,1,0,1,0,0,4,1
2804,1,0,1,0,0,6,0
2805,3,3,3,0,0,1,0
2806,0,0,0,0,0,2,0
2807,0,0,0,0,0,0,0
2808,1,1,1,0,0,3,1
2809,0,0,0,0,0,0,0
2810,8,10,8,0,0,2,0
2811,0,0,0,0,0,0,0
2812,0,0,0,0,0,0,0
2813,0,0,0,0,0,0,0
2814,2,3,2,0,0,3,0
2815,0,0,0,0,0,1,0
2816,2,0,2,0,0,0,0
2817,5,0,5,0,0,3,0
2818,1,1,1,0,0,5,0
2819,0,3,0,0,0,1,0
2820,0,0,0,0,0,6,0
2821,1,2,1,0,0,0,0
2822,0,0,0,0,0,0,0
2823,5,4,4,1,1,5,0
