Unnamed: 0,Performance,Performance.1,Performance.2,Performance.3,Performance.4,Performance.5,Performance.9,Performance.10,Performance.11,Performance.12
Rk,CrdY,CrdR,2CrdY,Fls,Fld,Off,PKwon,PKcon,OG,Recov
1,0,0,0,1,0,0,0,0,0,1
2,2,0,0,11,4,3,0,0,0,180
3,0,0,0,1,0,0,0,0,0,4
4,4,1,0,38,23,0,0,0,0,288
5,1,0,0,2,1,0,0,0,0,5
6,5,0,0,30,22,1,0,0,0,146
7,5,0,0,43,38,0,1,0,0,298
8,1,0,0,18,8,7,0,0,0,40
9,0,0,0,0,0,0,0,0,0,0
10,1,0,0,10,9,1,0,0,0,127
11,5,1,1,11,8,1,0,0,0,176
12,0,0,0,22,12,5,1,0,0,47
13,0,0,0,4,0,0,0,0,0,6
14,2,0,0,10,12,1,0,0,0,49
15,9,1,1,31,25,2,0,0,0,366
16,1,0,0,5,1,1,0,0,0,7
17,5,0,0,45,33,2,0,2,0,215
18,1,0,0,29,55,19,0,0,0,119
19,3,0,0,29,29,2,0,0,0,227
20,2,0,0,5,8,3,0,0,0,29
21,1,0,0,16,6,2,0,1,1,278
22,0,0,0,1,0,0,0,0,0,4
23,6,0,0,39,37,0,0,0,0,216
24,0,0,0,0,0,0,0,0,0,1
25,0,0,0,0,0,0,0,0,0,20
26,1,0,0,24,24,1,0,0,0,126
27,2,0,0,16,9,0,0,0,0,104
28,0,0,0,5,26,1,0,0,0,65
29,4,0,0,20,32,2,0,0,0,66
30,6,0,0,22,30,2,0,1,0,331
31,0,0,0,2,7,1,0,0,0,18
32,6,0,0,40,36,1,1,0,0,251
33,2,1,0,6,9,0,0,1,0,22
34,0,0,0,16,15,1,0,1,0,67
35,0,0,0,2,2,3,1,0,0,5
36,9,0,0,50,33,0,0,0,0,237
37,0,0,0,0,1,0,0,0,0,3
38,3,0,0,13,14,1,0,0,0,153
39,3,0,0,31,26,2,0,0,0,251
40,1,0,0,16,19,1,0,1,0,118
41,0,0,0,2,3,0,0,0,0,12
42,3,1,0,28,4,1,0,2,0,264
43,5,0,0,39,49,13,1,0,0,121
44,4,0,0,22,18,0,1,1,0,242
45,3,1,1,10,3,0,0,0,0,80
46,0,0,0,6,5,0,0,0,0,7
47,4,0,0,8,5,0,0,1,0,80
48,5,1,1,11,2,0,0,0,0,37
49,9,0,0,31,12,0,0,0,0,92
50,1,0,0,15,14,0,0,0,0,108
51,4,0,0,19,10,0,0,0,0,320
52,4,0,0,25,26,1,1,1,0,132
53,0,0,0,0,2,0,0,0,0,7
54,2,0,0,18,17,12,0,0,0,50
55,9,0,0,21,15,10,0,0,1,295
56,5,0,0,20,36,2,0,0,0,257
57,7,0,0,13,17,1,0,1,0,306
58,2,0,0,9,20,4,0,0,0,188
59,0,0,0,7,8,18,0,0,0,43
60,2,0,0,12,5,1,0,0,1,55
61,4,0,0,49,25,0,0,1,0,236
62,10,0,0,47,44,0,0,0,0,287
63,2,0,0,22,6,0,0,0,0,132
64,2,0,0,17,3,0,0,1,1,201
65,5,0,0,29,22,5,0,0,0,59
66,1,0,0,4,0,0,0,0,0,3
67,1,0,0,20,26,0,0,0,0,119
68,0,0,0,0,0,0,0,0,0,2
69,2,0,0,21,9,5,0,1,0,336
70,0,0,0,0,4,0,0,0,0,2
71,1,0,0,8,8,0,0,0,0,23
72,7,0,0,39,42,6,0,2,0,248
73,0,0,0,0,1,0,0,0,0,3
74,1,0,0,1,5,0,0,1,0,170
75,2,0,0,2,1,0,0,1,1,75
76,6,0,0,37,30,0,0,0,0,221
77,0,0,0,10,12,1,0,0,0,66
78,3,0,0,18,39,6,0,0,0,189
79,2,0,0,13,12,2,0,0,0,86
80,3,0,0,38,17,0,0,0,0,222
81,6,0,0,20,17,1,0,0,0,212
82,3,0,0,20,9,1,0,0,0,162
83,2,0,0,20,7,1,0,0,0,68
84,6,0,0,34,6,0,0,0,0,145
85,0,0,0,2,1,0,0,0,0,9
86,0,0,0,0,0,0,0,0,0,2
87,3,0,0,3,1,0,0,0,0,94
88,3,1,0,12,14,1,1,0,0,85
89,4,0,0,23,9,3,0,0,0,46
90,0,0,0,0,0,0,0,0,0,0
91,5,0,0,22,26,4,0,0,0,159
92,3,0,0,25,25,1,0,1,1,220
93,7,0,0,59,44,0,0,0,0,256
94,1,0,0,13,6,0,1,0,0,86
95,7,1,0,39,15,1,0,1,0,335
96,1,0,0,5,2,0,0,0,0,23
97,0,0,0,1,1,0,0,0,0,10
98,0,0,0,0,0,0,0,0,0,0
99,0,0,0,0,0,0,0,0,0,0
100,1,0,0,21,7,7,1,0,0,52
101,0,0,0,0,0,0,0,0,0,5
102,10,0,0,70,55,0,0,0,0,401
103,5,1,0,50,35,2,0,0,1,361
104,5,0,0,29,29,0,0,0,0,190
105,0,0,0,0,0,0,0,0,0,2
106,0,0,0,2,1,1,0,0,0,18
107,3,0,0,8,4,0,0,0,0,132
108,2,0,0,22,26,7,0,0,0,190
109,0,0,0,0,0,0,0,0,0,0
110,0,0,0,0,1,0,0,0,0,0
111,1,0,0,24,22,0,0,1,0,150
112,3,0,0,24,34,1,0,1,0,344
113,1,0,0,2,2,0,0,0,0,4
114,3,0,0,28,40,16,1,0,0,82
115,1,0,0,2,2,0,0,0,0,13
116,3,1,0,21,24,3,0,0,0,123
117,2,0,0,20,31,2,0,0,0,118
118,3,0,0,16,4,1,0,1,0,167
119,0,0,0,0,0,0,0,0,0,4
120,11,0,0,58,74,1,0,0,0,340
121,4,0,0,31,25,0,0,0,0,223
122,5,0,0,24,19,0,0,0,0,129
123,5,0,0,30,6,0,0,0,0,265
124,3,0,0,12,18,2,1,1,0,149
125,8,0,0,38,13,0,0,2,0,443
126,2,0,0,0,5,0,0,0,0,150
127,0,0,0,1,0,0,0,0,0,12
128,0,0,0,2,2,0,1,0,0,12
129,1,0,0,3,1,2,0,0,0,1
130,0,0,0,1,0,0,0,0,0,1
131,3,0,0,35,35,4,0,0,0,270
132,7,1,0,39,62,0,0,1,0,386
133,0,0,0,1,1,2,0,0,0,7
134,1,0,0,1,2,2,0,0,0,13
135,1,0,0,1,0,0,0,0,0,34
136,9,0,0,38,47,0,0,1,0,189
137,0,0,0,0,4,0,0,0,0,21
138,2,0,0,10,4,0,0,0,0,96
139,2,0,0,1,2,0,0,1,0,146
140,1,0,0,6,28,6,0,0,0,119
141,2,0,0,3,1,0,0,0,0,6
142,9,0,0,24,53,14,0,1,0,155
143,0,1,0,12,26,5,1,0,0,39
144,1,0,0,10,2,0,0,0,0,91
145,1,0,0,18,26,7,0,0,0,84
146,2,0,0,13,18,18,0,0,1,84
147,0,0,0,0,6,0,0,0,0,182
148,2,1,0,13,26,2,0,0,0,314
149,0,0,0,1,1,0,0,0,0,0
150,4,0,0,15,26,3,0,1,1,184
151,0,0,0,23,15,1,0,1,0,156
152,0,0,0,0,2,1,0,0,0,6
153,0,0,0,4,5,2,0,0,0,13
154,0,0,0,22,20,15,1,0,0,61
155,0,0,0,9,6,1,0,0,0,39
156,4,0,0,45,63,5,0,0,0,132
157,3,0,0,8,2,0,0,0,0,53
158,7,0,0,29,53,2,0,1,0,404
159,0,0,0,1,1,0,0,0,0,12
160,5,1,0,32,14,5,0,0,0,243
161,0,0,0,4,7,0,0,0,0,40
162,1,0,0,10,6,6,0,0,0,25
163,11,1,1,44,17,1,0,0,0,337
164,7,0,0,35,32,1,1,0,0,336
165,0,0,0,0,4,0,0,0,0,147
166,0,0,0,2,4,0,0,0,0,5
167,0,0,0,5,8,4,0,0,0,34
168,4,0,0,31,29,19,0,0,0,69
169,6,0,0,24,44,15,0,0,0,188
170,3,0,0,11,4,0,0,0,0,98
171,0,0,0,0,0,0,0,0,0,6
172,6,1,1,36,52,1,1,0,0,193
173,1,0,0,16,9,3,0,0,0,179
174,1,0,0,32,41,10,0,0,0,247
175,0,0,0,1,5,0,0,0,0,20
176,0,0,0,1,6,0,0,0,0,5
177,1,1,0,12,3,0,0,0,0,114
178,4,1,0,31,35,4,1,1,0,42
179,7,0,0,46,22,10,0,0,0,211
180,1,0,0,9,10,5,0,0,0,70
181,0,0,0,17,16,1,0,0,0,150
182,6,1,0,31,27,2,0,0,0,157
183,2,0,0,10,12,1,1,0,0,57
184,1,0,0,1,0,0,0,0,0,10
185,2,0,0,14,7,0,0,1,0,120
186,2,0,0,28,67,3,1,0,0,269
187,3,1,0,20,10,1,0,0,0,114
188,3,0,0,36,23,18,3,0,0,93
189,4,0,0,13,8,1,0,0,0,115
190,6,0,0,16,8,0,0,0,0,73
191,6,1,1,29,33,9,1,0,0,54
192,5,1,0,59,17,4,0,1,0,277
193,8,0,0,26,10,1,0,0,1,236
194,2,0,0,3,5,0,0,0,0,34
195,1,0,0,2,1,0,1,0,0,14
196,0,1,0,8,6,0,1,0,0,69
197,4,0,0,27,24,4,0,0,0,150
198,2,0,0,8,4,0,0,0,0,39
199,5,0,0,44,53,2,0,1,0,313
200,0,0,0,0,1,0,0,0,0,2
201,2,0,0,15,23,1,1,0,0,111
202,0,0,0,12,17,5,1,0,0,144
203,0,0,0,2,2,1,0,0,0,8
204,5,0,0,23,7,1,0,1,0,93
205,4,0,0,45,49,17,1,0,0,75
206,0,0,0,16,33,1,0,0,0,134
207,0,0,0,1,3,0,0,0,0,5
208,8,0,0,35,26,2,1,1,0,149
209,0,0,0,1,0,1,0,1,0,7
210,5,0,0,66,48,0,0,2,0,297
211,7,0,0,41,20,4,0,0,0,102
212,1,0,0,12,12,0,0,0,0,111
213,0,0,0,19,32,12,0,0,0,146
214,4,0,0,29,8,5,0,1,0,260
215,1,0,0,4,1,0,0,1,0,18
216,3,0,0,29,15,2,0,4,0,178
217,2,0,0,6,10,0,0,0,0,50
218,5,0,0,25,28,6,1,1,0,296
219,7,0,0,42,30,2,0,0,0,194
220,0,0,0,0,0,0,0,0,0,1
221,6,0,0,39,28,0,0,0,0,257
222,7,0,0,35,27,2,0,1,0,164
223,0,0,0,1,4,0,0,0,0,8
224,0,0,0,11,5,11,1,0,0,34
225,10,1,0,35,30,1,0,0,0,259
226,0,0,0,1,2,0,0,0,0,36
227,1,0,0,0,8,0,0,0,0,215
228,1,0,0,11,14,0,0,0,0,130
229,6,0,0,69,53,1,2,0,0,205
230,3,0,0,11,6,2,0,0,0,18
231,5,1,1,22,16,1,0,0,0,248
232,1,0,0,2,1,1,0,0,0,6
233,3,0,0,26,32,4,1,0,0,121
234,5,0,0,50,47,0,0,1,0,234
235,2,0,0,21,14,6,0,0,0,109
236,1,0,0,9,9,0,0,0,0,144
237,5,1,0,30,13,0,0,0,1,410
238,1,0,0,5,6,0,1,0,0,44
239,3,1,1,28,21,0,1,0,0,76
240,0,0,0,1,0,0,0,0,0,10
241,0,0,0,1,1,0,0,0,0,1
242,0,0,0,12,9,5,0,0,0,29
243,0,0,0,0,1,0,0,0,0,5
244,7,1,0,39,32,0,0,1,0,273
245,6,0,0,27,8,2,0,0,0,170
246,2,0,0,23,7,9,0,0,0,72
247,3,0,0,33,48,0,3,0,0,184
248,8,0,0,21,7,1,1,0,0,208
249,6,1,1,40,52,1,0,1,0,168
250,4,0,0,58,134,21,3,1,0,142
251,3,0,0,16,10,0,0,0,0,151
252,0,0,0,0,0,0,0,0,0,0
253,2,0,0,21,35,5,1,0,0,76
254,0,0,0,0,0,0,0,0,0,2
255,3,0,0,12,39,18,2,0,0,135
256,2,0,0,12,16,1,0,0,0,126
257,1,0,0,3,1,0,0,0,0,7
258,2,0,0,11,14,1,0,0,0,118
259,1,0,0,11,6,1,0,0,0,153
260,3,2,1,18,19,13,0,0,0,61
261,3,0,0,12,17,0,0,0,0,60
262,0,0,0,0,5,0,0,0,0,15
263,3,0,0,0,3,0,0,0,0,150
264,7,1,0,40,17,2,0,1,0,232
265,0,0,0,0,0,0,0,0,0,0
266,0,0,0,1,1,0,0,0,0,10
267,0,0,0,2,7,0,0,0,0,14
268,4,0,0,20,30,0,1,1,0,177
269,0,0,0,14,15,2,0,1,0,124
270,2,0,0,8,25,0,0,0,0,109
271,7,0,0,35,30,2,0,2,0,176
272,0,0,0,4,1,0,0,1,0,24
273,2,0,0,11,4,0,0,0,0,53
274,8,1,1,45,28,2,0,0,0,297
275,3,1,1,35,20,15,0,0,0,78
276,2,0,0,18,25,24,0,0,0,114
277,1,0,0,8,9,0,0,0,0,32
278,0,0,0,0,0,0,0,0,0,0
279,4,0,0,43,59,3,1,0,0,173
280,0,0,0,1,0,0,0,0,0,6
281,3,0,0,18,30,1,1,0,0,176
282,0,0,0,2,3,1,0,0,0,9
283,4,0,0,49,46,18,1,0,0,154
284,2,0,0,28,28,0,0,0,0,285
285,2,0,0,11,16,2,0,0,0,108
286,4,0,0,14,4,2,0,0,0,101
287,3,0,0,20,16,1,1,0,0,80
288,2,0,0,16,16,1,0,0,0,145
289,2,0,0,6,7,0,0,0,0,59
290,3,0,0,13,18,2,0,0,0,77
291,0,0,0,1,1,0,0,0,0,12
292,1,0,0,2,11,0,0,2,0,167
293,2,0,0,6,1,0,0,0,0,11
294,0,0,0,0,4,0,0,0,0,50
295,0,0,0,0,0,0,0,0,0,1
296,5,0,0,29,35,3,0,1,0,210
297,1,0,0,16,6,3,0,0,0,36
298,0,0,0,1,0,0,0,0,0,2
299,0,0,0,2,5,0,0,0,0,21
300,1,0,0,8,3,1,0,0,0,29
301,1,0,0,1,2,0,0,0,0,17
302,1,0,0,2,1,0,0,0,0,7
303,1,0,0,21,6,0,0,2,0,223
304,4,0,0,43,13,11,0,0,0,50
305,8,0,0,27,24,4,0,0,0,203
306,2,0,0,16,8,0,0,0,0,79
307,8,1,0,54,32,0,0,0,0,364
308,3,0,0,27,36,7,1,0,0,119
309,0,0,0,6,2,0,0,0,0,30
310,1,0,0,4,8,2,0,0,0,41
311,0,1,0,1,2,0,0,0,0,88
312,5,0,0,52,50,5,1,0,0,255
313,0,0,0,2,0,0,0,0,0,1
314,6,0,0,23,10,1,0,0,0,257
315,0,0,0,14,16,0,1,0,0,74
316,0,0,0,9,3,0,0,0,0,29
317,5,0,0,28,36,1,0,0,0,200
318,1,0,0,36,13,2,0,1,0,178
319,0,1,0,2,1,0,0,0,0,16
320,0,0,0,10,35,9,0,0,0,96
321,1,0,0,5,10,0,0,1,0,42
322,2,0,0,15,9,1,0,0,0,84
323,5,0,0,25,18,2,0,0,0,95
324,2,0,0,15,8,0,0,1,0,180
325,5,0,0,40,41,7,1,0,0,177
326,2,0,0,11,19,4,0,0,0,34
327,0,0,0,3,2,0,0,0,0,8
328,4,0,0,26,14,0,0,2,0,226
329,4,0,0,21,16,3,0,2,0,161
330,0,0,0,0,0,0,0,0,0,9
331,0,0,0,1,0,0,0,0,0,0
332,3,0,0,24,11,2,0,2,0,177
333,2,0,0,14,25,2,0,0,0,382
334,7,0,0,62,35,10,1,0,1,165
335,9,0,0,29,22,6,1,0,0,139
336,2,0,0,8,10,1,0,0,0,59
337,3,0,0,22,23,0,2,0,0,66
338,2,0,0,16,18,0,0,0,0,65
339,5,0,0,22,64,1,2,1,0,238
340,3,0,0,0,4,0,0,0,1,140
341,1,0,0,14,19,0,0,0,0,79
342,2,0,0,16,6,0,0,1,0,67
343,8,0,0,26,10,3,0,0,0,235
344,0,0,0,0,0,0,0,0,0,3
345,0,0,0,15,54,14,0,0,0,175
346,3,0,0,8,4,0,0,1,0,154
347,6,2,1,32,21,2,0,0,2,263
348,9,1,1,95,34,10,0,0,0,144
349,0,0,0,7,16,0,0,0,1,58
350,0,0,0,0,6,0,0,0,0,7
351,0,0,0,2,1,0,0,0,0,8
352,4,0,0,17,13,0,0,1,0,143
353,3,0,0,21,9,2,0,0,0,110
354,3,0,0,11,20,15,0,0,0,40
355,0,0,0,7,16,2,0,0,0,128
356,4,0,0,26,7,1,0,0,0,84
357,3,0,0,19,12,0,0,0,0,94
358,0,0,0,0,0,0,0,0,0,2
359,3,0,0,0,0,0,0,0,0,89
360,0,0,0,0,0,0,0,0,0,4
361,1,0,0,8,16,2,0,0,0,136
362,2,0,0,30,16,0,1,1,0,271
363,0,0,0,0,0,0,0,0,0,2
364,1,0,0,18,13,4,0,0,0,61
365,4,0,0,8,9,1,0,0,0,138
366,2,0,0,14,12,2,0,1,0,30
367,4,1,0,45,20,0,0,1,0,124
368,0,0,0,0,0,0,0,0,0,0
369,4,0,0,37,13,0,0,2,0,320
370,5,0,0,28,18,0,0,2,1,352
371,0,0,0,8,3,0,0,0,0,127
372,2,0,0,37,32,2,0,0,0,398
373,9,1,1,34,13,0,0,0,0,268
374,7,0,0,27,22,1,0,0,0,168
375,0,0,0,1,0,0,0,0,0,3
376,3,0,0,11,16,1,0,0,0,30
377,6,0,0,33,32,1,0,0,0,302
378,0,0,0,2,0,2,0,0,0,4
379,0,0,0,1,0,0,0,0,0,1
380,6,0,0,25,47,12,0,0,0,182
381,2,0,0,10,7,0,1,1,0,66
382,1,0,0,13,2,0,0,0,1,92
383,0,0,0,0,0,0,0,0,0,2
384,3,0,0,30,31,20,0,0,0,78
385,0,0,0,0,1,0,0,0,0,34
386,1,0,0,12,15,3,0,0,0,90
387,4,0,0,17,11,1,0,0,0,71
388,5,0,0,14,3,1,0,0,0,176
389,0,0,0,0,1,0,0,0,0,2
390,0,0,0,27,43,2,1,0,0,119
391,0,0,0,0,0,0,0,0,0,2
392,2,0,0,23,6,3,0,0,0,54
393,0,0,0,0,0,0,0,0,0,78
394,5,0,0,35,6,4,0,1,1,195
395,0,0,0,0,0,0,0,0,0,0
396,0,0,0,16,14,0,0,0,0,118
397,3,0,0,23,9,1,0,2,0,97
398,9,0,0,46,59,0,0,0,0,296
399,0,0,0,0,0,0,0,0,0,4
400,0,0,0,0,0,0,0,0,0,2
401,0,0,0,0,0,0,0,0,0,2
402,0,0,0,0,0,0,0,0,0,11
403,9,0,0,24,20,1,0,0,0,141
404,0,0,0,0,0,0,0,0,0,4
405,1,0,0,16,12,1,0,0,0,88
406,4,0,0,19,18,0,0,1,0,173
407,0,0,0,33,14,0,0,0,0,264
408,3,0,0,29,39,5,0,0,0,151
409,3,0,0,12,3,3,0,0,0,147
410,9,0,0,31,22,2,0,0,1,213
411,5,0,0,26,17,8,0,0,0,44
412,1,0,0,1,1,0,0,1,0,17
413,2,0,0,4,18,1,1,0,0,71
414,8,0,0,32,31,1,1,1,0,213
415,0,0,0,0,0,0,0,0,0,3
416,0,0,0,0,0,0,0,0,0,4
417,7,0,0,31,36,3,1,0,1,299
418,2,0,0,6,2,0,0,0,0,9
419,1,0,0,3,1,0,0,0,0,17
420,6,1,1,20,25,1,0,0,0,115
421,8,1,0,32,15,1,0,0,0,270
422,4,0,0,29,44,3,1,0,0,192
423,0,0,0,1,1,0,0,0,0,31
424,2,0,0,11,2,0,0,1,0,15
425,5,0,0,35,60,4,0,0,0,241
426,0,0,0,7,12,0,0,0,0,45
427,4,0,0,42,39,16,0,0,0,73
428,3,0,0,37,40,19,2,0,0,115
429,3,0,0,19,15,2,0,1,0,113
430,0,0,0,0,0,0,0,0,0,2
431,4,0,0,50,41,0,0,0,0,316
432,6,0,0,56,53,0,0,0,0,208
433,0,0,0,7,13,1,0,0,0,76
434,5,0,0,35,22,1,0,2,0,261
435,4,0,0,15,22,2,0,0,0,185
436,5,1,0,36,19,2,0,0,0,261
437,1,0,0,15,29,10,1,0,0,207
438,1,0,0,5,1,1,0,0,0,0
439,5,0,0,26,9,1,0,1,0,214
440,2,0,0,31,18,4,0,1,0,214
441,5,1,0,26,22,0,0,2,0,108
442,0,0,0,1,0,0,0,0,0,3
443,4,1,0,23,55,9,1,0,0,128
444,1,0,0,16,32,19,3,0,0,43
445,4,1,1,31,26,0,0,0,0,178
446,2,0,0,11,6,0,0,0,0,73
447,3,0,0,17,51,0,0,3,0,275
448,1,0,0,0,0,0,0,0,0,45
449,2,0,0,18,15,17,1,0,0,73
450,0,0,0,3,1,1,0,0,0,7
451,0,0,0,5,6,2,0,0,0,26
452,11,1,1,49,19,0,0,2,1,241
453,0,0,0,13,7,0,0,0,0,24
454,2,0,0,17,18,1,0,0,0,151
455,6,0,0,32,33,4,0,1,0,170
456,0,0,0,2,2,0,0,0,0,16
457,3,0,0,28,14,2,0,0,0,51
458,1,0,0,12,10,4,0,0,0,37
459,0,0,0,0,0,0,0,0,0,5
460,5,0,0,16,11,0,0,1,0,100
461,0,0,0,4,2,0,0,0,0,16
462,6,1,1,18,11,0,0,0,0,119
463,11,1,1,55,55,4,0,0,0,356
464,8,1,1,35,22,2,0,2,0,228
465,0,0,0,0,0,0,0,0,0,14
466,0,0,0,2,2,0,0,0,0,8
467,8,3,0,30,28,0,0,0,0,226
468,2,0,0,9,8,0,0,0,0,20
469,1,0,0,20,13,2,0,0,0,220
470,0,0,0,1,2,0,0,1,0,163
471,4,0,0,33,8,0,0,2,0,191
472,5,0,0,25,31,4,1,0,0,84
473,9,0,0,18,15,1,0,0,0,162
474,0,0,0,7,11,0,0,0,0,37
475,8,1,0,41,63,1,0,1,0,182
476,4,0,0,9,5,0,0,1,0,67
477,2,0,0,30,28,9,0,0,0,173
478,4,0,0,21,13,6,0,0,0,73
479,4,0,0,22,24,0,0,0,0,196
480,8,0,0,48,33,1,0,0,0,227
481,2,0,0,5,3,0,0,1,1,26
482,8,0,0,56,15,2,0,0,1,198
483,5,1,0,15,20,3,0,1,0,157
484,9,0,0,43,56,3,0,1,0,321
485,3,0,0,16,13,1,0,0,0,125
486,1,0,0,18,15,1,0,0,0,26
487,3,0,0,15,4,0,0,1,0,74
488,11,1,1,32,32,0,0,1,0,162
489,0,0,0,0,1,0,0,0,0,2
490,5,0,0,17,24,1,0,1,1,146
491,0,0,0,4,9,3,0,0,0,64
492,0,0,0,0,0,0,0,0,0,2
493,5,0,0,14,15,0,0,3,1,104
494,0,0,0,14,9,0,0,0,0,55
495,5,0,0,20,26,0,0,0,0,219
496,0,0,0,8,2,0,0,0,0,94
497,2,0,0,6,1,4,0,0,0,35
498,2,0,0,4,5,1,0,0,0,12
499,4,0,0,26,21,10,0,0,0,88
500,3,1,0,32,24,0,0,1,0,219
501,8,0,0,38,6,3,0,0,0,196
502,5,0,0,42,24,0,1,0,0,127
503,3,1,0,13,3,0,0,0,0,66
504,1,1,0,16,20,2,1,0,0,44
505,3,0,0,26,14,3,0,0,0,72
506,4,0,0,19,15,1,0,3,1,118
507,0,0,0,2,3,2,0,0,0,20
508,3,1,0,30,36,11,2,0,0,131
509,3,0,0,23,42,8,0,0,0,198
510,6,0,0,31,15,1,0,0,1,203
511,4,0,0,25,18,0,0,0,0,254
512,1,0,0,13,14,0,0,1,0,49
513,3,0,0,13,7,0,0,0,0,97
514,1,0,0,6,2,0,0,0,0,54
515,5,0,0,26,24,3,0,1,0,90
516,2,1,0,9,7,0,0,0,0,132
517,0,0,0,2,0,0,0,0,0,0
518,0,0,0,13,30,16,1,0,0,89
519,0,0,0,3,3,2,0,0,0,21
520,0,0,0,1,0,0,0,0,0,9
521,0,0,0,1,0,0,0,1,0,12
522,1,0,0,6,6,0,0,0,0,52
523,0,0,0,0,1,0,0,0,0,12
524,5,1,1,25,18,0,1,0,0,98
525,0,0,0,0,2,0,0,0,0,47
526,0,0,0,0,0,0,0,0,0,1
527,0,0,0,0,0,0,0,0,0,10
528,3,0,0,16,11,1,0,1,1,168
529,2,0,0,25,53,1,0,0,0,110
530,2,0,0,22,15,2,1,2,0,203
531,5,0,0,39,34,4,1,0,0,271
532,2,0,0,4,2,0,0,0,0,99
533,5,0,0,22,10,0,0,1,0,270
534,5,0,0,48,34,2,1,0,0,127
535,1,0,0,12,9,0,0,1,0,69
536,0,0,0,12,17,0,0,0,0,153
537,1,0,0,13,17,7,0,0,0,59
538,6,0,0,34,22,1,0,0,0,271
539,0,0,0,0,0,0,0,0,0,7
540,0,0,0,1,0,3,0,0,0,6
541,0,0,0,1,0,0,0,0,0,3
542,1,0,0,13,34,7,1,0,0,131
543,4,0,0,29,25,0,0,1,0,301
544,0,0,0,5,16,8,1,0,0,28
545,1,0,0,2,5,0,0,0,0,152
546,0,0,0,2,1,0,0,0,0,1
547,3,0,0,15,8,0,0,0,0,47
548,4,1,0,23,28,1,0,0,0,305
549,4,0,0,16,16,0,0,0,0,93
550,0,0,0,0,0,0,0,0,0,0
551,3,0,0,21,43,0,0,0,0,144
552,1,0,0,0,7,0,0,0,0,181
553,0,0,0,3,3,1,0,0,0,11
554,0,0,0,7,4,2,0,0,0,20
555,3,0,0,37,44,16,2,1,0,62
556,0,0,0,15,22,9,0,0,0,80
557,2,0,0,21,12,0,0,0,0,154
558,4,0,0,35,48,15,1,0,0,76
559,5,0,0,28,32,3,2,0,0,253
560,3,0,0,37,32,13,0,0,0,170
561,3,1,1,24,52,5,3,0,0,93
562,3,0,0,7,19,1,1,0,0,158
563,0,0,0,1,0,0,0,0,0,2
564,6,1,1,34,38,2,0,0,0,188
565,2,0,0,0,0,1,0,0,0,24
566,2,0,0,5,4,1,0,0,0,104
567,0,0,0,2,0,0,0,0,0,10
568,0,0,0,2,2,0,0,0,0,11
569,1,0,0,7,3,5,1,0,0,3
570,0,0,0,0,0,0,0,0,0,1
571,0,0,0,7,2,3,0,0,0,25
572,0,0,0,20,18,3,0,0,1,68
573,1,0,0,8,9,0,0,0,0,30
574,0,0,0,0,0,0,0,0,0,0
575,0,0,0,0,4,0,0,0,0,189
576,3,0,0,29,34,0,0,0,0,321
577,2,0,0,13,10,11,0,0,0,35
578,4,1,0,27,30,0,0,0,0,202
579,0,0,0,3,1,1,0,0,0,29
580,6,1,1,17,15,0,0,0,0,158
581,2,0,0,33,18,11,0,0,0,102
582,0,0,0,1,3,0,0,1,0,177
583,0,0,0,9,13,1,0,0,0,39
584,2,0,0,15,17,1,0,0,0,113
585,1,0,0,3,6,0,0,2,0,128
586,0,0,0,0,0,0,0,0,0,6
587,3,0,0,13,18,0,0,0,0,306
588,6,0,0,23,26,0,0,0,0,191
589,8,0,0,31,13,4,0,0,1,196
590,0,0,0,2,1,0,0,0,0,3
591,4,0,0,13,4,2,0,1,0,186
592,9,1,0,33,65,3,2,0,0,166
593,6,1,1,35,17,0,0,0,0,292
594,0,0,0,0,0,0,0,0,0,0
595,5,0,0,34,32,10,0,0,0,100
596,8,0,0,69,60,9,0,0,0,291
597,3,0,0,34,11,1,0,0,0,75
598,0,0,0,0,0,0,0,0,0,3
599,9,0,0,46,74,5,1,1,0,185
600,4,0,0,15,6,0,0,0,0,106
601,0,0,0,0,1,0,0,0,0,2
602,0,0,0,8,3,0,0,0,0,11
603,0,0,0,2,1,1,0,0,0,4
604,2,0,0,6,7,0,0,0,0,36
605,7,0,0,26,14,2,0,1,0,257
606,2,0,0,11,4,0,0,0,0,85
607,2,0,0,11,12,0,0,0,0,49
608,7,1,0,30,21,0,0,1,0,278
609,5,0,0,18,19,1,0,0,0,128
610,2,0,0,19,25,5,0,0,0,76
611,3,0,0,20,9,3,0,1,0,96
612,0,0,0,0,2,0,0,0,0,14
613,2,0,0,27,19,0,0,1,0,170
614,0,0,0,0,1,2,0,0,0,5
615,7,0,0,41,51,0,0,0,0,367
616,5,0,0,25,4,2,0,0,0,97
617,3,0,0,26,28,3,0,1,0,144
618,0,0,0,12,9,0,0,0,0,139
619,6,0,0,25,20,2,0,1,0,268
620,1,0,0,7,6,0,0,0,0,148
621,0,0,0,0,1,0,0,0,0,7
622,2,0,0,6,4,0,0,1,0,78
623,1,0,0,1,0,0,0,0,0,12
624,2,0,0,3,3,0,0,0,0,42
625,0,0,0,10,4,0,0,0,0,65
626,5,1,0,27,28,2,0,0,0,208
627,3,0,0,0,3,0,0,0,0,103
628,4,0,0,21,16,2,1,1,0,74
629,1,0,0,3,3,0,0,0,0,11
630,0,0,0,35,43,7,2,0,0,117
631,2,1,0,14,37,3,1,0,0,242
632,1,0,0,19,14,1,1,0,0,101
633,3,0,0,28,26,0,0,1,0,130
634,0,0,0,4,5,0,0,0,0,12
635,0,0,0,1,0,0,0,0,0,2
636,9,0,0,38,9,2,0,0,0,232
637,5,1,1,14,12,2,0,0,2,153
638,1,0,0,27,32,1,2,0,0,157
639,1,0,0,11,3,3,0,0,0,104
640,5,2,1,35,125,1,0,1,0,267
641,0,0,0,1,0,0,0,0,0,0
642,4,1,0,22,10,0,0,0,0,145
643,4,0,0,42,21,1,0,0,0,182
644,3,0,0,11,6,0,0,1,0,52
645,4,1,0,35,20,3,0,1,0,221
646,5,0,0,40,19,4,0,3,0,211
647,1,0,0,15,20,5,0,0,0,79
648,1,0,0,6,5,0,0,0,0,34
649,2,0,0,12,3,0,0,0,0,61
650,2,0,0,14,13,2,0,0,0,59
651,0,0,0,0,0,0,0,0,0,1
652,4,0,0,22,16,0,0,0,0,132
653,6,0,0,36,26,1,0,0,0,160
654,0,0,0,1,0,0,0,0,0,0
655,1,1,0,16,7,1,0,0,0,96
656,0,0,0,0,1,0,0,0,0,0
657,0,0,0,2,2,0,0,0,0,37
658,4,0,0,53,42,19,1,0,0,141
659,1,0,0,3,7,0,0,0,0,29
660,0,0,0,3,0,3,0,0,0,8
661,3,0,0,17,7,7,0,0,0,34
662,2,0,0,15,28,11,0,0,0,77
663,1,0,0,11,1,2,0,1,0,82
664,2,0,0,44,27,0,0,0,0,195
665,7,0,0,44,15,10,1,0,0,68
666,6,0,0,33,28,1,0,0,0,169
667,1,0,0,21,8,0,0,0,0,237
668,4,0,0,30,12,4,0,0,1,232
669,3,0,0,21,9,2,0,0,0,27
670,0,0,0,15,5,7,0,0,0,27
671,0,0,0,0,2,0,0,0,0,11
672,2,0,0,17,8,1,0,0,1,69
673,0,0,0,5,2,2,0,0,0,5
674,0,0,0,5,1,0,0,0,0,9
675,4,0,0,32,54,12,2,0,0,157
676,0,0,0,0,0,0,0,0,0,0
677,3,0,0,11,9,0,0,2,0,154
678,0,0,0,2,2,0,0,0,0,7
679,0,0,0,1,0,0,0,0,0,0
680,1,0,0,16,11,3,0,0,0,147
681,5,0,0,39,37,23,0,0,0,62
682,0,0,0,7,6,11,1,0,0,32
683,4,0,0,16,25,11,0,0,0,73
684,0,0,0,1,3,0,0,0,0,5
685,1,0,0,16,20,6,0,0,0,21
686,1,0,0,5,15,0,1,0,0,11
687,11,0,0,50,60,3,1,1,0,216
688,1,0,0,12,26,8,1,0,0,94
689,0,0,0,0,1,0,0,0,0,1
690,1,0,0,13,17,2,0,0,0,17
691,2,0,0,31,38,14,1,0,0,127
692,0,0,0,1,0,0,0,0,0,1
693,5,0,0,27,17,10,0,0,0,143
694,2,0,0,17,23,17,0,0,0,47
695,4,1,0,22,8,4,0,1,0,180
696,3,2,1,17,9,1,0,0,0,142
697,0,0,0,2,4,0,0,0,0,11
698,1,0,0,1,2,0,0,0,0,0
699,2,0,0,24,25,13,0,0,0,109
700,0,0,0,2,2,2,0,0,0,8
701,3,0,0,22,11,0,0,1,0,126
702,1,0,0,8,8,0,0,0,0,44
703,0,0,0,0,0,0,0,0,0,1
704,0,0,0,11,35,4,0,0,0,80
705,1,0,0,4,4,3,0,0,0,18
706,3,0,0,13,31,15,0,0,0,159
707,0,0,0,6,12,0,0,0,0,22
708,4,0,0,21,20,1,0,2,1,271
709,3,0,0,3,8,3,0,0,0,33
710,4,1,1,17,4,0,0,0,0,80
711,2,0,0,14,29,1,1,0,0,87
712,3,0,0,10,1,0,0,1,0,92
713,2,0,0,16,13,4,0,0,0,63
714,3,0,0,16,13,0,0,2,0,269
715,1,0,0,5,0,1,0,0,0,19
716,2,1,0,35,22,4,0,0,0,284
717,1,0,0,4,2,1,0,0,0,48
718,7,1,1,33,15,1,0,1,0,112
719,0,0,0,8,11,1,0,0,0,30
720,6,0,0,32,50,6,0,1,0,246
721,0,0,0,1,0,0,0,0,0,3
722,0,1,0,1,0,1,0,0,0,10
723,3,0,0,16,14,0,0,1,0,112
724,2,0,0,23,35,5,1,0,0,61
725,3,0,0,8,8,1,0,0,1,111
726,9,2,1,42,20,2,0,0,0,348
727,4,0,0,33,56,4,0,0,0,218
728,1,0,0,2,1,0,0,0,0,1
729,0,0,0,0,1,0,0,0,0,11
730,0,0,0,0,0,0,0,0,0,1
731,4,2,0,28,19,1,0,0,1,217
732,4,1,1,15,9,1,0,0,0,84
733,8,2,1,35,36,1,1,2,0,363
734,5,0,0,29,39,3,1,1,0,119
735,4,0,0,22,3,1,0,0,0,114
736,8,0,0,51,37,2,0,2,0,227
737,8,0,0,31,26,1,0,0,0,321
738,0,0,0,1,4,0,0,0,0,198
739,1,0,0,31,64,5,1,0,0,199
740,0,0,0,5,6,2,0,0,0,38
741,4,1,1,20,12,0,0,1,0,114
742,1,1,0,36,69,6,0,0,0,175
743,2,0,0,20,49,5,0,0,0,72
744,2,0,0,5,3,2,0,0,0,36
745,1,0,0,0,1,0,0,0,0,141
746,2,0,0,7,2,0,0,0,0,17
747,8,0,0,23,15,1,0,1,0,167
748,0,0,0,1,0,0,0,0,0,1
749,1,0,0,3,1,0,0,0,0,10
750,0,1,0,3,0,3,0,0,0,2
751,1,0,0,1,4,0,0,0,0,147
752,4,1,1,24,26,0,0,1,0,177
753,3,0,0,16,9,3,0,0,0,34
754,8,0,0,33,28,0,0,0,0,171
755,6,0,0,23,12,0,0,0,0,303
756,8,0,0,46,16,0,0,0,0,333
757,0,0,0,4,1,0,0,0,0,32
758,0,0,0,0,1,0,0,0,0,2
759,1,0,0,7,3,1,0,0,0,10
760,4,0,0,12,5,0,0,0,0,79
761,1,0,0,8,31,2,0,0,0,84
762,8,0,0,32,16,0,1,1,1,191
763,3,0,0,12,7,0,0,0,0,168
764,0,1,0,1,5,0,0,1,0,171
765,1,0,0,4,4,2,0,0,0,14
766,0,0,0,2,1,0,0,0,0,0
767,1,0,0,1,4,0,0,0,0,17
768,3,0,0,8,13,4,0,0,0,59
769,1,0,0,20,23,6,0,0,0,95
770,1,0,0,0,1,0,0,0,0,67
771,5,1,0,22,20,0,0,1,0,264
772,0,0,0,0,0,0,0,0,0,0
773,2,0,0,34,6,2,0,1,0,184
774,5,1,1,42,39,0,0,1,0,252
775,3,0,0,21,33,2,1,1,0,327
776,0,0,0,0,5,0,0,0,0,65
777,8,1,1,54,56,5,0,0,0,208
778,0,0,0,1,0,0,0,0,0,6
779,1,0,0,10,12,1,0,0,0,64
780,2,0,0,9,4,0,0,0,0,72
781,0,0,0,2,2,0,0,0,0,16
782,2,0,0,16,12,0,0,0,0,131
783,5,2,0,21,20,2,0,0,1,408
784,1,0,0,2,3,0,0,0,0,59
785,1,0,0,9,14,1,0,0,0,130
786,0,0,0,1,1,0,0,0,0,1
787,4,0,0,22,14,0,0,2,0,221
788,0,0,0,10,30,4,0,0,0,58
789,2,0,0,26,37,10,1,0,0,81
790,5,0,0,44,36,2,0,0,0,157
791,0,0,0,0,0,0,0,0,0,11
792,1,0,0,3,4,0,0,0,0,20
793,3,0,0,19,27,1,0,1,0,348
794,0,0,0,1,1,0,0,0,0,5
795,3,0,0,1,4,0,0,0,0,132
796,0,0,0,1,1,0,0,0,0,9
797,7,1,0,29,11,0,0,0,0,259
798,0,0,0,1,0,0,0,0,0,5
799,5,0,0,32,39,1,0,0,0,352
800,0,0,0,0,0,0,0,0,0,1
801,5,0,0,19,16,2,0,1,0,117
802,9,0,0,49,57,0,0,1,0,309
803,1,0,0,3,1,0,0,0,0,5
804,0,0,0,2,4,1,0,0,0,7
805,1,0,0,26,40,4,0,0,0,98
806,3,0,0,10,8,1,0,0,0,48
807,2,0,0,6,3,0,0,0,0,97
808,3,0,0,10,10,0,0,0,0,144
809,5,0,0,22,27,1,0,1,1,209
810,1,0,0,14,14,1,0,0,0,273
811,1,0,0,8,2,0,0,0,0,50
812,1,0,0,7,15,5,0,0,0,38
813,4,0,0,34,55,11,3,0,0,96
814,9,1,0,56,73,3,1,1,1,249
815,0,0,0,0,0,0,0,0,0,0
816,1,0,0,5,12,0,1,0,0,10
817,1,0,0,3,1,0,0,0,0,24
818,2,0,0,28,36,25,1,0,0,99
819,0,0,0,9,13,2,0,0,0,37
820,5,0,0,45,54,0,1,0,0,394
821,1,0,0,31,19,8,1,0,0,85
822,1,0,0,13,4,1,0,1,0,128
823,6,0,0,37,13,0,0,0,0,216
824,0,0,0,0,0,0,0,0,0,8
825,5,0,0,14,9,0,0,0,0,118
826,1,0,0,0,0,0,0,0,0,27
827,5,1,0,20,16,6,1,0,0,62
828,3,0,0,8,7,1,0,0,0,43
829,6,0,0,32,21,3,0,0,0,249
830,1,0,0,3,0,0,0,0,0,18
831,7,0,0,33,22,0,0,0,0,160
832,1,0,0,24,20,6,1,1,0,132
833,1,0,0,2,1,0,0,0,0,10
834,3,0,0,14,2,0,0,0,1,112
835,7,0,0,18,12,1,0,0,1,354
836,4,0,0,29,28,0,0,0,0,333
837,2,0,0,12,11,0,0,0,0,61
838,3,0,0,18,71,1,0,0,0,203
839,0,0,0,0,0,0,0,0,0,5
840,2,0,0,1,2,0,0,1,0,164
841,6,0,0,29,27,0,1,2,0,319
842,5,1,1,36,13,1,1,2,0,154
843,2,0,0,15,13,0,0,0,0,83
844,1,0,0,2,2,0,0,0,0,5
845,0,0,0,0,1,0,0,0,0,5
846,13,2,1,23,15,0,0,1,0,275
847,0,0,0,1,2,0,0,0,0,2
848,2,0,0,0,3,0,0,0,0,114
849,0,0,0,36,72,0,0,1,1,245
850,11,0,0,21,25,0,0,1,0,181
851,0,0,0,0,3,0,0,0,0,36
852,2,0,0,9,3,1,0,0,0,19
853,0,0,0,0,0,0,0,0,0,0
854,2,0,0,7,2,0,0,0,0,30
855,8,0,0,47,38,10,0,0,0,282
856,5,0,0,28,8,2,0,1,0,97
857,5,0,0,18,16,2,0,0,0,71
858,0,0,0,0,0,0,0,0,0,11
859,0,0,0,3,0,0,0,0,0,2
860,1,0,0,6,11,2,2,0,0,20
861,2,0,0,12,6,1,0,1,0,94
862,1,0,0,14,8,9,0,0,0,13
863,2,0,0,6,3,0,0,1,0,44
864,5,1,0,80,93,13,3,0,0,156
865,8,0,0,29,14,0,0,0,1,218
866,5,0,0,14,8,1,0,0,0,85
867,5,0,0,24,24,1,0,1,1,278
868,6,0,0,16,48,6,1,0,0,94
869,2,0,0,23,66,9,3,0,0,189
870,6,0,0,43,53,3,0,1,0,239
871,1,0,0,7,5,1,0,0,0,86
872,0,0,0,0,2,0,0,0,0,148
873,1,0,0,11,31,1,0,0,0,186
874,0,0,0,0,3,0,0,0,0,108
875,0,0,0,0,3,0,0,0,0,86
876,1,0,0,6,2,0,0,0,0,42
877,0,0,0,4,7,0,0,0,0,9
878,5,0,0,18,9,0,0,1,0,24
879,4,0,0,15,14,0,0,1,1,158
880,8,0,0,28,13,3,1,1,0,197
881,6,0,0,22,10,0,0,0,0,132
882,6,0,0,40,16,1,0,0,0,289
883,3,0,0,9,10,0,0,0,0,84
884,5,0,0,53,38,15,0,0,0,199
885,4,0,0,15,8,0,0,0,0,0
886,5,1,1,22,6,1,0,0,0,12
887,6,0,0,52,35,0,0,0,0,332
888,0,0,0,0,0,0,0,0,0,9
889,8,0,0,30,42,5,0,0,0,164
890,0,0,0,2,1,0,0,0,0,12
891,0,0,0,10,5,2,0,0,0,39
892,2,0,0,22,17,4,0,0,0,204
893,2,0,0,9,6,3,0,0,0,20
894,4,0,0,33,28,1,0,0,0,235
895,0,0,0,0,0,0,0,0,0,15
896,1,0,0,4,2,0,0,0,0,38
897,0,0,0,1,1,0,0,0,0,2
898,1,0,0,10,7,2,0,0,0,132
899,0,0,0,0,1,0,0,0,0,3
900,0,0,0,13,34,3,0,0,0,93
901,2,0,0,13,2,0,0,1,0,115
902,2,0,0,21,23,1,1,1,0,207
903,7,0,0,37,29,2,1,1,0,279
904,1,0,0,6,5,1,0,0,0,34
905,10,1,1,46,34,0,0,1,0,299
906,4,0,0,34,34,4,1,0,1,261
907,0,0,0,0,0,0,0,0,0,0
908,8,0,0,45,16,0,0,1,0,243
909,0,0,0,1,3,0,0,1,0,17
910,3,1,1,17,3,1,0,0,0,56
911,7,0,0,30,16,0,1,1,1,358
912,1,0,0,12,21,5,0,0,0,45
913,3,0,0,29,17,7,0,0,0,216
914,0,0,0,15,25,7,2,0,0,70
915,0,0,0,1,3,0,0,1,0,40
916,4,0,0,24,21,4,0,0,0,101
917,7,1,1,25,8,0,0,0,1,124
918,0,0,0,0,0,0,0,0,0,0
919,1,0,0,1,0,1,0,0,0,11
920,2,0,0,5,4,0,0,0,0,39
921,4,0,0,16,23,0,0,0,1,61
922,7,0,0,29,24,3,0,1,1,218
923,6,0,0,20,14,0,0,1,0,129
924,5,0,0,12,2,0,0,0,0,64
925,6,1,1,13,12,1,0,2,1,157
926,0,0,0,0,0,0,0,0,0,0
927,2,1,1,5,20,0,1,0,0,58
928,5,0,0,46,30,1,0,0,0,311
929,2,0,0,11,10,1,0,0,0,56
930,5,0,0,40,31,1,0,0,0,383
931,6,0,0,31,31,0,0,0,0,259
932,1,0,0,26,22,2,0,1,0,348
933,1,0,0,8,12,0,0,0,0,31
934,3,0,0,38,28,3,2,0,0,119
935,4,0,0,14,5,0,0,1,0,80
936,4,0,0,29,130,3,0,0,0,233
937,1,0,0,15,14,15,1,0,0,28
938,1,0,0,7,3,0,0,0,0,70
939,5,0,0,33,33,3,0,2,1,212
940,0,0,0,0,0,0,0,0,0,18
941,1,0,0,2,3,0,0,0,0,12
942,2,0,0,5,5,0,0,0,0,66
943,1,0,0,12,18,4,0,0,0,40
944,5,0,0,14,7,0,0,0,0,99
945,2,0,0,23,17,0,0,0,0,80
946,6,0,0,28,34,0,0,0,0,174
947,1,0,0,24,19,3,0,1,0,28
948,0,0,0,5,4,3,0,0,0,17
949,5,0,0,62,97,5,0,0,0,283
950,11,0,0,43,63,0,0,0,0,272
951,2,0,0,31,12,4,0,0,0,47
952,0,0,0,9,8,9,0,0,0,36
953,3,0,0,35,19,0,0,0,0,200
954,0,0,0,15,46,11,3,0,0,46
955,1,0,0,4,1,0,0,0,0,40
956,0,0,0,3,33,1,0,0,0,96
957,8,0,0,29,22,0,0,1,0,261
958,8,0,0,45,25,1,0,1,1,435
959,0,0,0,4,2,0,0,1,0,38
960,9,1,1,18,28,1,0,0,0,103
961,2,0,0,5,8,1,0,0,0,57
962,8,2,1,52,50,11,0,0,0,123
963,2,0,0,42,41,6,1,0,0,200
964,0,0,0,0,0,0,0,0,0,1
965,3,0,0,14,4,0,0,0,1,136
966,3,1,0,20,10,0,1,1,0,119
967,0,0,0,0,0,0,0,0,0,0
968,0,0,0,6,6,3,0,0,0,28
969,3,0,0,0,1,0,0,0,0,47
970,0,0,0,0,0,0,0,0,0,3
971,0,0,0,8,7,1,0,0,0,26
972,0,0,0,0,3,0,0,0,0,83
973,0,0,0,7,9,0,0,1,0,67
974,3,0,0,26,45,7,0,0,0,241
975,0,0,0,1,0,0,0,0,0,1
976,4,1,0,15,9,0,0,1,0,55
977,0,0,0,7,16,2,0,0,0,91
978,3,0,0,36,27,5,0,0,0,191
979,1,0,0,9,20,2,0,0,0,36
980,0,0,0,9,12,20,0,0,0,93
981,3,1,0,10,2,1,0,0,0,24
982,0,0,0,1,3,0,0,0,0,6
983,2,0,0,19,28,5,0,0,0,81
984,4,0,0,18,13,3,0,0,0,90
985,1,0,0,2,7,1,0,0,0,26
986,1,1,0,7,2,0,0,0,0,80
987,1,0,0,5,10,1,0,0,0,39
988,3,0,0,4,10,1,0,0,0,38
989,3,0,0,1,3,0,0,0,0,222
990,0,0,0,0,1,0,0,0,0,23
991,0,0,0,2,2,0,0,1,0,25
992,0,0,0,8,6,4,0,0,0,18
993,0,0,0,2,1,1,0,0,0,22
994,2,0,0,11,35,2,0,0,0,338
995,3,1,0,31,26,0,0,1,0,340
996,1,0,0,16,6,6,0,0,0,38
997,0,0,0,14,7,1,0,0,0,36
998,10,1,1,31,21,0,0,0,1,248
999,4,0,0,22,22,7,1,0,0,114
1000,4,0,0,15,17,3,0,1,1,238
1001,3,0,0,31,28,2,0,0,0,265
1002,1,0,0,5,4,0,1,0,0,11
1003,1,0,0,12,9,3,0,0,0,33
1004,8,0,0,30,24,1,0,0,0,137
1005,4,1,0,32,9,0,0,2,0,212
1006,0,1,0,1,4,0,0,0,0,105
1007,2,0,0,19,13,3,0,0,0,89
1008,0,0,0,0,0,0,0,0,0,2
1009,3,0,0,34,14,2,0,1,0,175
1010,3,0,0,29,38,12,1,0,0,74
1011,0,0,0,2,1,1,0,0,0,22
1012,0,0,0,6,6,0,0,1,0,107
1013,7,1,1,53,70,32,4,0,0,96
1014,1,0,0,20,32,9,0,1,0,192
1015,0,0,0,10,19,0,0,0,0,64
1016,0,0,0,15,22,2,1,0,0,57
1017,2,0,0,1,1,0,0,0,0,51
1018,1,0,0,7,9,1,0,0,0,57
1019,0,0,0,0,1,0,0,0,0,19
1020,1,0,0,1,3,0,0,1,0,109
1021,7,1,0,30,27,2,0,1,0,199
1022,3,0,0,27,26,9,1,0,0,68
1023,14,0,0,31,29,2,1,1,0,265
1024,8,0,0,31,17,0,0,0,0,208
1025,5,0,0,19,4,0,0,0,1,107
1026,5,0,0,13,33,7,1,0,0,56
1027,0,0,0,1,1,0,0,0,0,13
1028,1,0,0,4,1,0,0,0,0,6
1029,0,0,0,0,2,1,0,0,0,9
1030,2,0,0,26,18,0,0,0,0,235
1031,3,0,0,38,29,0,0,1,0,212
1032,9,1,1,51,26,9,0,2,1,213
1033,5,0,0,45,36,8,1,0,0,139
1034,9,0,0,26,8,3,0,0,1,323
1035,9,1,1,51,62,0,0,2,0,235
1036,1,0,0,9,13,7,0,0,0,53
1037,3,0,0,16,27,1,0,0,1,105
1038,3,1,0,20,36,0,0,1,1,223
1039,0,0,0,0,0,0,0,0,0,2
1040,0,0,0,4,5,1,0,0,0,29
1041,2,0,0,23,18,2,2,0,0,51
1042,6,0,0,41,109,7,2,0,0,199
1043,0,0,0,2,1,0,0,2,0,42
1044,2,0,0,17,20,4,0,0,0,93
1045,1,0,0,12,15,4,0,0,0,53
1046,3,0,0,29,16,0,0,0,0,105
1047,3,0,0,15,7,3,1,0,0,81
1048,4,0,0,13,34,13,2,0,0,132
1049,2,0,0,11,19,2,0,0,0,165
1050,0,0,0,1,0,0,0,0,0,24
1051,6,1,1,30,31,0,1,1,0,266
1052,8,1,1,25,17,0,0,0,0,177
1053,3,0,0,19,17,5,1,0,0,227
1054,0,0,0,1,0,0,0,0,0,14
1055,0,0,0,1,0,0,0,0,0,0
1056,4,0,0,35,12,0,0,0,0,251
1057,2,0,0,0,5,0,0,0,0,168
1058,4,0,0,22,10,0,0,0,0,163
1059,5,0,0,39,40,12,1,0,0,95
1060,8,0,0,21,9,0,0,0,0,82
1061,3,1,0,29,68,4,0,0,0,136
1062,5,0,0,24,47,0,2,0,0,187
1063,1,0,0,10,12,2,0,0,0,228
1064,0,0,0,0,0,0,0,0,0,1
1065,2,0,0,6,13,0,1,0,0,78
1066,5,0,0,29,16,1,0,0,0,277
1067,1,0,0,13,36,9,0,0,0,99
1068,11,1,1,47,46,1,0,0,0,242
1069,1,0,0,7,2,1,0,0,0,8
1070,3,0,0,17,3,0,0,0,0,115
1071,2,1,0,18,13,0,0,0,0,113
1072,8,0,0,33,30,1,0,1,1,186
1073,6,0,0,34,37,0,1,0,0,200
1074,3,0,0,38,55,7,1,0,0,65
1075,0,0,0,0,1,0,0,0,0,198
1076,3,0,0,17,21,2,0,0,0,187
1077,4,0,0,21,21,1,0,0,0,118
1078,1,0,0,9,26,1,1,0,0,170
1079,2,0,0,31,19,2,0,0,0,187
1080,4,0,0,31,11,0,0,1,0,263
1081,2,0,0,12,14,0,1,0,0,69
1082,0,0,0,0,0,0,0,0,0,0
1083,4,1,0,35,53,1,0,0,0,271
1084,2,1,0,11,5,0,0,1,0,147
1085,0,0,0,6,7,1,0,0,0,28
1086,4,0,0,65,51,28,1,0,0,156
1087,2,0,0,21,22,15,0,0,0,96
1088,0,0,0,15,7,1,0,2,0,68
1089,2,0,0,15,14,0,0,1,0,196
1090,0,0,0,0,0,0,0,0,0,1
1091,2,0,0,22,28,8,0,0,0,73
1092,4,0,0,35,28,14,1,0,0,100
1093,4,0,0,23,17,5,1,0,0,214
1094,6,0,0,35,35,2,1,0,0,182
1095,6,0,0,31,37,8,2,0,0,166
1096,0,0,0,24,15,11,0,0,0,36
1097,2,0,0,18,11,4,0,0,0,210
1098,5,0,0,22,8,4,0,0,0,36
1099,5,0,0,32,35,10,1,0,0,122
1100,1,0,0,0,4,0,0,0,1,106
1101,1,1,0,7,18,1,1,1,0,19
1102,4,0,0,28,79,7,2,0,0,123
1103,0,0,0,1,0,0,0,0,0,6
1104,2,0,0,28,23,12,0,0,0,208
1105,1,0,0,6,16,5,0,0,0,184
1106,5,0,0,23,36,0,0,0,0,309
1107,3,0,0,21,9,3,0,1,0,116
1108,2,0,0,5,3,0,0,0,0,71
1109,2,0,0,27,15,7,2,0,0,111
1110,8,0,0,38,16,1,0,0,0,217
1111,0,0,0,2,19,3,0,0,0,27
1112,0,0,0,6,7,6,0,1,0,58
1113,2,0,0,11,22,1,1,0,0,121
1114,2,0,0,5,3,0,0,0,0,25
1115,2,0,0,12,11,2,0,0,0,28
1116,0,0,0,0,1,0,0,0,0,21
1117,3,0,0,16,6,0,0,0,0,148
1118,3,0,0,0,0,0,0,0,0,50
1119,0,0,0,8,12,0,0,0,0,241
1120,3,1,1,15,12,3,0,0,0,138
1121,3,0,0,8,12,0,0,0,0,57
1122,3,0,0,9,3,0,0,0,0,43
1123,4,0,0,18,14,1,0,0,0,83
1124,0,0,0,2,5,8,0,0,0,56
1125,4,0,0,18,16,1,0,0,1,138
1126,0,0,0,18,26,5,0,0,0,131
1127,6,0,0,29,30,3,0,0,1,237
1128,3,1,0,21,20,0,0,0,0,231
1129,4,0,0,16,31,0,1,1,0,181
1130,1,0,0,1,6,0,0,0,0,51
1131,9,0,0,39,81,6,2,0,0,275
1132,11,0,0,50,24,1,0,0,0,189
1133,6,0,0,32,16,0,0,0,0,156
1134,2,0,0,9,7,1,0,0,0,92
1135,2,0,0,1,10,0,0,1,1,225
1136,7,0,0,70,59,5,1,1,0,269
1137,3,0,0,13,15,8,0,0,0,75
1138,1,0,0,8,17,0,0,0,0,119
1139,5,0,0,42,77,1,0,0,0,214
1140,0,0,0,14,54,16,0,0,0,161
1141,3,1,0,12,15,0,0,0,0,79
1142,4,2,0,18,15,0,0,1,0,209
1143,4,0,0,34,35,0,2,1,1,392
1144,1,0,0,0,2,0,0,0,0,69
1145,6,0,0,11,2,0,0,2,0,109
1146,1,0,0,4,4,1,0,0,0,63
1147,11,0,0,70,34,0,1,2,0,353
1148,1,0,0,19,19,9,0,0,0,142
1149,0,0,0,0,1,0,0,0,0,9
1150,2,0,0,24,5,2,0,0,1,248
1151,5,0,0,27,77,14,1,0,0,144
1152,9,0,0,28,29,1,0,0,0,201
1153,0,0,0,3,3,0,0,0,0,9
1154,3,0,0,36,14,5,0,1,0,167
1155,3,0,0,21,16,8,0,0,0,54
1156,6,0,0,15,22,0,0,0,0,166
1157,0,0,0,0,1,0,0,0,0,192
1158,1,0,0,1,0,0,0,0,0,1
1159,0,0,0,1,0,0,0,0,0,12
1160,1,0,0,1,4,0,0,1,1,172
1161,2,0,0,7,5,0,0,0,0,33
1162,3,0,0,10,8,0,0,0,0,62
1163,0,0,0,10,8,5,0,0,0,73
1164,0,0,0,0,0,0,0,0,0,7
1165,6,0,0,27,17,7,0,0,0,413
1166,1,0,0,7,8,1,0,0,0,22
1167,2,0,0,12,10,4,0,1,0,18
1168,2,0,0,16,20,0,0,1,0,156
1169,9,0,0,69,54,0,0,1,0,430
1170,3,1,0,15,14,2,0,0,2,103
1171,2,0,0,11,12,1,0,1,0,157
1172,7,1,1,53,32,0,0,1,1,274
1173,1,0,0,3,0,3,0,0,0,1
1174,4,0,0,15,9,0,0,0,0,94
1175,7,0,0,41,18,1,0,0,0,263
1176,2,1,0,33,25,40,2,0,0,64
1177,1,0,0,9,11,7,2,0,0,35
1178,0,0,0,1,0,0,0,0,0,3
1179,1,0,0,3,1,0,0,0,0,24
1180,0,0,0,0,0,0,0,0,0,0
1181,2,0,0,15,16,1,0,0,0,58
1182,2,0,0,20,21,6,4,0,0,59
1183,5,0,0,21,6,1,0,1,0,100
1184,1,0,0,26,13,9,0,1,0,71
1185,0,0,0,13,23,6,0,0,0,116
1186,1,0,0,5,1,1,0,0,0,29
1187,1,0,0,16,19,0,0,0,0,38
1188,2,0,0,24,29,0,0,0,0,246
1189,2,0,0,22,71,8,2,0,0,96
1190,2,0,0,6,11,0,0,0,0,24
1191,4,0,0,28,12,1,0,1,0,235
1192,4,1,0,37,44,30,3,0,0,151
1193,7,0,0,24,55,2,0,0,1,161
1194,2,0,0,14,10,8,0,0,0,23
1195,1,0,0,19,18,20,0,1,0,109
1196,4,0,0,44,29,5,1,1,0,153
1197,2,1,0,9,41,11,0,0,0,213
1198,2,0,0,13,17,3,0,0,0,107
1199,9,0,0,27,5,1,0,0,0,129
1200,0,0,0,27,18,8,1,0,0,117
1201,6,0,0,60,24,1,2,0,0,240
1202,4,0,0,25,33,22,3,0,0,74
1203,1,0,0,18,18,0,0,0,0,52
1204,3,1,1,19,13,0,0,0,0,125
1205,2,0,0,11,4,1,0,0,0,84
1206,0,0,0,13,13,0,0,0,0,118
1207,4,0,0,12,16,3,0,0,0,129
1208,0,0,0,0,0,0,0,0,0,1
1209,3,0,0,42,37,2,0,1,0,195
1210,1,1,0,8,1,0,0,0,1,45
1211,3,0,0,8,4,0,0,0,0,41
1212,0,0,0,0,1,0,0,0,0,4
1213,6,0,0,23,13,3,1,0,0,140
1214,3,0,0,14,14,4,0,0,0,59
1215,3,0,0,31,17,1,0,1,0,216
1216,0,1,0,1,1,0,0,0,0,1
1217,4,0,0,14,2,3,0,0,0,94
1218,6,0,0,17,28,7,0,1,0,188
1219,1,0,0,3,3,0,0,0,0,35
1220,2,0,0,7,35,2,1,0,0,69
1221,0,0,0,1,1,0,0,1,0,39
1222,4,1,1,6,15,0,0,0,0,34
1223,6,0,0,28,32,5,1,0,0,79
1224,3,0,0,15,16,2,2,0,0,28
1225,0,0,0,6,4,1,0,0,0,16
1226,0,0,0,4,0,0,0,0,0,8
1227,0,0,0,7,2,1,0,0,0,34
1228,0,0,0,0,0,0,0,0,0,1
1229,2,0,0,29,46,17,1,1,0,103
1230,0,0,0,4,0,0,0,0,0,12
1231,0,0,0,9,17,4,0,0,1,45
1232,2,0,0,10,12,2,0,0,0,80
1233,0,0,0,2,0,0,0,0,0,7
1234,3,0,0,23,36,6,1,0,0,135
1235,1,0,0,5,14,1,0,1,0,97
1236,1,0,0,6,3,0,0,0,0,44
1237,1,0,0,1,4,0,0,1,0,196
1238,2,0,0,18,13,1,0,0,0,121
1239,5,0,0,26,44,5,0,1,0,300
1240,3,0,0,20,32,11,0,0,0,61
1241,0,0,0,10,8,1,0,0,0,69
1242,8,1,1,54,42,0,0,0,0,241
1243,2,0,0,32,29,0,0,1,0,221
1244,3,0,0,23,29,1,0,0,0,145
1245,0,0,0,8,10,2,1,0,0,55
1246,0,0,0,3,10,3,0,0,0,27
1247,1,0,0,43,74,14,1,0,0,162
1248,3,0,0,22,18,1,0,0,0,149
1249,1,0,0,7,9,1,0,0,0,0
1250,5,1,1,18,4,2,0,0,0,107
1251,2,0,0,25,20,1,0,0,0,76
1252,1,0,0,16,14,4,1,0,0,71
1253,0,0,0,2,1,2,0,0,0,7
1254,2,0,0,13,8,3,0,0,0,34
1255,1,0,0,13,3,7,0,0,0,29
1256,6,0,0,26,19,4,1,0,0,128
1257,3,0,0,27,54,8,1,1,0,111
1258,4,0,0,16,39,3,2,0,0,201
1259,1,0,0,1,2,0,0,0,0,5
1260,6,0,0,34,25,0,0,1,0,264
1261,3,0,0,12,3,0,0,0,0,83
1262,6,1,1,21,7,1,0,3,0,131
1263,2,0,0,8,41,0,0,0,0,89
1264,3,0,0,20,13,4,0,0,0,98
1265,4,0,0,35,25,10,1,0,0,128
1266,0,0,0,4,4,2,0,0,0,16
1267,0,0,0,6,14,0,0,0,0,39
1268,3,0,0,31,38,2,0,1,0,190
1269,1,0,0,33,36,3,1,0,0,89
1270,0,0,0,0,3,1,0,0,0,1
1271,0,0,0,17,25,0,2,0,0,55
1272,2,0,0,27,34,10,0,0,0,31
1273,0,0,0,0,0,2,0,0,0,4
1274,3,0,0,16,37,5,0,0,0,62
1275,1,0,0,9,2,0,0,1,0,79
1276,3,0,0,40,30,7,1,0,0,186
1277,1,1,0,9,3,0,0,1,0,25
1278,1,1,0,14,17,1,0,0,0,33
1279,0,0,0,1,1,1,0,0,1,44
1280,6,0,0,49,55,0,0,0,0,332
1281,3,0,0,23,31,1,0,0,0,251
1282,0,0,0,2,0,0,0,0,0,32
1283,6,0,0,45,23,1,0,1,0,253
1284,1,0,0,26,60,12,2,0,0,155
1285,0,0,0,2,1,1,0,0,0,2
1286,1,0,0,14,42,2,0,0,0,77
1287,7,0,0,37,7,0,0,0,0,284
1288,0,0,0,0,0,0,0,0,0,0
1289,3,0,0,14,13,8,1,0,0,79
1290,0,0,0,0,0,0,0,0,0,0
1291,3,0,0,17,16,0,0,1,0,149
1292,0,0,0,0,1,0,0,0,0,2
1293,0,0,0,0,0,0,0,0,0,11
1294,2,0,0,36,13,3,0,0,0,187
1295,1,0,0,9,17,1,0,0,0,121
1296,1,0,0,1,1,0,0,1,0,100
1297,0,0,0,1,0,0,0,0,0,2
1298,4,0,0,33,6,5,0,0,0,63
1299,4,0,0,15,9,0,0,0,0,270
1300,0,0,0,3,1,1,0,0,0,7
1301,3,0,0,26,9,1,0,0,0,184
1302,0,0,0,0,0,0,0,0,0,1
1303,1,0,0,13,2,0,0,0,0,56
1304,1,0,0,12,6,0,0,0,0,65
1305,0,0,0,0,0,0,0,0,0,6
1306,0,0,0,0,0,0,0,0,0,2
1307,0,0,0,0,0,0,0,0,0,2
1308,5,0,0,35,40,0,0,1,1,335
1309,3,0,0,32,22,1,0,1,0,109
1310,0,0,0,0,0,1,0,0,0,8
1311,8,0,0,65,39,1,1,1,0,352
1312,0,0,0,0,0,0,0,0,0,0
1313,0,0,0,0,0,0,0,0,0,3
1314,4,0,0,16,9,1,0,0,0,66
1315,5,1,0,25,32,8,2,0,0,77
1316,5,0,0,24,20,0,0,1,0,192
1317,1,0,0,6,4,0,0,0,0,41
1318,4,1,1,69,92,15,1,0,0,149
1319,1,0,0,5,3,0,0,0,0,47
1320,4,0,0,20,4,1,0,1,0,100
1321,4,0,0,19,43,0,0,0,0,286
1322,6,1,0,31,25,0,0,0,0,219
1323,0,0,0,4,1,3,0,0,0,12
1324,3,1,1,17,7,3,0,0,0,121
1325,3,0,0,26,10,1,0,0,0,215
1326,1,0,0,6,4,0,0,0,0,30
1327,0,0,0,2,0,0,0,0,0,11
1328,0,0,0,3,1,0,0,0,0,4
1329,1,0,0,8,1,0,0,1,0,71
1330,0,0,0,6,2,0,0,0,0,48
1331,6,0,0,45,19,5,0,1,0,267
1332,1,0,0,13,17,0,2,0,0,75
1333,4,0,0,48,56,14,0,0,0,139
1334,2,0,0,7,8,1,0,0,0,160
1335,0,0,0,1,0,0,0,0,0,5
1336,2,0,0,14,14,7,0,0,0,52
1337,0,0,0,4,9,0,0,0,1,102
1338,0,0,0,3,2,0,0,0,0,4
1339,4,0,0,38,13,4,0,1,0,429
1340,0,0,0,0,6,0,0,0,0,196
1341,1,0,0,17,8,0,0,2,0,159
1342,0,0,0,1,2,0,0,0,0,1
1343,1,0,0,8,6,2,1,0,0,16
1344,1,0,0,1,1,2,1,0,0,0
1345,3,0,0,26,19,0,0,0,0,162
1346,1,0,0,9,5,0,0,0,0,39
1347,0,0,0,0,0,0,0,0,0,0
1348,9,0,0,46,45,0,0,0,0,337
1349,1,0,0,1,0,0,0,0,0,6
1350,0,0,0,3,4,0,0,1,0,63
1351,0,0,0,1,1,0,0,0,0,12
1352,5,0,0,19,14,2,0,1,0,130
1353,3,0,0,63,73,22,4,0,0,171
1354,4,1,0,29,7,0,0,0,0,245
1355,5,0,0,24,24,3,0,2,0,230
1356,2,0,0,13,15,0,0,1,0,74
1357,4,0,0,22,24,12,0,0,0,47
1358,4,0,0,19,13,0,0,0,0,87
1359,1,0,0,8,10,0,0,0,0,41
1360,3,0,0,10,8,0,0,1,0,104
1361,2,0,0,20,42,16,0,0,0,78
1362,0,0,0,1,2,1,0,0,0,5
1363,0,0,0,1,1,0,0,0,0,8
1364,3,0,0,19,54,1,0,1,0,289
1365,3,0,0,12,25,2,1,0,0,242
1366,4,0,0,22,20,4,0,0,0,236
1367,0,0,0,2,0,0,0,0,0,8
1368,4,0,0,25,33,5,0,0,0,53
1369,1,1,0,4,4,0,0,0,0,13
1370,10,1,1,29,9,0,0,0,0,218
1371,4,0,0,20,23,3,0,2,0,312
1372,10,0,0,40,30,4,0,2,0,166
1373,4,0,0,36,15,0,0,0,0,309
1374,4,0,0,17,30,0,0,0,0,158
1375,0,0,0,0,0,0,0,0,0,0
1376,4,0,0,12,9,1,0,0,0,105
1377,2,0,0,5,42,9,0,0,0,149
1378,5,0,0,32,20,0,0,0,0,272
1379,0,0,0,3,4,5,0,0,0,11
1380,6,0,0,27,31,1,0,0,0,154
1381,0,0,0,6,12,0,0,0,0,70
1382,3,0,0,11,21,2,0,1,0,61
1383,0,0,0,5,13,8,0,0,0,101
1384,2,0,0,18,10,1,0,2,0,94
1385,2,1,1,3,12,0,0,0,0,25
1386,2,0,0,17,22,4,0,0,0,58
1387,8,0,0,65,71,4,0,0,0,183
1388,0,0,0,1,0,0,0,0,0,3
1389,7,0,0,41,29,5,0,0,0,141
1390,8,0,0,26,14,0,0,0,0,99
1391,1,0,0,10,9,1,0,0,0,74
1392,6,0,0,36,26,0,0,0,0,187
1393,5,0,0,46,37,3,0,0,0,238
1394,4,1,0,33,7,1,1,0,0,137
1395,2,0,0,13,16,5,0,0,0,28
1396,1,0,0,2,1,0,0,0,0,4
1397,4,0,0,15,17,0,0,0,0,112
1398,0,0,0,5,6,2,0,0,0,13
1399,3,0,0,63,30,6,0,0,0,213
1400,3,0,0,37,54,10,1,0,0,99
1401,4,1,1,18,1,0,0,0,0,59
1402,5,0,0,25,27,1,0,0,0,344
1403,2,0,0,1,8,0,0,1,0,186
1404,5,1,0,26,12,1,0,0,0,233
1405,0,0,0,2,2,1,0,0,0,12
1406,2,0,0,29,21,1,1,2,0,208
1407,5,0,0,14,28,2,0,0,0,64
1408,1,0,0,20,16,1,0,0,0,160
1409,0,0,0,18,20,3,0,1,0,158
1410,6,1,1,24,10,0,0,0,0,48
1411,0,0,0,5,5,2,0,0,0,19
1412,4,1,1,21,28,1,2,1,0,83
1413,2,1,0,19,11,0,0,2,0,113
1414,0,0,0,0,0,0,0,0,0,9
1415,1,0,0,7,10,2,0,0,0,67
1416,2,0,0,48,68,34,3,0,0,112
1417,1,0,0,9,10,2,0,1,0,139
1418,8,1,1,30,20,0,1,3,0,255
1419,8,0,0,39,15,1,0,2,0,336
1420,2,0,0,1,7,0,0,1,0,174
1421,1,0,0,20,11,9,0,0,0,54
1422,0,0,0,32,21,23,0,0,0,52
1423,4,0,0,17,9,0,0,0,0,142
1424,4,1,0,27,19,1,0,1,0,179
1425,3,0,0,14,5,1,0,1,1,67
1426,8,0,0,32,29,1,0,0,0,228
1427,4,0,0,23,38,8,1,0,0,103
1428,1,0,0,12,18,0,0,0,0,63
1429,0,0,0,1,0,1,0,0,0,0
1430,4,0,0,41,16,0,0,0,1,163
1431,3,0,0,8,13,3,0,0,0,105
1432,3,0,0,10,3,10,0,0,0,228
1433,2,1,0,26,54,2,0,0,1,167
1434,0,0,0,18,17,1,1,0,0,68
1435,6,0,0,25,41,1,0,0,0,146
1436,0,0,0,16,11,1,0,0,0,177
1437,2,0,0,3,1,0,0,0,0,11
1438,5,1,0,41,19,2,1,1,0,323
1439,3,1,0,20,10,0,0,0,1,122
1440,0,0,0,3,0,0,0,0,0,23
1441,5,0,0,28,21,4,1,0,0,79
1442,2,0,0,1,10,0,0,1,0,150
1443,0,0,0,11,4,2,0,0,0,50
1444,1,0,0,1,3,0,0,1,0,156
1445,0,0,0,1,4,0,0,1,0,172
1446,3,1,0,37,24,1,0,0,0,187
1447,10,0,0,47,25,1,0,0,0,320
1448,10,0,0,33,17,2,0,1,0,303
1449,1,0,0,17,3,2,0,0,0,68
1450,4,0,0,15,23,0,1,0,0,111
1451,5,0,0,32,15,0,1,0,0,191
1452,8,0,0,59,23,0,0,2,0,259
1453,11,2,2,50,33,6,0,2,1,254
1454,0,1,0,2,4,0,0,0,1,149
1455,3,0,0,27,19,2,0,0,0,262
1456,2,0,0,10,10,4,0,0,0,68
1457,0,0,0,14,6,5,0,0,0,41
1458,0,0,0,16,16,3,0,0,0,136
1459,1,0,0,13,3,0,0,0,0,47
1460,0,0,0,0,0,0,0,0,0,2
1461,0,0,0,0,0,0,0,0,0,5
1462,2,0,0,15,21,0,0,0,0,155
1463,4,0,0,41,29,21,2,0,0,116
1464,4,0,0,18,18,1,0,1,0,153
1465,4,0,0,26,12,2,0,0,0,31
1466,0,0,0,0,0,0,0,0,0,0
1467,2,0,0,19,14,0,0,0,0,180
1468,4,0,0,16,35,3,0,0,0,292
1469,4,0,0,40,23,1,0,0,0,218
1470,0,0,0,3,1,1,0,0,0,23
1471,0,0,0,5,12,1,0,0,0,28
1472,0,0,0,24,8,1,0,1,0,265
1473,5,0,0,31,30,1,0,0,0,166
1474,3,0,0,22,24,6,2,0,0,88
1475,3,0,0,4,3,1,0,0,0,39
1476,3,0,0,14,16,0,0,0,0,138
1477,2,1,0,30,6,0,0,0,1,143
1478,1,0,0,15,9,0,0,0,0,117
1479,0,0,0,2,0,0,0,0,0,6
1480,2,0,0,21,11,3,0,0,0,37
1481,0,0,0,3,1,0,0,0,0,3
1482,6,0,0,59,39,6,0,1,0,237
1483,0,0,0,0,3,0,0,0,0,152
1484,5,0,0,19,20,0,0,0,0,105
1485,2,0,0,5,2,0,0,0,0,15
1486,9,0,0,53,48,1,1,1,0,326
1487,3,0,0,19,27,2,0,0,0,105
1488,0,0,0,1,2,0,0,0,0,5
1489,3,0,0,29,51,3,1,0,0,134
1490,0,0,0,0,0,0,0,0,0,9
1491,2,0,0,8,4,0,0,0,0,88
1492,0,0,0,7,6,3,0,0,0,18
1493,0,0,0,3,5,0,0,0,0,44
1494,2,0,0,23,21,0,0,0,0,118
1495,5,0,0,46,59,12,0,0,0,200
1496,2,0,0,2,7,0,0,2,2,192
1497,1,0,0,15,24,1,0,0,0,110
1498,2,0,0,14,15,3,0,0,0,98
1499,0,0,0,4,4,4,0,0,0,34
1500,1,1,0,3,3,0,0,0,0,31
1501,7,0,0,24,22,0,0,0,0,133
1502,1,0,0,4,1,0,0,0,0,6
1503,0,0,0,0,1,0,0,0,0,97
1504,0,0,0,2,5,1,0,0,0,47
1505,7,0,0,21,21,1,0,0,1,161
1506,0,0,0,0,2,0,0,0,0,15
1507,7,1,1,28,34,2,1,0,0,187
1508,0,0,0,0,0,0,0,0,0,1
1509,4,1,0,36,45,3,0,0,0,274
1510,5,0,0,26,9,0,0,1,0,187
1511,1,0,0,10,3,0,0,0,0,43
1512,0,0,0,1,0,0,0,0,0,16
1513,5,0,0,19,13,0,0,0,0,315
1514,5,0,0,49,32,11,0,0,0,65
1515,6,0,0,34,69,11,1,0,0,114
1516,0,0,0,1,0,0,0,0,0,2
1517,1,0,0,3,2,0,0,1,0,18
1518,4,1,1,13,22,0,0,0,0,97
1519,5,0,0,26,39,0,0,0,0,195
1520,0,0,0,1,0,0,0,0,0,3
1521,1,0,0,7,3,2,0,0,0,48
1522,6,0,0,31,30,12,0,2,0,259
1523,3,0,0,17,18,18,0,0,0,125
1524,3,0,0,49,16,2,0,1,0,340
1525,1,0,0,4,4,0,0,0,0,22
1526,1,0,0,0,4,0,0,0,0,16
1527,0,0,0,6,1,0,0,1,0,17
1528,1,1,0,15,6,1,0,0,0,115
1529,10,1,1,59,49,0,0,2,0,375
1530,4,0,0,34,49,19,0,0,0,87
1531,4,1,1,34,31,20,0,0,0,110
1532,4,0,0,46,36,2,1,0,0,175
1533,1,0,0,13,3,2,0,0,0,57
1534,8,1,0,24,20,1,0,0,0,171
1535,5,1,1,28,19,0,0,0,0,164
1536,1,0,0,1,3,0,0,1,0,141
1537,8,0,0,24,13,0,0,1,0,237
1538,10,2,2,29,24,2,0,1,0,186
1539,0,0,0,0,0,0,0,0,0,5
1540,1,0,0,19,15,0,0,0,0,102
1541,1,0,0,32,45,11,0,0,0,146
1542,0,0,0,0,0,0,0,0,0,0
1543,0,0,0,0,0,0,0,0,0,0
1544,2,0,0,11,7,0,0,0,0,65
1545,4,0,0,19,57,5,2,0,0,149
1546,0,0,0,0,0,0,0,0,0,3
1547,4,0,0,12,44,2,0,2,0,207
1548,10,0,0,66,14,0,0,1,0,213
1549,2,0,0,6,7,0,0,0,0,26
1550,3,0,0,58,41,4,0,0,0,180
1551,2,0,0,5,6,0,0,0,0,68
1552,8,0,0,44,29,0,0,0,1,187
1553,4,0,0,12,9,0,0,0,0,61
1554,11,0,0,40,30,1,0,0,0,392
1555,0,0,0,1,1,0,0,0,0,5
1556,1,0,0,3,0,0,0,0,0,1
1557,0,0,0,13,30,7,0,0,0,123
1558,0,0,0,2,5,2,0,0,0,117
1559,0,0,0,1,0,0,0,0,0,1
1560,9,0,0,63,36,3,1,0,0,329
1561,1,0,0,2,9,0,0,0,0,195
1562,0,0,0,6,3,2,1,0,0,44
1563,2,0,0,10,14,0,1,0,0,125
1564,0,0,0,8,7,2,0,0,0,41
1565,2,0,0,8,12,2,0,0,0,33
1566,0,0,0,0,0,0,0,0,0,3
1567,0,0,0,9,19,2,0,0,0,30
1568,0,0,0,3,1,1,0,0,0,8
1569,1,0,0,13,4,0,0,0,0,47
1570,5,0,0,28,9,0,0,1,0,267
1571,1,0,0,6,6,0,0,0,1,137
1572,0,0,0,1,0,0,0,0,0,0
1573,2,0,0,17,15,7,0,0,0,39
1574,0,0,0,4,1,0,0,0,0,17
1575,0,0,0,0,0,0,0,0,0,2
1576,0,0,0,4,1,0,0,0,0,5
1577,3,0,0,45,55,1,0,0,0,153
1578,0,0,0,0,2,0,0,0,0,2
1579,8,0,0,56,29,6,1,2,0,273
1580,5,0,0,36,37,0,0,0,0,245
1581,1,0,0,6,7,0,0,0,0,55
1582,1,0,0,8,3,0,0,0,0,36
1583,4,0,0,16,15,0,0,1,0,205
1584,10,0,0,67,27,2,0,1,0,241
1585,1,0,0,0,4,0,0,0,0,195
1586,2,1,0,37,35,2,0,0,0,229
1587,6,2,1,20,14,3,0,1,0,216
1588,0,0,0,5,4,1,0,1,0,37
1589,5,1,1,33,30,1,0,0,0,192
1590,1,0,0,9,2,2,0,0,0,8
1591,3,0,0,54,78,31,1,0,0,160
1592,0,0,0,0,0,0,0,0,0,6
1593,1,0,0,5,2,2,0,0,0,43
1594,4,0,0,34,28,0,0,0,0,225
1595,3,0,0,17,24,1,0,0,0,335
1596,0,0,0,0,1,0,0,0,0,35
1597,5,0,0,21,12,1,1,1,0,178
1598,1,0,0,7,8,0,0,0,0,75
1599,1,0,0,3,2,1,0,0,0,23
1600,2,0,0,18,10,2,0,0,0,50
1601,4,0,0,13,18,0,0,0,0,95
1602,0,0,0,7,4,1,0,0,0,11
1603,3,0,0,25,26,7,1,0,0,56
1604,2,0,0,12,3,0,0,0,0,56
1605,0,0,0,1,1,0,0,0,0,13
1606,3,0,0,10,15,3,0,1,0,74
1607,7,2,1,38,10,1,0,1,0,331
1608,0,0,0,26,26,2,0,1,0,186
1609,0,0,0,0,0,0,0,0,0,13
1610,4,0,0,17,14,4,0,1,0,135
1611,7,0,0,41,35,0,1,0,0,298
1612,10,1,1,29,19,0,0,2,0,274
1613,2,0,0,13,5,2,0,0,0,128
1614,0,0,0,8,1,0,0,0,0,39
1615,5,0,0,27,18,0,0,0,0,180
1616,2,0,0,8,4,0,0,1,0,72
1617,5,0,0,19,18,2,0,1,0,140
1618,0,0,0,8,5,13,0,0,0,15
1619,2,0,0,12,7,0,0,0,0,154
1620,0,0,0,3,0,0,0,0,0,12
1621,1,0,0,3,2,0,0,0,0,24
1622,6,0,0,48,24,3,0,0,0,286
1623,7,0,0,18,8,1,0,1,0,201
1624,6,1,1,26,8,0,0,1,0,162
1625,0,0,0,0,0,0,0,0,0,0
1626,2,0,0,14,5,1,0,0,0,214
1627,8,0,0,36,11,0,0,1,1,176
1628,4,0,0,43,25,14,0,0,0,81
1629,0,1,0,15,27,15,4,0,0,62
1630,1,0,0,24,15,3,0,0,0,107
1631,0,0,0,4,0,0,0,0,0,17
1632,0,0,0,1,0,0,0,0,0,3
1633,3,0,0,10,5,0,0,0,0,61
1634,0,0,0,9,4,1,0,0,0,33
1635,4,1,0,23,10,0,0,1,0,128
1636,1,0,0,1,9,0,0,0,0,178
1637,9,1,0,30,34,4,0,0,0,274
1638,1,0,0,5,7,0,0,0,0,47
1639,0,0,0,2,7,0,0,0,0,61
1640,0,0,0,0,0,0,0,0,0,7
1641,5,0,0,65,61,11,3,0,0,133
1642,1,0,0,5,10,0,0,0,0,50
1643,3,0,0,22,36,5,2,0,0,133
1644,3,0,0,19,17,4,0,1,1,232
1645,0,0,0,2,7,0,0,0,0,21
1646,0,0,0,1,5,0,0,0,0,18
1647,6,0,0,26,12,0,0,0,0,222
1648,6,0,0,15,12,1,0,1,0,257
1649,3,0,0,1,2,0,0,0,0,115
1650,2,0,0,5,7,7,0,0,0,66
1651,0,0,0,1,1,0,0,0,0,4
1652,2,0,0,10,8,1,0,1,0,101
1653,9,1,0,70,36,27,0,0,0,110
1654,0,0,0,1,4,2,0,0,0,28
1655,5,0,0,24,25,1,0,0,0,169
1656,0,1,0,5,3,0,0,0,0,24
1657,0,0,0,3,1,5,0,0,0,9
1658,2,0,0,8,8,13,1,0,0,50
1659,2,0,0,14,7,0,0,0,0,127
1660,2,0,0,10,4,0,0,0,0,82
1661,0,0,0,2,1,1,0,0,0,11
1662,0,0,0,1,2,0,0,0,0,0
1663,0,0,0,0,0,0,0,0,0,1
1664,2,0,0,2,1,0,0,0,0,42
1665,0,0,0,0,1,0,0,0,0,7
1666,1,1,0,29,44,12,1,1,0,117
1667,3,0,0,20,10,0,0,0,0,46
1668,3,0,0,31,33,3,1,0,0,109
1669,5,0,0,23,17,1,0,1,0,201
1670,2,0,0,5,9,9,0,0,0,37
1671,1,0,0,10,27,13,1,0,0,38
1672,0,0,0,2,0,2,0,0,0,1
1673,1,0,0,2,5,0,0,0,0,17
1674,1,0,0,2,0,0,0,0,0,1
1675,7,0,0,43,21,1,0,0,0,184
1676,5,0,0,23,38,17,4,0,0,109
1677,2,0,0,3,5,1,0,0,0,36
1678,7,0,0,32,17,2,0,1,0,88
1679,3,0,0,27,58,3,1,1,0,110
1680,3,0,0,32,14,0,0,0,0,207
1681,2,0,0,24,26,4,1,0,0,65
1682,2,0,0,0,2,0,0,0,0,130
1683,1,0,0,6,4,0,0,0,0,112
1684,12,0,0,45,77,2,1,0,0,304
1685,7,0,0,44,32,17,0,0,0,146
1686,5,0,0,44,7,4,0,0,0,128
1687,1,0,0,12,39,2,0,0,0,272
1688,3,0,0,47,41,1,0,0,0,215
1689,1,0,0,5,9,0,0,0,0,76
1690,11,0,0,33,7,1,0,2,1,255
1691,5,1,0,10,4,0,0,0,0,66
1692,3,0,0,15,20,1,0,0,0,338
1693,0,0,0,0,0,0,0,0,0,0
1694,0,0,0,20,15,9,0,0,0,73
1695,0,0,0,11,9,1,0,0,0,82
1696,2,0,0,13,14,2,0,0,0,72
1697,0,0,0,0,1,0,0,0,0,1
1698,1,0,0,10,15,1,1,0,0,33
1699,1,0,0,3,5,0,0,0,0,29
1700,4,0,0,25,33,1,0,0,0,160
1701,4,0,0,15,39,1,0,0,0,219
1702,3,0,0,11,20,0,0,0,0,133
1703,3,0,0,24,6,1,0,3,0,85
1704,5,0,0,23,26,1,0,2,0,146
1705,5,1,0,27,23,0,0,0,0,282
1706,8,0,0,77,62,5,2,0,0,209
1707,12,1,1,53,51,8,0,0,0,146
1708,1,0,0,3,0,1,0,1,0,5
1709,0,0,0,3,1,0,0,0,0,5
1710,2,0,0,14,0,1,0,1,0,81
1711,2,0,0,1,2,0,0,1,0,118
1712,0,0,0,0,1,0,0,0,0,3
1713,3,0,0,22,39,5,0,0,0,170
1714,5,0,0,21,29,0,0,0,0,199
1715,1,0,0,2,0,0,0,0,0,5
1716,0,0,0,0,0,0,0,0,0,0
1717,2,0,0,5,6,0,0,0,0,142
1718,0,0,0,0,1,0,0,0,0,85
1719,5,0,0,79,54,4,0,0,0,216
1720,0,0,0,4,13,2,0,0,0,46
1721,1,0,0,6,4,0,0,0,0,61
1722,2,0,0,16,9,5,0,0,0,75
1723,4,1,0,28,36,6,0,0,0,206
1724,0,0,0,1,8,0,0,1,1,173
1725,4,0,0,22,99,7,0,0,0,121
1726,6,0,0,35,93,5,1,0,0,237
1727,3,0,0,18,5,3,1,0,0,152
1728,3,0,0,10,2,0,0,1,0,70
1729,0,0,0,2,4,0,0,0,0,47
1730,4,0,0,13,6,0,0,0,0,65
1731,3,0,0,16,11,0,0,0,0,118
1732,0,0,0,0,0,0,0,0,0,1
1733,1,0,0,0,3,0,0,0,0,4
1734,3,2,1,23,14,4,0,1,0,96
1735,0,0,0,0,0,0,0,0,0,0
1736,0,0,0,1,0,0,0,0,0,1
1737,4,2,1,17,32,0,0,2,0,131
1738,2,0,0,5,8,5,1,0,0,37
1739,7,1,0,56,16,0,0,1,0,330
1740,2,0,0,14,20,6,0,0,0,34
1741,4,0,0,57,50,11,2,2,0,244
1742,0,1,0,0,2,0,0,0,0,28
1743,3,1,0,15,12,0,0,1,0,98
1744,8,1,0,37,33,0,0,0,0,270
1745,1,0,0,16,20,0,0,0,0,134
1746,6,0,0,31,54,6,0,0,0,113
1747,0,0,0,1,0,0,0,0,0,0
1748,0,0,0,0,0,0,0,0,0,2
1749,0,0,0,1,1,0,0,0,0,3
1750,3,0,0,19,11,0,0,0,0,141
1751,4,0,0,63,62,12,3,0,0,107
1752,2,0,0,22,11,0,0,0,0,168
1753,1,0,0,7,11,1,0,0,0,62
1754,0,0,0,4,2,1,0,0,0,21
1755,6,1,1,20,19,3,0,0,1,370
1756,4,0,0,20,16,1,0,0,0,152
1757,2,0,0,61,20,37,1,0,0,105
1758,1,0,0,16,11,1,1,0,0,159
1759,0,0,0,16,20,2,0,0,0,74
1760,4,0,0,23,21,1,0,0,0,123
1761,2,0,0,0,2,0,0,0,0,83
1762,1,0,0,8,11,0,0,1,0,122
1763,3,0,0,23,23,3,0,1,0,55
1764,3,1,0,21,14,0,0,1,0,229
1765,3,0,0,24,19,1,0,2,0,212
1766,2,0,0,35,47,10,1,0,0,214
1767,0,0,0,12,3,2,0,0,0,47
1768,1,0,0,5,2,0,0,0,0,6
1769,1,0,0,1,6,3,0,1,0,13
1770,4,0,0,30,33,1,0,0,0,229
1771,2,0,0,30,18,12,1,0,0,96
1772,4,1,1,21,33,0,0,1,0,167
1773,3,0,0,17,8,0,0,0,1,154
1774,0,0,0,0,3,0,1,0,0,11
1775,1,0,0,4,1,0,0,1,0,40
1776,3,0,0,17,12,1,0,1,0,117
1777,1,0,0,4,2,0,0,1,0,18
1778,3,0,0,28,27,10,1,0,0,74
1779,1,0,0,17,11,4,0,2,0,140
1780,1,0,0,25,39,2,0,0,1,213
1781,0,0,0,0,2,0,0,0,0,3
1782,5,2,0,35,28,5,0,0,0,191
1783,0,0,0,0,0,0,0,0,0,1
1784,1,0,0,2,0,0,0,0,0,4
1785,7,1,1,39,10,0,0,1,0,313
1786,0,0,0,9,10,2,0,0,0,12
1787,4,0,0,23,16,0,0,0,0,122
1788,0,0,0,7,9,0,0,0,0,56
1789,1,0,0,26,17,2,0,0,0,180
1790,0,0,0,0,1,0,0,0,0,1
1791,3,0,0,3,6,0,0,2,1,160
1792,6,0,0,23,20,1,0,0,0,130
1793,0,1,0,4,1,0,0,0,0,27
1794,2,0,0,7,13,6,0,0,0,23
1795,0,0,0,2,2,0,0,0,0,5
1796,0,0,0,0,1,0,0,0,0,3
1797,3,1,0,37,44,20,1,0,0,88
1798,0,0,0,9,1,1,0,0,0,30
1799,3,0,0,21,16,3,0,0,0,70
1800,1,0,0,21,18,0,0,0,0,232
1801,0,0,0,3,3,0,0,0,0,12
1802,4,0,0,22,22,0,0,1,0,247
1803,3,0,0,44,58,19,0,0,0,126
1804,5,0,0,28,34,5,0,0,0,142
1805,1,0,0,12,8,1,0,0,0,74
1806,0,0,0,0,0,0,0,0,0,2
1807,0,0,0,0,0,0,0,0,0,1
1808,2,0,0,15,25,9,1,0,0,41
1809,1,0,0,28,22,0,0,0,0,251
1810,3,0,0,20,15,0,1,0,0,100
1811,0,0,0,9,8,4,0,0,0,23
1812,6,0,0,24,14,0,0,2,0,214
1813,1,0,0,0,5,1,0,0,0,164
1814,6,0,0,68,28,20,1,0,0,140
1815,2,0,0,51,44,4,2,0,0,244
1816,1,0,0,23,47,3,0,0,0,128
1817,0,0,0,7,2,5,0,0,0,12
1818,5,1,1,44,24,0,0,1,0,279
1819,0,0,0,2,1,0,0,0,0,2
1820,0,0,0,0,0,0,0,0,0,2
1821,0,0,0,0,1,0,0,0,0,9
1822,5,0,0,39,23,2,1,0,0,180
1823,5,0,0,34,15,2,0,0,0,377
1824,2,0,0,20,15,0,0,0,0,139
1825,0,0,0,1,3,0,0,0,0,170
1826,0,0,0,0,0,0,0,0,0,0
1827,0,0,0,22,22,13,1,0,0,184
1828,1,0,0,1,2,1,0,0,0,1
1829,7,1,0,30,20,1,0,0,0,204
1830,1,0,0,18,69,2,1,0,0,122
1831,6,0,0,20,9,0,0,0,0,129
1832,0,0,0,2,2,0,0,0,0,4
1833,0,0,0,18,20,4,1,0,0,95
1834,11,1,1,45,30,0,0,1,0,269
1835,1,0,0,14,19,15,0,0,0,43
1836,3,0,0,23,23,2,0,0,0,108
1837,0,0,0,12,12,0,0,0,0,54
1838,2,0,0,23,14,7,0,0,0,52
1839,2,0,0,3,4,0,0,0,0,14
1840,0,0,0,1,0,0,0,0,0,4
1841,2,0,0,21,29,3,0,0,0,96
1842,0,0,0,12,21,2,0,0,0,87
1843,5,0,0,4,4,0,0,4,0,170
1844,0,0,0,1,0,0,0,0,0,5
1845,1,0,0,8,12,2,0,0,1,99
1846,1,0,0,28,16,7,1,0,0,72
1847,3,0,0,28,14,1,0,1,0,135
1848,0,0,0,10,11,0,0,1,0,95
1849,10,0,0,33,30,0,0,0,0,257
1850,0,0,0,4,1,0,0,0,0,11
1851,4,0,0,11,6,0,0,1,0,157
1852,3,1,0,15,22,0,0,0,0,193
1853,8,0,0,38,25,2,0,1,0,152
1854,2,0,0,12,13,3,0,0,1,142
1855,0,0,0,0,0,0,0,0,0,0
1856,5,0,0,21,21,0,0,0,0,206
1857,0,0,0,1,0,0,0,0,0,3
1858,3,0,0,7,10,0,0,0,0,68
1859,8,1,0,41,60,8,0,0,0,222
1860,0,0,0,0,0,0,0,0,0,2
1861,1,0,0,0,0,0,0,0,0,111
1862,2,0,0,16,5,0,0,2,0,96
1863,0,0,0,1,1,0,0,0,0,5
1864,6,0,0,33,35,0,1,0,0,206
1865,4,0,0,10,19,2,0,0,0,254
1866,0,0,0,0,2,0,0,0,0,106
1867,0,0,0,2,0,0,0,1,0,17
1868,4,0,0,33,8,1,0,0,0,71
1869,0,0,0,0,0,0,0,0,0,0
1870,6,0,0,53,16,0,0,1,0,300
1871,1,0,0,1,2,1,0,0,0,3
1872,3,0,0,27,60,0,0,0,0,206
1873,0,0,0,16,16,3,0,1,0,29
1874,0,0,0,2,1,0,0,0,0,4
1875,5,1,1,21,37,7,0,1,0,79
1876,0,0,0,2,1,0,0,0,0,4
1877,1,0,0,16,16,5,0,0,0,40
1878,0,0,0,0,0,0,0,0,0,26
1879,4,0,0,24,42,4,0,0,0,151
1880,0,0,0,2,2,0,0,0,0,30
1881,1,0,0,1,2,0,0,1,0,213
1882,9,0,0,23,37,1,0,2,0,295
1883,1,0,0,7,25,1,0,0,0,120
1884,8,0,0,45,18,0,0,0,0,329
1885,7,2,1,33,67,3,2,0,0,95
1886,9,0,0,45,46,1,0,0,0,251
1887,1,0,0,9,6,2,0,0,0,16
1888,5,0,0,35,17,1,0,0,0,274
1889,1,0,0,4,1,0,0,1,0,19
1890,0,0,0,18,24,6,1,0,0,71
1891,10,1,1,49,10,2,0,3,0,291
1892,0,0,0,11,12,3,1,0,0,33
1893,0,0,0,13,11,0,0,0,0,16
1894,0,0,0,0,1,0,0,0,0,2
1895,3,1,1,25,43,22,1,1,0,82
1896,0,0,0,0,0,0,0,0,0,2
1897,10,0,0,44,14,7,0,0,0,196
1898,1,0,0,12,14,1,0,0,1,225
1899,0,0,0,0,1,0,0,0,0,1
1900,1,0,0,4,6,1,0,0,0,13
1901,1,0,0,7,14,6,0,0,0,21
1902,0,0,0,11,11,0,0,0,0,12
1903,5,0,0,15,25,0,0,3,0,136
1904,1,0,0,1,0,0,0,0,0,4
1905,2,0,0,40,50,15,1,0,0,130
1906,0,0,0,6,0,1,0,0,0,6
1907,1,0,0,9,8,1,0,0,0,77
1908,7,0,0,49,42,10,0,2,0,183
1909,1,0,0,13,60,3,0,0,0,103
1910,1,0,0,5,7,0,0,1,0,86
1911,0,0,0,0,0,0,0,0,0,6
1912,6,0,0,26,10,0,0,0,0,263
1913,0,0,0,1,0,0,0,0,0,9
1914,0,0,0,0,0,0,0,0,0,4
1915,0,0,0,12,6,0,0,1,2,129
1916,6,0,0,23,11,0,0,3,0,206
1917,1,0,0,8,5,0,0,0,0,110
1918,1,0,0,3,2,0,0,0,0,13
1919,1,0,0,50,44,23,0,0,0,127
1920,2,0,0,10,0,0,0,0,0,100
1921,10,1,0,44,20,1,0,0,0,177
1922,5,0,0,56,27,26,0,1,0,100
1923,8,1,0,36,14,0,0,0,0,321
1924,0,0,0,0,0,1,0,0,0,21
1925,3,0,0,13,17,0,0,1,0,213
1926,0,0,0,1,3,0,0,0,0,3
1927,4,1,0,23,20,0,0,0,0,142
1928,0,0,0,0,5,0,0,0,1,145
1929,3,0,0,34,76,5,1,0,0,145
1930,1,0,0,14,16,1,0,0,0,179
1931,0,0,0,0,1,0,0,0,0,5
1932,1,0,0,7,4,1,0,0,0,35
1933,0,0,0,5,5,1,0,0,0,49
1934,5,0,0,28,9,1,0,0,0,227
1935,2,0,0,38,35,13,0,0,0,54
1936,1,0,0,14,16,11,0,0,0,29
1937,0,0,0,3,9,2,1,0,0,69
1938,4,0,0,9,14,1,0,1,0,110
1939,4,0,0,18,18,2,1,0,1,166
1940,2,0,0,7,5,0,0,0,0,42
1941,0,0,0,3,3,0,0,0,0,17
1942,1,0,0,2,1,0,0,0,0,20
1943,4,0,0,27,8,1,0,0,0,368
1944,6,0,0,27,25,2,0,1,0,303
1945,0,0,0,1,1,0,0,0,0,5
1946,1,0,0,21,38,2,1,0,0,234
1947,1,0,0,0,1,0,0,0,0,22
1948,0,1,0,3,2,0,0,1,1,168
1949,0,0,0,3,1,0,0,0,0,19
1950,2,0,0,40,35,17,1,0,0,104
1951,1,0,0,12,0,0,0,0,0,34
1952,5,0,0,27,33,0,0,0,0,83
1953,0,0,0,1,3,2,0,0,0,6
1954,4,0,0,16,16,3,1,0,0,329
1955,5,0,0,26,57,5,0,0,0,166
1956,0,0,0,0,1,0,0,0,0,15
1957,0,0,0,21,44,7,0,1,0,112
1958,1,0,0,0,2,0,0,0,0,244
1959,3,0,0,15,12,5,0,0,0,45
1960,1,0,0,10,15,4,0,0,0,150
1961,4,0,0,34,36,20,1,0,0,54
1962,2,0,0,16,17,1,0,1,0,182
1963,2,0,0,1,4,0,0,1,0,73
1964,1,0,0,3,6,0,0,0,0,18
1965,6,0,0,28,12,0,0,1,0,170
1966,7,1,0,27,32,0,0,1,0,180
1967,2,0,0,23,35,4,0,0,0,172
1968,3,1,0,1,9,0,0,1,0,188
1969,1,0,0,1,1,0,0,0,0,1
1970,1,0,0,10,31,9,0,0,0,87
1971,0,0,0,3,9,1,0,0,0,27
1972,0,0,0,7,2,0,0,0,0,35
1973,2,0,0,14,13,0,0,2,0,115
1974,0,0,0,3,1,0,0,0,0,33
1975,1,0,0,26,41,18,1,0,0,169
1976,1,0,0,7,8,0,0,1,0,41
1977,3,0,0,32,43,4,0,1,0,169
1978,0,0,0,8,5,4,0,0,0,58
1979,5,0,0,20,5,0,0,1,1,122
1980,1,0,0,0,3,0,0,0,0,157
1981,0,0,0,0,0,0,0,0,0,4
1982,2,0,0,16,14,10,0,0,0,28
1983,0,0,0,0,0,0,0,0,0,0
1984,0,0,0,0,1,0,0,0,0,0
1985,3,0,0,16,13,1,0,1,0,87
1986,5,0,0,37,72,35,1,0,0,122
1987,1,0,0,8,16,0,0,0,0,72
1988,0,0,0,4,7,0,0,0,0,45
1989,0,0,0,1,0,0,0,0,0,2
1990,0,0,0,0,1,0,0,0,0,13
1991,8,1,1,21,11,3,0,1,1,347
1992,0,0,0,3,0,0,0,0,0,11
1993,0,0,0,0,0,0,0,0,0,0
1994,0,0,0,1,0,0,0,0,0,3
1995,5,0,0,13,36,7,0,0,0,92
1996,0,0,0,0,0,0,0,0,0,15
1997,5,0,0,28,9,1,0,3,0,158
1998,0,0,0,0,0,0,0,0,0,0
1999,6,1,1,64,68,5,0,1,0,241
2000,1,0,0,14,17,0,0,0,0,97
2001,0,0,0,1,0,0,0,0,0,1
2002,7,1,1,23,19,0,0,0,0,132
2003,4,0,0,32,60,0,0,0,0,323
2004,0,0,0,0,2,1,0,0,0,4
2005,5,0,0,21,2,1,0,1,0,78
2006,5,0,0,18,17,0,0,0,0,198
2007,1,0,0,5,1,0,0,0,0,26
2008,2,0,0,19,10,1,0,0,0,101
2009,0,0,0,4,6,1,0,0,0,41
2010,1,0,0,2,0,0,0,0,0,6
2011,0,0,0,1,1,0,0,0,0,10
2012,8,0,0,22,6,2,0,1,0,179
2013,1,0,0,0,1,0,0,0,0,143
2014,0,0,0,0,0,0,0,0,0,3
2015,6,0,0,19,26,0,1,1,0,254
2016,3,0,0,18,22,0,0,1,0,204
2017,2,0,0,2,3,0,0,1,0,173
2018,0,0,0,0,0,0,0,0,0,1
2019,3,0,0,16,2,0,0,0,0,102
2020,0,0,0,0,0,0,0,0,0,0
2021,8,0,0,43,30,9,1,0,0,76
2022,4,2,0,17,46,1,0,1,0,139
2023,0,0,0,3,2,0,0,0,0,60
2024,0,0,0,0,1,0,0,0,0,16
2025,1,0,0,15,14,0,1,1,0,96
2026,8,0,0,42,24,1,2,0,1,182
2027,2,0,0,18,42,0,1,0,0,176
2028,5,1,1,25,33,7,2,0,0,81
2029,4,0,0,47,98,13,3,0,0,173
2030,0,0,0,0,0,0,0,0,0,3
2031,4,0,0,12,20,1,0,0,0,146
2032,0,0,0,0,0,0,0,0,0,4
2033,1,0,0,19,13,4,1,0,0,21
2034,2,1,0,8,10,5,1,0,0,13
2035,10,0,0,42,51,6,0,1,0,203
2036,2,0,0,10,16,0,0,0,1,59
2037,0,0,0,6,9,1,0,0,0,41
2038,1,0,0,17,6,0,0,1,0,109
2039,1,0,0,4,0,0,0,0,0,16
2040,1,0,0,3,1,0,0,0,0,17
2041,1,0,0,7,3,0,0,0,1,29
2042,1,0,0,21,18,0,0,0,0,99
2043,0,0,0,0,0,0,0,0,0,12
2044,0,0,0,7,1,0,0,1,0,28
2045,1,1,0,10,26,4,0,0,0,103
2046,0,0,0,6,34,1,0,0,0,98
2047,5,0,0,29,16,2,0,1,0,94
2048,7,1,1,13,8,3,0,1,0,49
2049,3,0,0,14,15,0,0,0,0,170
2050,2,1,0,35,52,14,1,0,0,204
2051,6,0,0,33,18,5,0,1,0,179
2052,3,0,0,18,8,1,0,0,0,88
2053,0,0,0,2,3,0,0,0,0,29
2054,6,0,0,23,16,1,0,0,0,112
2055,8,0,0,38,60,7,1,0,0,238
2056,2,0,0,31,23,7,0,0,0,94
2057,0,0,0,12,7,0,1,0,0,48
2058,4,1,1,15,11,0,0,0,0,117
2059,0,0,0,0,0,0,0,0,0,17
2060,3,0,0,31,25,1,1,0,0,119
2061,1,0,0,12,29,14,1,0,0,97
2062,1,0,0,15,17,1,0,1,0,129
2063,1,0,0,3,0,0,0,0,0,16
2064,4,0,0,10,1,0,0,0,0,44
2065,1,1,0,2,6,0,0,1,0,158
2066,3,0,0,13,2,8,0,1,0,141
2067,4,0,0,46,54,3,0,1,0,291
2068,1,0,0,4,4,0,0,0,0,25
2069,0,0,0,0,0,0,0,0,0,5
2070,2,0,0,24,23,1,0,0,0,184
2071,0,0,0,19,17,6,0,0,0,36
2072,0,0,0,14,4,6,0,0,0,51
2073,0,0,0,0,0,0,0,0,0,0
2074,5,1,0,18,17,0,0,0,0,84
2075,0,0,0,12,1,1,0,0,0,31
2076,5,0,0,34,17,4,0,2,0,231
2077,7,0,0,24,25,0,0,0,0,149
2078,3,0,0,16,12,6,0,0,0,62
2079,0,0,0,0,3,1,0,0,0,5
2080,0,0,0,1,0,0,0,0,0,13
2081,0,0,0,3,7,2,0,0,0,39
2082,10,0,0,47,32,0,0,0,0,325
2083,1,0,0,30,7,8,0,0,0,150
2084,2,0,0,20,9,0,0,0,0,184
2085,0,0,0,0,0,1,0,0,0,0
2086,4,0,0,44,21,20,0,0,0,70
2087,1,0,0,11,9,5,0,0,0,20
2088,0,0,0,1,1,0,0,0,0,3
2089,0,0,0,0,0,0,0,0,0,5
2090,0,0,0,16,13,3,1,0,0,27
2091,1,0,0,1,3,0,0,1,0,160
2092,1,0,0,6,2,0,0,0,0,47
2093,6,0,0,21,23,1,0,3,0,281
2094,4,0,0,28,28,2,1,0,0,191
2095,1,0,0,26,20,1,1,0,1,129
2096,12,0,0,69,30,2,0,0,0,268
2097,0,0,0,2,6,1,0,0,0,10
2098,4,0,0,21,15,2,1,1,0,34
2099,0,1,0,0,0,0,0,0,0,1
2100,4,0,0,13,6,2,0,0,0,182
2101,1,0,0,2,0,0,0,0,0,12
2102,0,0,0,1,3,0,0,0,0,36
2103,0,0,0,19,24,2,0,0,0,73
2104,1,0,0,4,10,0,0,0,0,73
2105,1,1,0,44,61,3,0,1,0,216
2106,1,0,0,10,7,0,0,0,0,67
2107,2,0,0,18,29,21,0,0,0,86
2108,0,0,0,0,0,0,0,0,0,0
2109,6,0,0,28,18,0,3,1,0,87
2110,3,0,0,15,27,5,0,0,0,113
2111,3,0,0,41,37,4,2,2,0,210
2112,0,0,0,7,8,12,0,0,0,38
2113,0,0,0,0,0,0,0,0,0,0
2114,1,0,0,5,7,0,0,0,1,45
2115,3,0,0,15,47,0,0,0,0,106
2116,1,0,0,9,14,0,0,0,0,43
2117,2,1,1,11,3,0,0,0,0,64
2118,1,0,0,18,18,1,0,0,0,121
2119,1,0,0,2,3,0,0,2,0,164
2120,0,0,0,3,6,0,0,0,0,6
2121,1,0,0,2,3,0,0,0,0,3
2122,1,0,0,4,4,0,0,0,0,42
2123,3,0,0,35,25,23,0,0,0,118
2124,11,1,1,37,13,1,0,0,0,239
2125,4,0,0,16,12,0,0,0,1,110
2126,1,0,0,22,30,9,1,0,0,80
2127,1,0,0,3,9,0,0,0,0,31
2128,0,0,0,1,0,0,0,0,0,1
2129,4,0,0,22,18,2,0,0,0,203
2130,0,0,0,12,2,0,0,0,0,62
2131,1,0,0,9,3,0,0,0,0,51
2132,3,0,0,20,45,2,0,0,0,108
2133,3,0,0,39,10,0,0,0,0,282
2134,7,0,0,30,52,6,1,0,0,221
2135,0,0,0,1,0,0,0,0,0,12
2136,1,0,0,0,7,0,0,0,0,147
2137,6,0,0,32,25,13,0,0,0,145
2138,1,0,0,2,10,0,0,0,0,24
2139,8,0,0,23,22,0,0,1,0,227
2140,6,1,1,35,26,4,0,0,0,303
2141,2,0,0,14,33,5,0,0,0,120
2142,2,0,0,18,10,7,1,0,0,44
2143,1,0,0,27,36,18,1,0,0,99
2144,1,0,0,21,12,3,0,0,0,92
2145,1,0,0,5,10,1,0,0,0,28
2146,5,0,0,18,9,0,0,0,0,120
2147,0,0,0,3,4,1,0,0,0,12
2148,0,0,0,3,9,1,0,0,0,15
2149,0,0,0,3,2,1,0,0,0,1
2150,7,1,1,44,21,0,0,2,0,217
2151,6,0,0,44,25,1,0,1,0,264
2152,0,0,0,0,4,0,0,0,1,103
2153,1,0,0,15,9,0,0,0,0,130
2154,2,0,0,3,3,2,0,0,0,31
2155,1,0,0,7,5,4,0,0,0,45
2156,0,0,0,1,0,0,0,0,0,6
2157,6,0,0,28,25,0,0,3,0,207
2158,0,0,0,0,0,0,0,0,0,12
2159,2,0,0,20,21,1,0,0,0,255
2160,0,0,0,0,0,0,0,0,0,9
2161,2,0,0,22,41,1,1,0,0,135
2162,0,0,0,0,0,0,0,0,0,1
2163,2,0,0,1,12,0,0,1,0,202
2164,5,0,0,34,25,2,1,0,0,199
2165,0,0,0,1,2,0,0,0,0,26
2166,2,0,0,16,12,5,0,0,0,105
2167,5,0,0,33,33,3,0,0,0,70
2168,2,0,0,18,51,11,0,0,0,73
2169,3,0,0,17,6,2,1,1,0,153
2170,1,0,0,1,5,0,0,1,0,183
2171,2,0,0,19,18,3,1,0,0,73
2172,0,0,0,13,11,2,0,0,0,54
2173,1,0,0,1,0,0,0,0,0,6
2174,0,0,0,0,1,0,0,0,0,7
2175,2,0,0,13,7,1,0,0,0,63
2176,4,0,0,25,42,27,2,0,0,142
2177,0,0,0,15,21,4,0,1,0,93
2178,1,0,0,9,23,4,4,0,0,35
2179,0,0,0,1,0,0,0,0,0,16
2180,0,0,0,3,0,0,0,0,0,63
2181,4,1,0,33,15,11,3,0,0,90
2182,7,0,0,33,25,5,4,0,0,202
2183,5,0,0,18,19,0,0,0,0,72
2184,0,0,0,2,2,0,0,0,0,8
2185,1,0,0,30,15,4,0,1,0,121
2186,5,0,0,40,25,1,0,0,0,332
2187,0,0,0,1,1,0,0,0,1,3
2188,5,0,0,26,20,1,1,1,1,215
2189,7,0,0,37,22,4,1,0,0,157
2190,1,0,0,0,1,0,0,0,0,110
2191,1,0,0,6,21,3,1,0,0,77
2192,0,0,0,1,1,0,0,0,0,0
2193,0,0,0,3,4,1,0,0,0,18
2194,0,0,0,0,0,0,0,0,0,11
2195,1,0,0,2,1,0,0,0,0,15
2196,2,0,0,18,4,1,0,0,0,39
2197,0,0,0,0,7,0,0,0,0,181
2198,2,0,0,6,1,0,0,0,0,40
2199,1,0,0,28,34,10,3,0,0,151
2200,4,0,0,24,49,1,0,0,0,162
2201,0,0,0,0,0,0,0,0,0,2
2202,1,0,0,28,48,4,1,0,0,131
2203,3,0,0,1,8,0,0,1,0,210
2204,0,0,0,5,3,0,0,0,0,13
2205,6,1,0,37,73,7,1,0,0,144
2206,0,0,0,0,0,0,0,0,0,2
2207,0,0,0,1,0,0,0,0,0,0
2208,0,0,0,0,0,0,0,0,0,4
2209,5,0,0,28,29,0,0,0,0,274
2210,2,0,0,22,14,1,0,1,0,315
2211,1,0,0,6,5,0,0,0,0,113
2212,0,0,0,0,0,0,0,0,0,4
2213,0,0,0,0,0,0,0,0,0,0
2214,4,1,0,34,73,25,1,0,0,186
2215,4,1,1,20,36,7,0,0,0,131
2216,2,0,0,19,21,3,0,0,0,205
2217,0,0,0,0,0,0,0,0,0,32
2218,4,0,0,22,5,0,0,0,0,160
2219,5,0,0,21,8,7,0,0,0,55
2220,10,1,1,72,45,0,0,0,0,295
2221,4,0,0,19,28,7,1,0,0,153
2222,3,0,0,29,63,5,0,0,0,264
2223,4,0,0,8,4,1,0,0,0,53
2224,4,0,0,28,19,0,0,1,0,202
2225,2,0,0,12,19,1,1,0,1,103
2226,0,0,0,2,2,0,0,0,0,21
2227,2,0,0,10,17,2,0,0,0,21
2228,3,1,0,19,6,1,0,0,0,137
2229,0,1,0,0,0,0,0,0,0,55
2230,1,0,0,7,10,2,0,0,0,89
2231,3,0,0,23,33,9,0,0,0,99
2232,2,0,0,23,10,8,0,1,0,382
2233,4,1,0,20,8,1,0,0,0,219
2234,0,0,0,3,19,8,2,0,0,104
2235,3,0,0,10,6,0,1,1,0,92
2236,2,0,0,1,1,0,0,1,0,89
2237,2,0,0,15,10,4,0,0,0,26
2238,1,0,0,6,2,0,0,0,0,18
2239,0,0,0,2,1,0,0,0,0,3
2240,5,0,0,39,31,0,0,0,0,152
2241,0,0,0,0,0,0,0,0,0,4
2242,10,0,0,30,21,0,0,0,0,210
2243,0,0,0,2,8,1,0,0,0,73
2244,6,0,0,44,30,3,0,0,0,417
2245,3,0,0,20,9,3,0,1,0,101
2246,0,0,0,1,16,2,0,0,0,43
2247,1,0,0,9,16,1,0,0,0,121
2248,1,0,0,14,11,0,0,0,0,46
2249,4,0,0,27,21,13,1,0,0,68
2250,10,0,0,60,47,0,0,1,0,351
2251,4,0,0,17,40,6,1,0,0,141
2252,3,0,0,31,18,15,0,0,0,69
2253,2,0,0,2,1,0,0,0,0,1
2254,1,0,0,13,6,0,0,0,0,87
2255,1,0,0,9,8,0,0,0,0,37
2256,0,0,0,16,23,1,0,0,0,48
2257,2,0,0,33,23,0,0,0,0,128
2258,4,0,0,28,25,1,0,0,0,160
2259,1,0,0,2,0,0,0,0,0,10
2260,7,0,0,21,11,0,0,1,0,162
2261,10,0,0,71,33,0,1,0,0,358
2262,6,0,0,30,23,0,0,0,0,279
2263,3,0,0,17,43,31,2,0,0,126
2264,3,1,1,15,6,0,0,1,0,171
2265,8,0,0,46,25,1,0,0,0,228
2266,8,1,0,66,24,0,0,0,0,417
2267,0,0,0,10,15,0,0,0,0,114
2268,2,0,0,11,16,3,0,0,0,30
2269,4,0,0,20,24,0,0,1,0,141
2270,2,0,0,10,8,0,2,0,0,93
2271,0,1,0,1,0,0,0,0,0,9
2272,1,0,0,8,2,1,0,0,0,32
2273,0,0,0,0,0,0,0,0,0,8
2274,0,0,0,16,11,1,0,0,1,163
2275,4,0,0,30,14,0,0,0,0,186
2276,0,0,0,1,0,0,0,0,0,26
2277,0,0,0,2,1,1,1,0,0,12
2278,2,0,0,15,4,0,0,0,0,116
2279,1,0,0,2,2,0,0,0,0,14
2280,0,0,0,3,0,0,0,0,0,8
2281,4,0,0,17,41,3,0,0,0,165
2282,2,0,0,36,17,5,0,0,0,107
2283,1,0,0,11,26,1,0,1,0,227
2284,0,0,0,0,0,0,0,0,0,8
2285,1,0,0,4,5,0,0,0,0,11
2286,9,0,0,23,5,3,0,0,2,215
2287,0,1,0,0,0,0,0,0,0,18
2288,0,0,0,5,2,2,0,0,0,4
2289,0,0,0,3,8,2,0,0,0,19
2290,0,0,0,0,0,0,0,0,0,15
2291,1,0,0,1,0,0,0,1,0,42
2292,2,0,0,10,12,1,0,0,0,102
2293,0,0,0,0,1,0,0,0,1,65
2294,0,0,0,8,6,4,0,0,0,50
2295,0,0,0,1,1,0,0,0,0,9
2296,0,0,0,1,0,0,0,0,0,6
2297,4,0,0,33,43,2,0,1,0,269
2298,0,0,0,0,0,0,0,0,0,0
2299,8,0,0,22,36,7,0,0,0,272
2300,7,1,1,30,34,6,1,0,0,151
2301,3,0,0,13,4,0,0,0,0,59
2302,0,0,0,11,45,5,0,1,0,100
2303,1,0,0,14,7,4,0,0,0,35
2304,2,0,0,29,11,1,0,2,0,220
2305,1,0,0,28,64,15,1,0,1,176
2306,6,1,0,42,18,2,0,0,0,206
2307,0,0,0,0,0,0,0,0,0,1
2308,0,0,0,2,1,0,0,1,0,17
2309,1,0,0,7,4,0,0,0,0,31
2310,0,0,0,22,22,13,2,0,0,191
2311,3,0,0,14,15,3,1,0,0,49
2312,2,0,0,16,10,0,0,1,0,191
2313,2,0,0,0,2,0,0,0,0,99
2314,1,0,0,10,4,0,0,0,0,75
2315,5,0,0,49,56,12,2,0,0,99
2316,5,0,0,16,29,7,0,1,0,125
2317,0,0,0,6,3,0,0,0,0,14
2318,3,0,0,43,45,0,0,0,0,381
2319,4,0,0,38,40,16,1,0,0,104
2320,2,0,0,24,44,3,1,0,0,177
2321,4,1,0,14,24,0,0,0,0,72
2322,7,0,0,39,17,0,0,1,0,163
2323,2,0,0,17,12,3,0,0,0,38
2324,2,0,0,17,11,3,0,0,0,39
2325,2,0,0,19,17,4,0,0,0,59
2326,4,0,0,27,27,2,0,0,0,130
2327,2,0,0,11,6,0,0,0,0,40
2328,0,0,0,19,33,10,0,0,0,69
2329,1,0,0,22,9,0,0,3,1,153
2330,11,1,0,31,31,4,0,0,0,216
2331,3,0,0,6,2,0,0,0,0,62
2332,4,0,0,16,8,1,0,0,0,82
2333,0,0,0,0,0,0,0,0,0,4
2334,2,0,0,2,4,0,0,1,0,134
2335,0,0,0,1,22,9,0,0,0,154
2336,2,0,0,26,28,0,0,0,1,172
2337,2,0,0,14,21,6,1,0,0,151
2338,5,0,0,15,14,1,0,1,0,151
2339,10,0,0,58,40,4,0,2,0,316
2340,0,0,0,0,0,0,0,0,0,0
2341,0,0,0,0,0,0,0,0,0,1
2342,3,0,0,6,7,2,0,0,0,31
2343,2,0,0,18,10,0,0,0,0,57
2344,2,0,0,24,41,3,0,0,0,79
2345,1,0,0,7,5,1,0,0,0,38
2346,5,0,0,34,28,2,0,0,1,282
2347,0,0,0,2,2,0,0,0,0,5
2348,3,0,0,11,3,1,0,0,0,36
2349,6,0,0,40,36,3,0,0,0,175
2350,0,0,0,1,1,0,0,0,0,3
2351,2,1,1,4,14,2,0,0,0,27
2352,2,0,0,14,16,4,0,0,0,19
2353,2,0,0,7,16,7,0,0,0,67
2354,7,0,0,35,42,6,0,0,1,167
2355,0,0,0,3,2,0,0,0,0,8
2356,1,0,0,11,7,1,0,0,0,57
2357,1,0,0,9,5,1,0,0,0,53
2358,1,1,0,8,19,1,1,0,0,50
2359,6,1,0,58,65,1,1,2,0,267
2360,14,0,0,29,17,3,0,1,0,312
2361,2,0,0,18,14,0,0,0,1,176
2362,1,0,0,32,17,10,0,0,1,77
2363,0,0,0,0,0,0,0,0,0,0
2364,4,1,0,22,15,1,0,0,0,123
2365,1,0,0,7,4,6,0,0,0,11
2366,0,0,0,0,0,0,0,0,0,1
2367,13,1,0,38,55,1,0,0,0,295
2368,4,0,0,28,22,7,1,0,0,69
2369,4,0,0,38,29,3,0,0,0,56
2370,7,0,0,46,34,1,1,0,0,381
2371,3,0,0,22,28,0,0,0,1,173
2372,4,1,1,23,25,0,0,1,1,139
2373,3,0,0,25,17,0,0,0,0,116
2374,0,0,0,0,4,0,0,0,1,161
2375,4,0,0,17,18,0,0,0,0,231
2376,2,0,0,18,21,6,1,0,0,136
2377,0,0,0,8,6,0,0,0,0,36
2378,9,1,1,43,10,0,0,0,0,233
2379,0,0,0,12,13,4,0,0,0,82
2380,8,1,0,48,24,1,0,1,0,343
2381,1,0,0,8,4,0,0,0,1,60
2382,0,0,0,0,4,0,0,0,0,118
2383,0,0,0,0,0,0,0,0,0,1
2384,1,0,0,3,1,0,0,0,0,8
2385,0,0,0,0,0,0,0,0,0,5
2386,1,0,0,2,9,1,0,0,0,18
2387,4,0,0,21,27,9,0,0,0,49
2388,1,0,0,1,2,0,0,0,0,3
2389,0,0,0,0,0,0,0,0,0,28
2390,5,0,0,42,34,2,0,1,1,264
2391,0,0,0,7,61,0,0,0,0,105
2392,1,1,0,9,14,0,0,0,0,55
2393,5,0,0,43,32,1,0,1,0,201
2394,0,0,0,0,2,0,0,0,0,161
2395,3,0,0,28,47,1,1,0,1,203
2396,3,0,0,15,12,0,0,0,0,85
2397,0,0,0,0,0,0,0,0,0,0
2398,4,0,0,35,6,8,0,0,0,151
2399,1,0,0,8,7,0,0,0,0,32
2400,0,0,0,0,1,0,0,0,0,2
2401,1,0,0,8,9,1,0,0,0,41
2402,0,0,0,3,2,1,0,0,0,36
2403,2,0,0,11,6,0,0,0,0,61
2404,1,0,0,15,14,11,0,0,0,26
2405,8,0,0,42,29,3,0,0,1,267
2406,7,0,0,31,10,0,0,0,0,244
2407,1,0,0,39,22,11,0,0,0,94
2408,0,0,0,0,0,0,0,0,0,0
2409,0,0,0,0,0,0,0,0,0,2
2410,1,0,0,1,0,0,0,0,0,2
2411,3,0,0,32,21,2,0,1,0,223
2412,1,0,0,7,8,0,0,0,0,78
2413,2,0,0,18,5,1,0,0,0,30
2414,0,0,0,0,0,0,0,0,0,5
2415,2,0,0,22,18,0,0,0,0,176
2416,0,0,0,0,1,0,0,0,0,6
2417,0,0,0,0,0,0,0,0,0,5
2418,8,1,1,35,23,0,0,2,0,193
2419,1,0,0,17,34,29,3,0,0,137
2420,5,0,0,17,18,3,0,0,0,137
2421,0,0,0,10,12,4,1,0,0,195
2422,4,0,0,24,22,1,0,1,0,127
2423,2,0,0,20,21,5,1,0,0,66
2424,0,0,0,0,0,0,0,0,0,0
2425,1,0,0,5,7,0,0,1,0,28
2426,2,0,0,10,2,0,0,1,1,48
2427,1,0,0,2,4,0,0,2,0,171
2428,5,1,1,14,16,0,0,0,0,227
2429,1,0,0,2,3,0,0,2,1,176
2430,2,0,0,23,27,1,0,2,0,172
2431,1,0,0,25,26,18,0,0,0,73
2432,2,0,0,17,29,4,0,0,0,141
2433,1,0,0,2,6,1,0,1,0,178
2434,0,0,0,0,0,0,0,0,0,1
2435,0,0,0,3,2,0,0,0,0,1
2436,4,1,1,27,50,2,1,0,0,178
2437,4,0,0,15,22,1,0,1,0,202
2438,5,0,0,40,9,1,0,0,0,344
2439,0,0,0,0,0,0,0,0,0,16
2440,0,0,0,1,4,0,0,1,1,133
2441,2,0,0,4,1,0,0,0,0,7
2442,6,0,0,66,22,1,0,1,0,291
2443,3,0,0,21,9,0,0,0,0,182
2444,0,0,0,2,4,0,0,0,1,50
2445,0,0,0,0,0,0,0,0,0,6
2446,0,0,0,4,5,0,1,0,0,6
2447,5,0,0,43,18,3,0,0,0,362
2448,1,0,0,0,1,1,0,0,0,128
2449,1,0,0,12,12,2,0,0,0,83
2450,0,1,0,9,16,5,0,0,0,94
2451,1,0,0,34,28,0,0,0,0,260
2452,2,0,0,4,15,2,0,0,0,36
2453,0,0,0,4,4,1,0,0,0,10
2454,0,0,0,0,0,0,0,0,0,0
2455,0,1,0,13,6,6,0,0,0,28
2456,0,0,0,3,2,0,0,0,0,12
2457,3,0,0,14,8,1,0,0,0,113
2458,0,0,0,5,20,4,0,0,0,106
2459,2,0,0,8,13,1,0,0,0,55
2460,0,0,0,0,1,0,0,0,0,0
2461,1,0,0,6,5,0,0,0,0,69
2462,2,0,0,8,3,1,0,0,0,131
2463,0,0,0,4,0,0,0,0,0,6
2464,3,0,0,18,29,4,1,0,0,64
2465,1,0,0,8,4,2,0,0,0,76
2466,2,0,0,16,4,0,0,0,0,47
2467,8,1,1,24,14,20,0,0,0,69
2468,7,0,0,27,37,0,0,0,0,237
2469,1,1,0,1,1,0,0,0,0,139
2470,3,0,0,14,13,0,0,0,0,100
2471,1,0,0,12,15,0,0,0,0,55
2472,2,0,0,0,4,0,0,0,0,177
2473,5,0,0,75,48,3,2,0,0,212
2474,1,0,0,11,9,3,0,0,0,36
2475,2,0,0,17,14,2,0,1,0,160
2476,0,0,0,0,0,0,0,0,0,0
2477,7,0,0,48,45,10,0,0,0,123
2478,3,0,0,19,34,1,0,0,0,99
2479,0,0,0,1,0,0,0,0,0,1
2480,7,1,0,69,43,3,0,1,1,463
2481,0,0,0,0,0,0,0,0,0,3
2482,2,0,0,8,6,1,0,0,0,37
2483,4,0,0,33,19,0,0,3,0,187
2484,1,0,0,2,1,0,0,0,0,14
2485,3,0,0,23,16,0,0,0,0,210
2486,0,0,0,1,0,0,0,0,0,0
2487,5,0,0,19,21,0,0,1,0,104
2488,0,0,0,0,0,0,0,0,0,0
2489,6,0,0,40,40,2,0,0,0,258
2490,0,0,0,7,5,0,0,0,0,125
2491,2,0,0,18,15,0,0,0,0,186
2492,0,0,0,9,11,2,0,0,1,197
2493,0,0,0,0,1,0,0,0,0,69
2494,0,0,0,0,0,0,0,0,0,1
2495,4,0,0,41,25,1,0,0,1,294
2496,5,0,0,21,17,2,0,0,0,254
2497,0,0,0,1,0,0,0,0,0,12
2498,2,0,0,43,30,3,0,1,0,283
2499,3,0,0,31,18,4,0,0,0,142
2500,0,0,0,1,0,0,0,0,0,2
2501,3,1,1,20,5,0,0,1,0,195
2502,1,0,0,8,2,0,0,0,0,49
2503,2,0,0,8,9,0,0,0,0,175
2504,4,0,0,36,41,9,2,0,0,123
2505,6,0,0,33,10,3,0,0,0,268
2506,6,0,0,42,30,5,0,0,0,153
2507,3,0,0,13,18,1,0,0,0,73
2508,0,1,0,7,10,1,0,0,0,177
2509,1,0,0,0,2,0,0,0,0,47
2510,4,0,0,17,27,0,0,0,0,218
2511,7,0,0,25,13,1,0,0,0,117
2512,2,0,0,8,3,0,0,0,0,28
2513,3,0,0,26,7,0,0,1,0,228
2514,0,0,0,12,13,4,0,1,0,186
2515,5,0,0,17,6,0,0,0,0,40
2516,1,0,0,14,13,2,0,0,0,59
2517,13,1,1,54,39,0,0,1,0,261
2518,10,0,0,47,40,1,0,0,0,247
2519,6,0,0,21,41,34,2,0,0,88
2520,2,0,0,5,3,0,0,0,0,18
2521,1,0,0,9,4,0,0,0,0,179
2522,2,0,0,25,37,6,0,0,0,121
2523,0,0,0,2,4,0,0,0,0,29
2524,8,1,1,45,44,0,0,0,0,174
2525,0,0,0,0,0,0,0,0,0,1
2526,0,1,0,17,9,2,0,0,0,102
2527,1,0,0,2,1,0,1,0,0,3
2528,1,0,0,19,13,4,0,0,0,54
2529,0,0,0,0,1,0,0,0,0,134
2530,2,0,0,5,1,0,0,0,0,14
2531,2,0,0,28,8,8,1,0,0,67
2532,5,1,1,12,16,0,1,0,0,65
2533,3,0,0,29,10,1,0,0,0,315
2534,0,0,0,1,0,0,0,0,0,0
2535,6,0,0,21,31,0,0,0,0,134
2536,6,0,0,36,29,2,0,1,0,299
2537,2,0,0,11,7,0,0,0,0,50
2538,11,0,0,65,47,1,0,0,0,351
2539,5,0,0,43,10,7,0,0,1,395
2540,7,0,0,28,23,0,0,1,0,355
2541,6,0,0,27,29,3,0,0,0,358
2542,0,0,0,0,0,0,0,0,0,6
2543,0,0,0,0,1,0,0,0,0,6
2544,0,0,0,0,1,0,0,0,0,10
2545,0,0,0,1,0,0,0,0,0,2
2546,0,0,0,1,3,0,0,0,0,4
2547,0,0,0,1,0,0,0,0,0,4
2548,1,0,0,9,34,0,0,0,0,250
2549,1,0,0,1,0,0,0,0,0,2
2550,0,0,0,0,0,0,0,0,0,1
2551,0,0,0,4,6,0,0,0,0,54
2552,9,1,1,58,61,1,0,0,0,402
2553,1,0,0,1,0,0,0,0,0,13
2554,2,0,0,16,24,5,1,0,0,58
2555,0,0,0,4,4,1,0,0,0,59
2556,3,0,0,6,4,0,0,0,0,38
2557,2,1,1,8,8,3,0,0,0,89
2558,2,0,0,4,7,0,0,0,0,50
2559,0,0,0,3,2,1,0,0,0,33
2560,1,0,0,1,1,0,0,1,0,131
2561,0,0,0,0,0,0,0,0,0,11
2562,2,1,0,33,39,9,0,0,0,117
2563,9,1,1,24,18,2,0,2,0,193
2564,3,0,0,29,18,2,0,1,0,151
2565,0,0,0,0,0,0,0,0,0,4
2566,2,0,0,15,14,2,0,0,0,54
2567,5,0,0,26,53,7,0,1,0,161
2568,5,1,1,26,8,2,0,0,1,124
2569,0,0,0,13,8,2,0,0,0,95
2570,0,0,0,17,26,1,0,0,0,104
2571,0,0,0,0,0,0,0,0,0,1
2572,2,0,0,10,16,0,1,0,0,82
2573,5,1,1,36,20,3,0,1,0,327
2574,8,1,1,53,43,6,1,0,0,243
2575,0,0,0,5,7,0,0,0,0,16
2576,10,0,0,74,25,2,0,2,0,257
2577,3,1,0,37,37,17,5,0,0,112
2578,3,0,0,32,10,0,1,1,0,137
2579,0,0,0,0,0,0,0,0,0,1
2580,6,0,0,37,55,0,0,0,0,412
2581,4,0,0,14,18,0,1,0,0,211
2582,0,0,0,4,0,0,0,0,0,6
2583,1,0,0,5,1,1,0,0,0,6
2584,5,1,0,17,15,0,0,0,1,186
2585,5,0,0,17,14,0,0,0,0,112
2586,3,0,0,27,28,14,2,0,0,138
2587,1,1,0,12,15,2,0,0,0,87
2588,2,0,0,23,14,4,0,0,0,111
2589,9,0,0,38,14,1,0,2,0,296
2590,4,0,0,31,16,3,0,0,1,278
2591,1,0,0,3,1,0,0,1,0,41
2592,0,0,0,1,0,0,0,0,0,4
2593,0,0,0,14,1,0,0,0,0,132
2594,1,1,0,18,18,0,0,0,0,161
2595,11,0,0,30,26,1,0,1,0,202
2596,2,0,0,10,10,1,0,0,0,55
2597,1,0,0,17,25,2,0,0,0,227
2598,0,0,0,1,1,0,0,0,0,3
2599,0,0,0,7,1,3,0,0,0,11
2600,2,0,0,10,12,1,0,0,0,68
2601,1,0,0,16,17,5,1,0,0,66
2602,2,0,0,21,17,0,0,0,0,106
2603,2,0,0,13,16,2,0,0,1,298
2604,0,0,0,13,32,0,1,0,0,151
2605,4,0,0,27,25,2,0,0,0,217
2606,5,0,0,15,2,0,0,0,0,83
2607,1,0,0,1,0,0,0,0,0,0
2608,2,0,0,20,32,0,0,2,0,198
2609,2,0,0,13,1,6,0,1,0,63
2610,7,0,0,35,22,1,1,0,0,273
2611,0,0,0,28,54,2,0,0,0,203
2612,0,0,0,15,25,2,0,2,0,187
2613,1,0,0,1,1,0,0,0,0,10
2614,4,0,0,47,86,7,1,0,0,163
2615,0,0,0,5,10,0,0,0,0,16
2616,1,0,0,31,40,7,1,0,0,152
2617,0,0,0,3,1,0,0,0,0,8
2618,0,0,0,0,3,0,0,0,0,2
2619,6,0,0,32,22,1,0,1,0,170
2620,0,0,0,1,1,0,0,0,0,3
2621,4,0,0,40,24,2,1,1,0,319
2622,0,0,0,0,1,1,0,0,0,8
2623,3,0,0,20,11,1,0,0,0,293
2624,0,0,0,0,3,0,0,0,0,179
2625,1,0,0,30,12,0,0,0,0,222
2626,0,0,0,39,20,4,1,0,0,87
2627,6,1,0,58,39,2,1,0,0,225
2628,9,0,0,31,11,2,1,0,0,260
2629,1,0,0,6,13,8,0,0,0,42
2630,1,0,0,9,4,0,0,0,0,22
2631,0,0,0,30,15,6,0,0,0,244
2632,2,0,0,28,32,6,0,0,0,202
2633,0,0,0,2,4,0,0,0,0,12
2634,3,0,0,23,25,0,1,0,0,175
2635,0,0,0,0,0,0,0,0,0,5
2636,0,0,0,1,0,0,0,0,0,0
2637,2,0,0,6,3,0,0,0,1,45
2638,6,0,0,27,12,0,0,2,0,120
2639,0,0,0,0,1,0,0,0,0,2
2640,5,0,0,30,13,0,0,2,1,206
2641,1,0,0,5,3,1,0,0,0,22
2642,1,1,0,15,19,0,0,2,0,150
2643,0,0,0,3,3,1,0,0,0,49
2644,1,0,0,1,1,0,0,0,0,5
2645,1,0,0,33,36,17,0,0,0,72
2646,0,0,0,0,0,0,0,0,0,5
2647,1,0,0,14,9,0,0,0,0,69
2648,4,0,0,39,35,5,1,0,0,70
2649,0,0,0,1,3,2,0,0,0,22
2650,6,0,0,36,9,0,0,1,0,368
2651,0,0,0,0,0,0,0,0,0,2
2652,5,0,0,28,28,10,0,0,0,76
2653,0,0,0,0,1,0,0,0,0,21
2654,0,0,0,0,3,0,0,0,0,9
2655,0,0,0,5,8,0,0,0,0,35
2656,0,0,0,2,0,0,0,0,0,4
2657,3,0,0,11,15,1,0,0,0,54
2658,0,0,0,1,1,0,0,0,0,13
2659,2,1,0,13,5,2,0,1,0,102
2660,2,0,0,14,20,4,1,0,0,50
2661,0,0,0,12,9,2,0,0,0,108
2662,2,0,0,16,10,0,0,0,1,253
2663,1,0,0,26,25,36,5,0,0,83
2664,2,1,0,27,31,10,0,0,0,140
2665,0,0,0,0,0,0,0,0,0,4
2666,1,0,0,9,4,0,0,0,1,59
2667,1,0,0,5,7,1,0,0,0,18
2668,3,0,0,6,11,0,0,1,0,52
2669,3,0,0,31,31,3,0,0,0,134
2670,0,0,0,3,2,0,0,0,0,9
2671,1,0,0,0,0,0,0,0,0,8
2672,0,0,0,4,3,0,0,0,0,10
2673,1,0,0,8,8,0,0,0,0,137
2674,1,0,0,19,10,0,0,0,0,204
2675,3,0,0,35,39,0,0,0,0,274
2676,6,0,0,31,23,0,1,0,0,192
2677,3,0,0,10,26,1,0,0,1,116
2678,1,0,0,2,12,2,0,0,0,53
2679,6,0,0,25,24,5,0,0,0,107
2680,11,0,0,32,41,2,0,4,0,218
2681,4,0,0,33,13,2,0,1,0,166
2682,0,0,0,0,0,0,0,0,0,0
2683,7,0,0,28,51,1,0,0,0,172
2684,3,0,0,26,21,1,0,0,0,80
2685,7,0,0,41,13,1,0,0,0,225
2686,3,1,0,19,11,0,1,0,0,309
2687,7,0,0,28,20,0,0,1,1,245
2688,0,0,0,0,1,0,0,0,0,15
2689,0,0,0,0,0,0,0,0,0,11
2690,1,0,0,4,15,2,0,0,0,66
2691,2,0,0,5,14,0,0,0,0,63
2692,3,0,0,29,16,0,0,1,0,139
2693,0,0,0,1,0,0,0,0,0,6
2694,10,0,0,44,36,1,0,0,0,215
2695,1,0,0,6,4,0,0,0,0,38
2696,4,1,0,17,20,1,0,0,0,164
2697,4,0,0,13,12,2,0,0,0,112
2698,2,0,0,17,31,3,2,0,0,70
2699,1,0,0,18,32,7,0,0,0,48
2700,7,0,0,51,49,0,0,1,0,191
2701,1,0,0,1,2,0,0,1,0,104
2702,0,0,0,2,0,0,0,0,0,19
2703,2,0,0,11,3,2,0,0,0,10
2704,1,0,0,14,23,0,0,0,0,121
2705,0,0,0,0,0,0,0,0,0,1
2706,0,0,0,8,5,1,0,0,0,36
2707,2,0,0,6,8,1,1,0,0,20
2708,1,0,0,53,69,26,2,0,0,115
2709,0,0,0,3,6,0,0,0,0,27
2710,1,0,0,14,14,4,0,0,0,60
2711,6,0,0,22,14,0,0,2,0,229
2712,4,0,0,11,6,0,0,1,0,101
2713,0,0,0,2,0,1,0,0,0,2
2714,4,0,0,60,45,15,2,0,0,146
2715,2,0,0,20,10,0,0,0,0,252
2716,0,0,0,0,0,0,0,0,0,1
2717,2,0,0,8,4,1,0,0,0,35
2718,4,0,0,18,7,0,0,1,0,56
2719,2,0,0,12,31,1,0,0,0,116
2720,0,0,0,6,13,12,0,0,0,49
2721,1,0,0,1,0,0,0,0,0,11
2722,4,0,0,31,26,1,0,0,0,232
2723,0,0,0,12,30,8,0,0,0,115
2724,0,0,0,0,0,0,0,0,0,0
2725,1,0,0,26,11,1,0,3,0,187
2726,4,0,0,33,42,7,1,1,0,275
2727,1,0,0,16,5,0,0,0,0,144
2728,6,0,0,34,41,13,1,0,0,161
2729,3,0,0,31,14,1,0,0,0,267
2730,5,0,0,32,12,1,0,1,0,228
2731,5,0,0,45,27,0,0,1,0,483
2732,8,0,0,36,34,7,0,0,0,290
2733,4,1,1,49,49,30,0,0,0,121
2734,1,0,0,0,1,0,0,0,0,2
2735,1,0,0,15,8,4,0,0,0,59
2736,4,0,0,24,16,1,0,0,0,320
2737,3,0,0,31,27,35,0,0,0,151
2738,0,0,0,2,3,0,0,0,0,26
2739,3,0,0,29,16,22,1,0,0,95
2740,0,0,0,19,17,5,2,0,0,61
2741,3,0,0,29,15,0,0,0,0,177
2742,3,0,0,18,4,2,0,0,0,115
2743,2,0,0,27,31,26,5,0,0,144
2744,7,0,0,35,43,0,0,0,0,420
2745,5,1,1,30,9,1,0,0,0,302
2746,1,0,0,17,25,0,0,0,0,296
2747,0,0,0,1,0,0,0,0,0,0
2748,2,0,0,5,6,0,0,0,0,38
2749,0,0,0,2,3,0,0,0,0,13
2750,1,0,0,17,37,12,0,0,0,84
2751,1,0,0,3,6,0,0,1,0,24
2752,0,0,0,1,0,1,0,0,0,6
2753,0,0,0,4,2,0,0,0,0,76
2754,0,0,0,5,21,4,0,0,0,84
2755,1,0,0,6,4,1,0,0,0,21
2756,0,0,0,9,16,0,1,1,0,81
2757,2,0,0,40,41,23,2,0,0,87
2758,0,0,0,0,0,0,0,0,0,0
2759,5,0,0,11,12,0,0,0,0,102
2760,1,0,0,25,14,7,0,0,0,193
2761,2,0,0,31,84,10,3,0,0,192
2762,4,0,0,15,20,0,0,0,0,149
2763,2,0,0,35,26,2,0,0,0,140
2764,3,0,0,27,55,7,1,2,0,226
2765,1,0,0,2,2,0,0,0,0,12
2766,0,0,0,12,12,1,0,0,0,63
2767,0,0,0,37,23,25,1,0,0,101
2768,0,0,0,1,0,0,0,0,0,2
2769,6,0,0,28,27,0,0,0,0,118
2770,7,1,0,39,38,1,0,0,0,317
2771,1,0,0,6,6,5,0,0,0,40
2772,6,0,0,13,15,2,0,1,0,152
2773,2,0,0,2,2,0,0,0,0,47
2774,3,0,0,8,6,5,0,0,0,29
2775,1,0,0,13,10,8,0,0,0,72
2776,0,0,0,4,4,1,0,0,0,28
2777,6,0,0,32,38,29,1,0,0,79
2778,0,0,0,0,0,0,0,0,0,31
2779,4,0,0,25,28,0,0,2,0,203
2780,4,1,0,13,6,2,0,0,0,56
2781,5,0,0,16,21,0,0,0,0,260
2782,5,0,0,38,26,6,0,0,0,94
2783,4,0,0,13,15,3,0,1,0,83
2784,0,0,0,1,2,0,0,0,0,5
2785,2,0,0,18,37,1,0,0,0,91
2786,6,0,0,36,109,11,1,0,0,195
2787,0,0,0,0,1,0,0,0,0,41
2788,0,0,0,0,1,1,0,0,0,7
2789,0,0,0,1,1,0,0,0,0,14
2790,6,0,0,33,88,22,1,0,0,142
2791,4,0,0,27,28,4,0,0,0,171
2792,5,0,0,25,13,0,0,0,0,118
2793,3,0,0,14,9,0,0,0,0,55
2794,0,0,0,0,1,0,0,0,0,0
2795,6,0,0,44,28,0,0,0,0,330
2796,3,0,0,30,34,1,0,0,0,160
2797,2,0,0,6,6,0,0,1,0,67
2798,0,0,0,29,49,21,1,0,0,97
2799,3,0,0,25,11,1,0,0,0,199
2800,3,0,0,23,19,8,0,0,0,153
2801,0,0,0,0,2,0,0,0,0,6
2802,4,0,0,37,30,14,0,0,0,65
2803,4,1,1,19,18,1,0,1,0,92
2804,6,0,0,39,7,4,0,1,0,134
2805,1,0,0,15,24,5,0,0,0,92
2806,2,0,0,0,5,0,0,0,0,186
2807,0,0,0,2,2,0,0,0,0,12
2808,3,1,0,21,26,1,1,1,0,97
2809,0,0,0,0,0,0,0,0,0,5
2810,2,0,0,12,45,7,0,0,0,154
2811,0,0,0,9,4,1,0,0,0,153
2812,0,0,0,4,0,0,0,0,0,11
2813,0,0,0,2,1,1,0,0,0,6
2814,3,0,0,19,15,4,0,0,0,94
2815,1,0,0,2,1,0,0,1,0,47
2816,0,0,0,7,2,0,0,0,0,33
2817,3,0,0,17,6,0,0,0,0,210
2818,5,0,0,32,11,2,0,0,0,214
2819,1,0,0,14,11,1,0,0,0,65
2820,6,0,0,37,17,0,0,0,0,187
2821,0,0,0,1,9,1,0,0,0,56
2822,0,0,0,1,1,1,0,0,0,15
2823,5,0,0,52,39,5,0,0,0,145
