Unnamed: 0,Playing Time,Playing Time.1,Playing Time.2,Playing Time.3
Rk,MP,Starts,Min,90s
1,2,0,11,0.1
2,22,20,1777,19.7
3,2,0,18,0.2
4,33,33,2889,32.1
5,3,0,60,0.7
6,18,15,1320,14.7
7,38,32,2963,32.9
8,24,9,912,10.1
9,1,0,2,0
10,14,14,1260,14
11,14,14,1222,13.6
12,22,12,1040,11.6
13,5,0,60,0.7
14,14,2,441,4.9
15,32,32,2813,31.3
16,7,0,100,1.1
17,30,26,2330,25.9
18,36,30,2667,29.6
19,27,21,1850,20.6
20,18,3,479,5.3
21,33,33,2953,32.8
22,3,0,36,0.4
23,35,25,2418,26.9
24,1,0,10,0.1
25,3,3,270,3
26,26,16,1558,17.3
27,12,9,800,8.9
28,15,8,701,7.8
29,29,14,1356,15.1
30,35,35,3147,35
31,12,7,559,6.2
32,33,27,2225,24.7
33,6,3,252,2.8
34,20,10,899,10
35,5,2,129,1.4
36,27,26,2146,23.8
37,2,0,36,0.4
38,25,14,1289,14.3
39,31,31,2664,29.6
40,21,16,1404,15.6
41,3,2,187,2.1
42,33,31,2780,30.9
43,35,34,2967,33
44,28,26,2350,26.1
45,13,10,865,9.6
46,9,0,146,1.6
47,10,9,797,8.9
48,10,4,378,4.2
49,32,6,1056,11.7
50,16,14,1184,13.2
51,32,30,2675,29.7
52,22,17,1505,16.7
53,1,1,73,0.8
54,25,12,1245,13.8
55,35,34,3025,33.6
56,34,33,2618,29.1
57,35,35,3115,34.6
58,31,17,1746,19.4
59,27,19,1544,17.2
60,13,8,909,10.1
61,24,20,1854,20.6
62,30,25,2165,24.1
63,17,14,1299,14.4
64,25,25,2240,24.9
65,22,6,827,9.2
66,2,0,48,0.5
67,22,15,1366,15.2
68,1,0,16,0.2
69,36,34,3031,33.7
70,2,0,34,0.4
71,21,1,348,3.9
72,36,29,2461,27.3
73,1,0,15,0.2
74,33,33,2970,33
75,12,12,1080,12
76,24,23,2051,22.8
77,15,7,620,6.9
78,34,28,2429,27
79,13,11,960,10.7
80,27,17,1568,17.4
81,23,22,1948,21.6
82,19,18,1632,18.1
83,15,10,896,10
84,24,20,1504,16.7
85,2,1,116,1.3
86,1,0,45,0.5
87,12,8,722,8
88,13,10,813,9
89,23,5,753,8.4
90,1,0,2,0
91,29,20,1890,21
92,25,23,2089,23.2
93,31,28,2441,27.1
94,23,7,800,8.9
95,31,30,2730,30.3
96,3,2,192,2.1
97,3,1,72,0.8
98,1,0,4,0
99,2,0,3,0
100,16,14,1126,12.5
101,2,2,180,2
102,35,35,2885,32.1
103,29,29,2526,28.1
104,26,21,1672,18.6
105,1,1,90,1
106,2,1,135,1.5
107,14,11,901,10
108,26,24,2161,24
109,1,0,5,0.1
110,1,0,13,0.1
111,31,20,1947,21.6
112,31,30,2711,30.1
113,4,0,26,0.3
114,26,24,1974,21.9
115,5,2,232,2.6
116,30,23,1781,19.8
117,34,21,1731,19.2
118,22,16,1556,17.3
119,1,0,26,0.3
120,34,33,2983,33.1
121,21,20,1669,18.5
122,28,17,1496,16.6
123,33,26,2426,27
124,24,16,1510,16.8
125,34,30,2807,31.2
126,36,36,3240,36
127,1,1,90,1
128,13,2,294,3.3
129,4,0,47,0.5
130,1,0,5,0.1
131,33,32,2764,30.7
132,30,30,2585,28.7
133,10,0,112,1.2
134,8,0,135,1.5
135,7,6,585,6.5
136,30,25,1818,20.2
137,9,1,224,2.5
138,13,8,762,8.5
139,36,36,3240,36
140,35,21,1869,20.8
141,6,0,95,1.1
142,33,33,2864,31.8
143,17,11,828,9.2
144,12,9,838,9.3
145,18,13,956,10.6
146,29,26,2332,25.9
147,37,37,3330,37
148,37,37,3216,35.7
149,3,0,36,0.4
150,23,21,1957,21.7
151,19,19,1605,17.8
152,5,0,138,1.5
153,8,2,202,2.2
154,21,16,1359,15.1
155,6,6,500,5.6
156,33,23,2096,23.3
157,19,7,796,8.8
158,38,38,3399,37.8
159,2,1,101,1.1
160,26,24,2188,24.3
161,7,3,296,3.3
162,23,9,786,8.7
163,31,29,2610,29
164,30,29,2408,26.8
165,30,30,2700,30
166,6,2,137,1.5
167,22,4,543,6
168,30,18,1616,18
169,30,25,2141,23.8
170,12,10,916,10.2
171,1,1,90,1
172,32,23,1964,21.8
173,26,18,1694,18.8
174,32,31,2678,29.8
175,2,2,180,2
176,7,0,56,0.6
177,14,13,1198,13.3
178,25,12,1197,13.3
179,32,32,2787,31
180,20,10,920,10.2
181,23,17,1689,18.8
182,21,19,1634,18.2
183,24,6,662,7.4
184,3,1,165,1.8
185,16,16,1347,15
186,38,34,2985,33.2
187,15,12,1046,11.6
188,38,37,3050,33.9
189,11,10,921,10.2
190,15,14,1145,12.7
191,34,12,1372,15.2
192,34,32,2765,30.7
193,32,31,2659,29.5
194,4,3,250,2.8
195,1,1,90,1
196,14,4,432,4.8
197,26,19,1682,18.7
198,4,3,274,3
199,36,32,2896,32.2
200,1,0,27,0.3
201,33,17,1433,15.9
202,24,18,1531,17
203,2,0,42,0.5
204,26,9,977,10.9
205,22,15,1331,14.8
206,25,22,1945,21.6
207,1,1,90,1
208,27,26,2235,24.8
209,3,1,85,0.9
210,29,27,2303,25.6
211,31,13,1307,14.5
212,16,13,1108,12.3
213,38,34,2921,32.5
214,30,28,2584,28.7
215,6,3,320,3.6
216,19,19,1694,18.8
217,15,3,396,4.4
218,31,31,2576,28.6
219,34,32,2601,28.9
220,1,0,35,0.4
221,33,33,2922,32.5
222,22,19,1522,16.9
223,2,0,63,0.7
224,18,7,728,8.1
225,32,29,2492,27.7
226,15,2,355,3.9
227,31,31,2790,31
228,17,12,1072,11.9
229,31,28,2369,26.3
230,21,0,370,4.1
231,31,29,2614,29
232,5,0,36,0.4
233,32,23,2200,24.4
234,35,32,2780,30.9
235,18,15,1106,12.3
236,20,18,1640,18.2
237,36,36,3100,34.4
238,19,4,524,5.8
239,26,8,892,9.9
240,3,0,79,0.9
241,3,0,10,0.1
242,14,7,596,6.6
243,1,0,30,0.3
244,35,33,2727,30.3
245,16,16,1266,14.1
246,22,7,798,8.9
247,36,25,2086,23.2
248,25,24,2089,23.2
249,29,19,1697,18.9
250,35,33,2888,32.1
251,32,13,1399,15.5
252,1,0,7,0.1
253,24,19,1703,18.9
254,1,0,7,0.1
255,37,32,2607,29
256,18,15,1214,13.5
257,5,0,42,0.5
258,14,12,936,10.4
259,18,14,1170,13
260,32,19,1579,17.5
261,12,9,660,7.3
262,7,1,150,1.7
263,38,38,3420,38
264,31,30,2651,29.5
265,1,0,2,0
266,3,1,73,0.8
267,6,0,149,1.7
268,21,17,1326,14.7
269,30,14,1391,15.5
270,23,15,1239,13.8
271,25,20,1811,20.1
272,6,2,264,2.9
273,9,6,548,6.1
274,33,27,2324,25.8
275,30,21,1816,20.2
276,34,33,2894,32.2
277,7,5,407,4.5
278,1,0,28,0.3
279,30,28,2475,27.5
280,2,1,113,1.3
281,23,21,1682,18.7
282,2,2,131,1.5
283,35,27,2278,25.3
284,31,29,2607,29
285,22,16,1363,15.1
286,15,13,1120,12.4
287,21,13,1208,13.4
288,24,17,1645,18.3
289,12,3,455,5.1
290,27,8,972,10.8
291,3,2,206,2.3
292,38,38,3420,38
293,3,2,194,2.2
294,9,7,745,8.3
295,1,0,5,0.1
296,29,29,2598,28.9
297,18,4,615,6.8
298,1,1,90,1
299,4,2,188,2.1
300,19,1,270,3
301,2,1,92,1
302,2,2,128,1.4
303,21,19,1529,17
304,33,11,1245,13.8
305,35,31,2803,31.1
306,13,11,915,10.2
307,36,35,3111,34.6
308,27,19,1514,16.8
309,4,2,220,2.4
310,13,6,580,6.4
311,19,19,1637,18.2
312,36,32,2787,31
313,1,0,11,0.1
314,29,29,2368,26.3
315,23,10,911,10.1
316,9,2,251,2.8
317,31,23,2065,22.9
318,24,21,1863,20.7
319,2,2,124,1.4
320,27,20,1785,19.8
321,9,2,277,3.1
322,16,12,1110,12.3
323,24,17,1314,14.6
324,21,21,1879,20.9
325,34,27,2256,25.1
326,20,4,564,6.3
327,2,2,131,1.5
328,30,28,2469,27.4
329,26,23,2028,22.5
330,1,1,90,1
331,2,0,11,0.1
332,24,23,2083,23.1
333,37,37,3309,36.8
334,36,30,2720,30.2
335,25,22,1736,19.3
336,14,7,651,7.2
337,14,9,732,8.1
338,12,6,605,6.7
339,33,32,2815,31.3
340,33,33,2970,33
341,19,8,816,9.1
342,15,4,528,5.9
343,37,29,2552,28.4
344,1,0,11,0.1
345,38,30,2562,28.5
346,19,17,1545,17.2
347,35,35,3041,33.8
348,34,32,2694,29.9
349,14,5,651,7.2
350,5,0,61,0.7
351,4,1,116,1.3
352,26,14,1263,14
353,19,12,1052,11.7
354,29,11,1175,13.1
355,31,17,1495,16.6
356,16,9,909,10.1
357,11,11,962,10.7
358,1,0,15,0.2
359,20,20,1800,20
360,1,1,90,1
361,29,22,1814,20.2
362,33,33,2935,32.6
363,1,0,1,0
364,27,12,1128,12.5
365,16,14,1225,13.6
366,24,1,571,6.3
367,25,16,1321,14.7
368,1,0,3,0
369,38,38,3412,37.9
370,32,31,2774,30.8
371,21,16,1430,15.9
372,33,32,2813,31.3
373,33,29,2581,28.7
374,26,21,1616,18
375,2,0,24,0.3
376,12,4,475,5.3
377,31,30,2655,29.5
378,2,1,89,1
379,1,0,13,0.1
380,28,26,2265,25.2
381,16,7,669,7.4
382,13,12,1004,11.2
383,2,0,21,0.2
384,30,18,1625,18.1
385,8,8,720,8
386,26,8,977,10.9
387,12,9,858,9.5
388,14,12,1111,12.3
389,1,0,21,0.2
390,29,16,1373,15.3
391,1,0,15,0.2
392,25,14,1269,14.1
393,19,18,1665,18.5
394,27,23,2061,22.9
395,1,0,1,0
396,22,14,1317,14.6
397,24,11,1195,13.3
398,36,32,2517,28
399,1,1,90,1
400,1,1,90,1
401,1,0,22,0.2
402,1,1,90,1
403,20,15,1326,14.7
404,1,1,90,1
405,22,8,942,10.5
406,29,26,2238,24.9
407,33,32,2797,31.1
408,31,27,2074,23
409,20,20,1800,20
410,30,26,2252,25
411,25,9,929,10.3
412,5,4,361,4
413,10,9,759,8.4
414,28,26,2272,25.2
415,1,0,20,0.2
416,2,0,14,0.2
417,32,30,2647,29.4
418,3,1,66,0.7
419,6,1,111,1.2
420,25,17,1572,17.5
421,33,32,2813,31.3
422,33,30,2614,29
423,4,4,296,3.3
424,10,2,183,2
425,33,31,2665,29.6
426,20,6,664,7.4
427,25,20,1544,17.2
428,33,32,2871,31.9
429,23,19,1779,19.8
430,1,0,15,0.2
431,37,37,3290,36.6
432,35,28,2402,26.7
433,9,8,748,8.3
434,28,23,2133,23.7
435,31,28,2498,27.8
436,28,27,2299,25.5
437,35,28,2505,27.8
438,4,3,237,2.6
439,28,25,2131,23.7
440,35,24,2053,22.8
441,16,15,1185,13.2
442,1,1,90,1
443,30,23,1865,20.7
444,25,19,1697,18.9
445,29,19,1761,19.6
446,15,12,1085,12.1
447,32,31,2581,28.7
448,8,8,720,8
449,36,22,2029,22.5
450,3,0,53,0.6
451,14,0,355,3.9
452,33,32,2788,31
453,15,3,291,3.2
454,27,14,1342,14.9
455,30,25,2179,24.2
456,3,3,259,2.9
457,21,11,1002,11.1
458,18,4,392,4.4
459,1,1,90,1
460,13,11,950,10.6
461,4,3,255,2.8
462,27,12,1223,13.6
463,34,32,2901,32.2
464,28,28,2372,26.4
465,3,3,270,3
466,2,0,54,0.6
467,29,26,2031,22.6
468,7,2,204,2.3
469,27,27,2345,26.1
470,32,32,2880,32
471,24,22,1947,21.6
472,28,12,1181,13.1
473,26,23,1729,19.2
474,7,7,495,5.5
475,34,29,2332,25.9
476,19,4,568,6.3
477,36,27,2472,27.5
478,26,13,1375,15.3
479,25,17,1615,17.9
480,25,23,1738,19.3
481,3,3,270,3
482,29,28,2381,26.5
483,32,25,2298,25.5
484,36,36,3221,35.8
485,19,16,1465,16.3
486,23,3,369,4.1
487,11,11,899,10
488,25,19,1655,18.4
489,3,0,31,0.3
490,23,18,1622,18
491,23,8,801,8.9
492,1,0,13,0.1
493,11,9,897,10
494,13,9,744,8.3
495,29,24,2237,24.9
496,10,8,753,8.4
497,15,3,432,4.8
498,12,1,216,2.4
499,36,17,1570,17.4
500,33,30,2716,30.2
501,30,29,2547,28.3
502,21,13,1089,12.1
503,10,7,557,6.2
504,27,5,698,7.8
505,21,13,1101,12.2
506,17,16,1386,15.4
507,3,3,240,2.7
508,30,28,2210,24.6
509,27,27,2286,25.4
510,24,22,1837,20.4
511,32,26,2280,25.3
512,13,4,386,4.3
513,29,11,1165,12.9
514,10,4,316,3.5
515,23,14,1288,14.3
516,17,15,1371,15.2
517,2,0,20,0.2
518,28,13,1365,15.2
519,14,0,216,2.4
520,2,1,95,1.1
521,3,3,270,3
522,11,4,451,5
523,2,2,180,2
524,14,13,929,10.3
525,10,10,900,10
526,1,0,12,0.1
527,3,0,34,0.4
528,22,21,1891,21
529,30,21,1910,21.2
530,33,30,2521,28
531,35,30,2781,30.9
532,13,13,1145,12.7
533,37,37,3303,36.7
534,32,16,1474,16.4
535,17,11,835,9.3
536,25,18,1613,17.9
537,23,4,734,8.2
538,29,28,2591,28.8
539,2,2,180,2
540,4,1,94,1
541,1,0,17,0.2
542,29,23,1752,19.5
543,38,38,3292,36.6
544,17,9,791,8.8
545,37,37,3330,37
546,3,0,28,0.3
547,11,9,809,9
548,25,25,2185,24.3
549,22,7,736,8.2
550,1,0,9,0.1
551,25,23,2066,23
552,36,36,3240,36
553,3,1,95,1.1
554,7,3,216,2.4
555,21,17,1537,17.1
556,23,13,1090,12.1
557,16,15,1350,15
558,29,21,1898,21.1
559,36,29,2446,27.2
560,38,29,2393,26.6
561,28,25,1933,21.5
562,15,13,1136,12.6
563,1,0,7,0.1
564,29,25,2137,23.7
565,6,6,540,6
566,16,15,1208,13.4
567,6,1,110,1.2
568,8,1,158,1.8
569,7,2,208,2.3
570,2,0,42,0.5
571,11,3,320,3.6
572,22,13,1156,12.8
573,14,3,351,3.9
574,1,0,2,0
575,38,38,3420,38
576,34,34,3054,33.9
577,17,11,981,10.9
578,29,18,1687,18.7
579,3,2,184,2
580,22,22,1934,21.5
581,31,17,1506,16.7
582,38,38,3420,38
583,12,8,654,7.3
584,20,15,1369,15.2
585,34,34,3060,34
586,1,1,90,1
587,36,36,3170,35.2
588,23,20,1726,19.2
589,34,22,2155,23.9
590,2,0,26,0.3
591,26,23,1962,21.8
592,30,26,2175,24.2
593,27,27,2242,24.9
594,1,0,1,0
595,23,18,1466,16.3
596,37,37,3244,36
597,23,11,1024,11.4
598,1,0,18,0.2
599,27,25,2149,23.9
600,13,8,801,8.9
601,2,0,25,0.3
602,11,0,196,2.2
603,7,0,108,1.2
604,13,2,410,4.6
605,28,26,2259,25.1
606,17,15,1173,13
607,19,7,699,7.8
608,30,30,2661,29.6
609,25,12,1117,12.4
610,22,11,999,11.1
611,25,15,1357,15.1
612,3,3,270,3
613,21,15,1258,14
614,2,0,37,0.4
615,38,38,3409,37.9
616,21,10,1090,12.1
617,35,18,1773,19.7
618,23,15,1477,16.4
619,34,32,2916,32.4
620,15,15,1350,15
621,2,1,69,0.8
622,9,9,774,8.6
623,2,1,104,1.2
624,5,4,323,3.6
625,12,9,821,9.1
626,27,24,1903,21.1
627,25,25,2250,25
628,26,14,1160,12.9
629,3,2,208,2.3
630,37,29,2354,26.2
631,23,22,1763,19.6
632,20,14,1346,15
633,25,17,1423,15.8
634,15,1,277,3.1
635,2,0,33,0.4
636,30,22,1860,20.7
637,22,22,1925,21.4
638,25,23,1997,22.2
639,15,9,853,9.5
640,36,36,3201,35.6
641,1,0,24,0.3
642,29,14,1467,16.3
643,29,25,2143,23.8
644,8,6,496,5.5
645,25,19,1754,19.5
646,26,25,2103,23.4
647,28,14,1337,14.9
648,12,4,360,4
649,12,7,615,6.8
650,26,5,652,7.2
651,1,0,11,0.1
652,24,19,1779,19.8
653,20,14,1286,14.3
654,1,0,40,0.4
655,18,9,906,10.1
656,1,0,7,0.1
657,8,2,262,2.9
658,30,30,2482,27.6
659,8,2,266,3
660,5,0,100,1.1
661,16,6,677,7.5
662,30,19,1774,19.7
663,15,10,940,10.4
664,29,20,1744,19.4
665,30,19,1498,16.6
666,24,20,1590,17.7
667,31,31,2614,29
668,33,28,2503,27.8
669,10,6,524,5.8
670,9,6,474,5.3
671,5,1,115,1.3
672,15,14,1120,12.4
673,2,1,77,0.9
674,5,3,191,2.1
675,37,33,2923,32.5
676,1,0,14,0.2
677,22,15,1356,15.1
678,2,1,100,1.1
679,1,0,11,0.1
680,30,23,1909,21.2
681,29,22,1606,17.8
682,13,7,598,6.6
683,27,11,874,9.7
684,2,1,79,0.9
685,11,6,500,5.6
686,11,6,475,5.3
687,36,36,3240,36
688,27,23,1853,20.6
689,4,0,14,0.2
690,16,1,292,3.2
691,36,35,2930,32.6
692,1,0,18,0.2
693,32,28,2388,26.5
694,16,14,1189,13.2
695,26,24,2079,23.1
696,22,17,1490,16.6
697,3,2,166,1.8
698,1,0,14,0.2
699,32,27,2322,25.8
700,4,1,143,1.6
701,22,10,1020,11.3
702,5,5,440,4.9
703,1,0,3,0
704,20,15,1235,13.7
705,13,2,197,2.2
706,30,26,2360,26.2
707,6,5,404,4.5
708,32,32,2843,31.6
709,12,3,389,4.3
710,18,7,658,7.3
711,27,15,1228,13.6
712,17,7,828,9.2
713,23,10,970,10.8
714,28,28,2520,28
715,7,6,471,5.2
716,30,30,2681,29.8
717,5,5,370,4.1
718,20,18,1481,16.5
719,12,5,529,5.9
720,35,29,2613,29
721,1,0,15,0.2
722,8,1,108,1.2
723,27,10,1133,12.6
724,36,20,1749,19.4
725,18,15,1381,15.3
726,33,28,2324,25.8
727,32,24,2023,22.5
728,1,0,12,0.1
729,2,1,135,1.5
730,1,0,1,0
731,29,24,2011,22.3
732,17,8,873,9.7
733,34,34,2941,32.7
734,27,15,1240,13.8
735,20,16,1524,16.9
736,30,29,2552,28.4
737,33,28,2625,29.2
738,35,35,3120,34.7
739,34,33,2768,30.8
740,22,4,529,5.9
741,17,13,1240,13.8
742,30,26,2313,25.7
743,25,21,1928,21.4
744,18,3,452,5
745,28,28,2520,28
746,4,4,360,4
747,28,15,1255,13.9
748,2,1,50,0.6
749,6,0,62,0.7
750,3,1,97,1.1
751,37,37,3330,37
752,23,22,1996,22.2
753,12,9,817,9.1
754,30,13,1327,14.7
755,29,29,2443,27.1
756,33,30,2627,29.2
757,7,3,333,3.7
758,3,0,45,0.5
759,7,0,101,1.1
760,23,7,779,8.7
761,23,9,899,10
762,27,24,2222,24.7
763,18,11,1136,12.6
764,36,36,3148,35
765,9,1,177,2
766,1,0,1,0
767,6,1,173,1.9
768,24,12,1064,11.8
769,27,11,1233,13.7
770,15,15,1350,15
771,29,27,2363,26.3
772,1,0,19,0.2
773,29,23,2060,22.9
774,31,29,2545,28.3
775,37,35,2903,32.3
776,13,13,1170,13
777,32,32,2537,28.2
778,1,1,62,0.7
779,20,8,773,8.6
780,15,14,1255,13.9
781,4,2,162,1.8
782,19,12,1068,11.9
783,33,33,2931,32.6
784,3,3,270,3
785,21,19,1480,16.4
786,2,0,55,0.6
787,27,22,2029,22.5
788,20,14,1132,12.6
789,27,20,1824,20.3
790,30,25,2144,23.8
791,3,0,52,0.6
792,6,3,260,2.9
793,38,38,3420,38
794,2,0,52,0.6
795,36,36,3240,36
796,5,1,118,1.3
797,31,30,2629,29.2
798,2,0,33,0.4
799,33,33,2942,32.7
800,2,0,16,0.2
801,21,15,1133,12.6
802,32,26,2299,25.5
803,2,0,88,1
804,2,2,155,1.7
805,30,19,1799,20
806,33,3,740,8.2
807,14,8,839,9.3
808,23,17,1544,17.2
809,23,22,1884,20.9
810,29,29,2536,28.2
811,8,6,468,5.2
812,18,3,555,6.2
813,31,16,1440,16
814,34,34,2991,33.2
815,1,0,2,0
816,22,3,354,3.9
817,4,4,219,2.4
818,38,23,2311,25.7
819,16,4,456,5.1
820,33,33,2955,32.8
821,27,13,1404,15.6
822,26,17,1385,15.4
823,27,19,1798,20
824,4,0,26,0.3
825,24,4,733,8.1
826,5,5,450,5
827,23,7,857,9.5
828,9,7,565,6.3
829,32,31,2601,28.9
830,4,3,231,2.6
831,27,19,1768,19.6
832,25,12,1168,13
833,1,1,90,1
834,11,9,883,9.8
835,28,28,2473,27.5
836,31,27,2455,27.3
837,16,6,729,8.1
838,34,29,2559,28.4
839,1,1,90,1
840,35,35,3150,35
841,30,28,2567,28.5
842,22,19,1507,16.7
843,21,7,877,9.7
844,6,0,63,0.7
845,4,0,43,0.5
846,33,33,2899,32.2
847,1,0,21,0.2
848,22,22,1876,20.8
849,36,33,2891,32.1
850,34,29,2637,29.3
851,11,4,358,4
852,8,1,217,2.4
853,1,0,23,0.3
854,8,4,369,4.1
855,34,33,2891,32.1
856,21,12,1139,12.7
857,29,17,1514,16.8
858,3,1,107,1.2
859,2,0,21,0.2
860,7,6,431,4.8
861,17,9,955,10.6
862,11,2,339,3.8
863,6,5,406,4.5
864,33,33,2622,29.1
865,31,23,2057,22.9
866,14,10,909,10.1
867,29,29,2610,29
868,31,14,1572,17.5
869,33,33,2957,32.9
870,37,35,3099,34.4
871,14,9,841,9.3
872,29,29,2610,29
873,25,21,1946,21.6
874,22,22,1980,22
875,16,16,1440,16
876,12,4,369,4.1
877,5,2,143,1.6
878,11,4,390,4.3
879,24,24,2079,23.1
880,25,24,2073,23
881,21,12,1188,13.2
882,31,28,2546,28.3
883,12,11,880,9.8
884,37,29,2527,28.1
885,18,14,1190,13.2
886,13,2,300,3.3
887,34,31,2577,28.6
888,1,1,90,1
889,30,28,2396,26.6
890,3,0,62,0.7
891,17,4,544,6
892,36,33,2838,31.5
893,7,3,289,3.2
894,31,29,2575,28.6
895,3,3,270,3
896,4,4,360,4
897,2,0,43,0.5
898,21,18,1538,17.1
899,1,0,45,0.5
900,28,17,1616,18
901,16,11,1070,11.9
902,30,25,2309,25.7
903,28,27,2262,25.1
904,4,3,315,3.5
905,35,35,2873,31.9
906,37,37,3324,36.9
907,1,0,1,0
908,32,24,2175,24.2
909,4,4,320,3.6
910,14,7,652,7.2
911,36,36,3185,35.4
912,19,3,552,6.1
913,33,31,2572,28.6
914,29,20,1539,17.1
915,8,8,720,8
916,25,17,1509,16.8
917,18,16,1435,15.9
918,1,0,15,0.2
919,1,1,80,0.9
920,6,5,409,4.5
921,23,11,1021,11.3
922,32,32,2663,29.6
923,16,13,1168,13
924,15,8,689,7.7
925,21,19,1540,17.1
926,1,0,15,0.2
927,18,9,928,10.3
928,30,27,2390,26.6
929,14,6,569,6.3
930,34,32,2712,30.1
931,32,31,2785,30.9
932,34,34,3060,34
933,10,4,436,4.8
934,37,22,2186,24.3
935,9,8,702,7.8
936,33,33,2725,30.3
937,19,10,877,9.7
938,10,8,727,8.1
939,35,32,2932,32.6
940,5,5,450,5
941,2,2,133,1.5
942,8,7,557,6.2
943,16,10,870,9.7
944,23,7,822,9.1
945,28,14,1232,13.7
946,28,22,1956,21.7
947,15,9,768,8.5
948,12,4,430,4.8
949,37,34,3065,34.1
950,30,28,2531,28.1
951,22,8,806,9
952,27,10,1077,12
953,28,20,1581,17.6
954,24,16,1304,14.5
955,11,5,437,4.9
956,21,13,1117,12.4
957,27,21,1920,21.3
958,35,35,3150,35
959,6,3,383,4.3
960,25,10,1124,12.5
961,8,5,504,5.6
962,34,21,1743,19.4
963,37,33,2718,30.2
964,2,0,16,0.2
965,17,13,1242,13.8
966,24,21,1851,20.6
967,1,0,3,0
968,18,4,514,5.7
969,8,8,720,8
970,1,0,12,0.1
971,10,2,303,3.4
972,26,26,2295,25.5
973,23,5,687,7.6
974,34,34,3032,33.7
975,1,0,25,0.3
976,9,9,658,7.3
977,22,13,1033,11.5
978,29,21,1936,21.5
979,24,6,857,9.5
980,27,25,2021,22.5
981,14,2,294,3.3
982,6,0,46,0.5
983,28,17,1613,17.9
984,23,14,1358,15.1
985,11,3,289,3.2
986,10,9,809,9
987,11,4,414,4.6
988,13,4,430,4.8
989,34,34,3060,34
990,4,4,360,4
991,5,3,261,2.9
992,11,3,407,4.5
993,11,1,215,2.4
994,34,34,3060,34
995,34,29,2668,29.6
996,17,8,748,8.3
997,13,3,359,4
998,36,36,3206,35.6
999,27,20,1644,18.3
1000,31,29,2685,29.8
1001,28,28,2508,27.9
1002,7,0,140,1.6
1003,15,6,475,5.3
1004,25,19,1857,20.6
1005,30,26,2341,26
1006,25,25,2156,24
1007,21,12,1069,11.9
1008,2,0,19,0.2
1009,28,17,1570,17.4
1010,34,17,1666,18.5
1011,13,4,424,4.7
1012,7,6,590,6.6
1013,31,31,2689,29.9
1014,35,29,2563,28.5
1015,10,9,666,7.4
1016,18,11,914,10.2
1017,9,9,719,8
1018,29,4,792,8.8
1019,5,5,450,5
1020,22,22,1980,22
1021,25,18,1480,16.4
1022,26,10,967,10.7
1023,32,32,2831,31.5
1024,27,25,2263,25.1
1025,19,15,1280,14.2
1026,15,10,934,10.4
1027,1,1,90,1
1028,2,1,47,0.5
1029,3,1,88,1
1030,24,18,1705,18.9
1031,32,28,2382,26.5
1032,32,30,2523,28
1033,34,31,2747,30.5
1034,32,32,2835,31.5
1035,33,33,2823,31.4
1036,21,14,1127,12.5
1037,23,13,1177,13.1
1038,26,26,2272,25.2
1039,1,0,19,0.2
1040,10,5,442,4.9
1041,33,9,961,10.7
1042,26,24,2185,24.3
1043,8,8,720,8
1044,31,21,1822,20.2
1045,24,9,835,9.3
1046,23,12,1078,12
1047,24,8,890,9.9
1048,36,32,2604,28.9
1049,31,27,2313,25.7
1050,4,4,360,4
1051,26,22,1879,20.9
1052,23,17,1468,16.3
1053,34,27,2484,27.6
1054,3,2,148,1.6
1055,1,0,1,0
1056,28,23,2084,23.2
1057,37,37,3330,37
1058,24,17,1318,14.6
1059,29,19,1795,19.9
1060,30,10,1041,11.6
1061,31,27,2287,25.4
1062,24,19,1818,20.2
1063,27,25,2218,24.6
1064,3,0,29,0.3
1065,15,11,1128,12.5
1066,31,25,2081,23.1
1067,26,19,1454,16.2
1068,32,22,2058,22.9
1069,10,1,208,2.3
1070,20,7,747,8.3
1071,13,13,1114,12.4
1072,25,21,1988,22.1
1073,33,21,1754,19.5
1074,27,19,1764,19.6
1075,33,33,2970,33
1076,27,22,1954,21.7
1077,24,14,1377,15.3
1078,28,23,2029,22.5
1079,34,34,3060,34
1080,27,21,1768,19.6
1081,17,8,831,9.2
1082,2,0,2,0
1083,36,33,2862,31.8
1084,24,22,1825,20.3
1085,6,3,316,3.5
1086,37,32,2851,31.7
1087,28,27,2407,26.7
1088,14,5,486,5.4
1089,21,14,1370,15.2
1090,1,0,11,0.1
1091,24,9,845,9.4
1092,29,24,2037,22.6
1093,31,21,1905,21.2
1094,25,24,2132,23.7
1095,37,29,2665,29.6
1096,16,10,937,10.4
1097,24,19,1651,18.3
1098,23,7,849,9.4
1099,29,19,1769,19.7
1100,37,37,3240,36
1101,14,2,333,3.7
1102,28,25,2101,23.3
1103,2,0,32,0.4
1104,36,34,2847,31.6
1105,22,20,1681,18.7
1106,29,26,2288,25.4
1107,22,20,1762,19.6
1108,7,7,630,7
1109,27,18,1520,16.9
1110,24,22,1942,21.6
1111,14,7,532,5.9
1112,16,8,654,7.3
1113,19,15,1290,14.3
1114,4,3,263,2.9
1115,18,3,460,5.1
1116,1,1,90,1
1117,21,14,1369,15.2
1118,13,12,1125,12.5
1119,21,20,1704,18.9
1120,22,17,1422,15.8
1121,13,5,540,6
1122,13,3,373,4.1
1123,18,8,924,10.3
1124,19,6,675,7.5
1125,16,15,1377,15.3
1126,22,19,1625,18.1
1127,31,30,2578,28.6
1128,24,24,2026,22.5
1129,23,18,1597,17.7
1130,16,3,427,4.7
1131,33,33,2933,32.6
1132,33,27,2189,24.3
1133,31,18,1851,20.6
1134,16,8,682,7.6
1135,33,32,2958,32.9
1136,32,25,2310,25.7
1137,27,9,876,9.7
1138,27,10,1204,13.4
1139,31,27,2212,24.6
1140,37,36,3114,34.6
1141,11,10,758,8.4
1142,29,24,2117,23.5
1143,29,29,2527,28.1
1144,16,16,1395,15.5
1145,17,10,952,10.6
1146,12,5,577,6.4
1147,31,30,2729,30.3
1148,24,21,1817,20.2
1149,3,1,53,0.6
1150,30,28,2558,28.4
1151,33,22,2089,23.2
1152,28,26,2287,25.4
1153,5,0,145,1.6
1154,36,28,2458,27.3
1155,22,15,1305,14.5
1156,29,20,1768,19.6
1157,34,34,3009,33.4
1158,3,0,35,0.4
1159,4,3,225,2.5
1160,29,29,2565,28.5
1161,11,1,272,3
1162,6,6,525,5.8
1163,23,10,1059,11.8
1164,1,0,38,0.4
1165,33,32,2813,31.3
1166,20,5,589,6.5
1167,9,7,588,6.5
1168,24,20,1768,19.6
1169,38,38,3420,38
1170,16,13,1193,13.3
1171,18,18,1560,17.3
1172,30,28,2398,26.6
1173,4,1,156,1.7
1174,13,10,928,10.3
1175,29,29,2610,29
1176,19,18,1493,16.6
1177,20,11,1079,12
1178,3,0,27,0.3
1179,3,3,238,2.6
1180,1,0,10,0.1
1181,10,7,605,6.7
1182,28,15,1411,15.7
1183,21,13,1168,13
1184,25,16,1459,16.2
1185,37,26,2177,24.2
1186,12,3,312,3.5
1187,14,4,542,6
1188,29,19,1835,20.4
1189,28,17,1526,17
1190,6,6,337,3.7
1191,27,17,1578,17.5
1192,35,34,2849,31.7
1193,34,23,2335,25.9
1194,14,6,576,6.4
1195,29,26,2173,24.1
1196,30,24,1963,21.8
1197,35,33,2865,31.8
1198,30,17,1599,17.8
1199,20,17,1587,17.6
1200,28,22,1819,20.2
1201,36,34,2835,31.5
1202,34,30,2340,26
1203,25,8,908,10.1
1204,17,14,1297,14.4
1205,13,8,767,8.5
1206,30,17,1542,17.1
1207,30,11,1277,14.2
1208,1,0,9,0.1
1209,25,24,2004,22.3
1210,10,6,526,5.8
1211,21,6,528,5.9
1212,1,0,34,0.4
1213,23,18,1726,19.2
1214,15,11,910,10.1
1215,32,25,2373,26.4
1216,2,1,3,0
1217,19,14,1220,13.6
1218,35,29,2409,26.8
1219,8,3,269,3
1220,27,12,1014,11.3
1221,8,8,720,8
1222,17,4,441,4.9
1223,27,18,1666,18.5
1224,23,6,580,6.4
1225,4,3,284,3.2
1226,3,2,152,1.7
1227,13,1,377,4.2
1228,2,0,24,0.3
1229,29,22,2063,22.9
1230,5,0,157,1.7
1231,10,10,823,9.1
1232,27,16,1291,14.3
1233,6,0,65,0.7
1234,31,23,1983,22
1235,14,12,997,11.1
1236,14,5,523,5.8
1237,37,37,3330,37
1238,24,13,1179,13.1
1239,37,35,3154,35
1240,34,14,1268,14.1
1241,22,9,871,9.7
1242,35,28,2406,26.7
1243,28,23,2010,22.3
1244,33,24,1926,21.4
1245,17,12,1110,12.3
1246,13,8,689,7.7
1247,37,34,3026,33.6
1248,29,21,1966,21.8
1249,17,7,668,7.4
1250,23,18,1398,15.5
1251,19,12,1112,12.4
1252,29,6,802,8.9
1253,4,2,149,1.7
1254,18,8,894,9.9
1255,16,5,604,6.7
1256,35,20,1789,19.9
1257,35,22,1969,21.9
1258,23,23,2070,23
1259,5,0,46,0.5
1260,35,33,2615,29.1
1261,9,9,801,8.9
1262,14,14,1243,13.8
1263,29,6,917,10.2
1264,20,17,1588,17.6
1265,33,24,2009,22.3
1266,6,2,195,2.2
1267,8,6,447,5
1268,35,30,2394,26.6
1269,33,23,2136,23.7
1270,1,1,73,0.8
1271,28,13,1218,13.5
1272,19,15,1063,11.8
1273,1,0,45,0.5
1274,20,14,964,10.7
1275,13,7,727,8.1
1276,32,28,2356,26.2
1277,11,2,315,3.5
1278,10,7,557,6.2
1279,8,8,720,8
1280,35,35,2894,32.2
1281,36,34,2960,32.9
1282,5,2,219,2.4
1283,27,24,1932,21.5
1284,35,35,3082,34.2
1285,2,2,132,1.5
1286,24,15,1262,14
1287,30,24,2146,23.8
1288,1,0,18,0.2
1289,24,16,1294,14.4
1290,1,0,1,0
1291,19,10,1037,11.5
1292,1,0,32,0.4
1293,4,3,292,3.2
1294,34,28,2544,28.3
1295,21,12,1111,12.3
1296,24,24,2160,24
1297,2,0,15,0.2
1298,26,22,1698,18.9
1299,35,33,2991,33.2
1300,5,1,119,1.3
1301,24,16,1616,18
1302,1,0,6,0.1
1303,10,7,520,5.8
1304,12,4,498,5.5
1305,2,2,180,2
1306,1,0,16,0.2
1307,1,0,2,0
1308,32,32,2727,30.3
1309,28,18,1471,16.3
1310,4,1,79,0.9
1311,37,36,3226,35.8
1312,1,0,5,0.1
1313,1,0,28,0.3
1314,17,5,606,6.7
1315,22,16,1181,13.1
1316,27,23,1818,20.2
1317,9,4,395,4.4
1318,37,36,3087,34.3
1319,6,4,381,4.2
1320,18,14,1310,14.6
1321,27,25,2194,24.4
1322,28,26,2303,25.6
1323,11,0,148,1.6
1324,23,16,1456,16.2
1325,28,28,2393,26.6
1326,3,3,222,2.5
1327,6,1,137,1.5
1328,4,0,51,0.6
1329,15,9,770,8.6
1330,18,2,421,4.7
1331,35,28,2393,26.6
1332,25,12,1198,13.3
1333,34,32,2709,30.1
1334,23,15,1446,16.1
1335,2,0,19,0.2
1336,19,8,813,9
1337,11,11,990,11
1338,4,0,71,0.8
1339,34,34,3042,33.8
1340,33,33,2970,33
1341,17,13,1132,12.6
1342,3,0,23,0.3
1343,14,4,459,5.1
1344,3,0,44,0.5
1345,17,14,1268,14.1
1346,7,2,260,2.9
1347,2,0,15,0.2
1348,37,34,3021,33.6
1349,4,0,94,1
1350,7,4,390,4.3
1351,1,1,90,1
1352,17,16,1426,15.8
1353,37,35,3029,33.7
1354,24,23,2036,22.6
1355,31,29,2613,29
1356,14,8,695,7.7
1357,27,13,1196,13.3
1358,25,4,611,6.8
1359,5,5,440,4.9
1360,15,12,1042,11.6
1361,33,21,1755,19.5
1362,3,1,73,0.8
1363,1,1,90,1
1364,36,35,3196,35.5
1365,26,25,2218,24.6
1366,30,29,2534,28.2
1367,1,1,90,1
1368,33,9,995,11.1
1369,6,0,118,1.3
1370,26,25,2209,24.5
1371,34,33,2975,33.1
1372,25,21,1964,21.8
1373,36,35,3121,34.7
1374,27,21,1815,20.2
1375,1,0,4,0
1376,16,14,1288,14.3
1377,28,26,2379,26.4
1378,28,23,2033,22.6
1379,6,2,223,2.5
1380,28,24,2117,23.5
1381,11,5,546,6.1
1382,25,5,723,8
1383,22,19,1629,18.1
1384,19,11,884,9.8
1385,13,2,299,3.3
1386,18,8,805,8.9
1387,28,28,2334,25.9
1388,2,0,30,0.3
1389,35,19,1923,21.4
1390,21,14,1363,15.1
1391,11,6,513,5.7
1392,26,12,1270,14.1
1393,34,31,2739,30.4
1394,19,15,1278,14.2
1395,28,6,687,7.6
1396,7,0,108,1.2
1397,18,12,1038,11.5
1398,9,4,341,3.8
1399,38,38,3256,36.2
1400,31,22,1923,21.4
1401,13,6,523,5.8
1402,30,29,2590,28.8
1403,38,38,3420,38
1404,32,30,2631,29.2
1405,3,1,84,0.9
1406,33,31,2768,30.8
1407,21,8,862,9.6
1408,21,21,1834,20.4
1409,30,16,1596,17.7
1410,23,5,717,8
1411,15,1,291,3.2
1412,11,11,886,9.8
1413,20,20,1626,18.1
1414,3,2,239,2.7
1415,17,5,566,6.3
1416,37,29,2563,28.5
1417,16,14,1344,14.9
1418,30,30,2659,29.5
1419,35,34,3132,34.8
1420,35,35,3150,35
1421,17,12,1103,12.3
1422,19,14,1267,14.1
1423,19,19,1625,18.1
1424,22,19,1681,18.7
1425,15,8,728,8.1
1426,29,21,1800,20
1427,29,16,1622,18
1428,14,10,870,9.7
1429,1,0,14,0.2
1430,25,19,1608,17.9
1431,22,13,1240,13.8
1432,32,27,2503,27.8
1433,32,30,2613,29
1434,28,7,816,9.1
1435,36,21,1816,20.2
1436,26,26,2306,25.6
1437,2,1,123,1.4
1438,33,30,2747,30.5
1439,23,13,1227,13.6
1440,7,3,255,2.8
1441,30,22,1924,21.4
1442,37,37,3313,36.8
1443,17,5,506,5.6
1444,28,28,2520,28
1445,32,32,2880,32
1446,29,23,2063,22.9
1447,32,30,2131,23.7
1448,34,34,3015,33.5
1449,18,5,644,7.2
1450,27,19,1366,15.2
1451,28,19,1703,18.9
1452,30,24,1934,21.5
1453,33,29,2475,27.5
1454,35,35,3131,34.8
1455,27,27,2248,25
1456,24,10,935,10.4
1457,28,6,748,8.3
1458,16,13,1159,12.9
1459,20,3,386,4.3
1460,1,0,10,0.1
1461,1,1,90,1
1462,24,18,1570,17.4
1463,29,28,2458,27.3
1464,24,20,1837,20.4
1465,21,12,1008,11.2
1466,1,0,30,0.3
1467,34,19,1829,20.3
1468,34,34,2993,33.3
1469,27,25,2220,24.7
1470,15,1,196,2.2
1471,12,2,378,4.2
1472,29,29,2585,28.7
1473,27,20,1832,20.4
1474,16,16,1421,15.8
1475,12,4,498,5.5
1476,19,17,1553,17.3
1477,18,15,1242,13.8
1478,15,14,1204,13.4
1479,1,1,90,1
1480,14,8,713,7.9
1481,3,0,52,0.6
1482,37,33,2956,32.8
1483,38,38,3420,38
1484,18,11,945,10.5
1485,15,0,154,1.7
1486,34,32,2883,32
1487,23,11,1129,12.5
1488,1,1,60,0.7
1489,30,21,1909,21.2
1490,2,1,135,1.5
1491,8,7,637,7.1
1492,11,1,210,2.3
1493,5,4,377,4.2
1494,22,15,1412,15.7
1495,34,31,2747,30.5
1496,38,38,3420,38
1497,28,23,1783,19.8
1498,22,10,1067,11.9
1499,17,5,481,5.3
1500,9,1,248,2.8
1501,29,22,1864,20.7
1502,4,2,134,1.5
1503,21,20,1817,20.2
1504,17,4,505,5.6
1505,26,15,1424,15.8
1506,4,3,256,2.8
1507,30,24,2123,23.6
1508,1,0,8,0.1
1509,33,28,2379,26.4
1510,24,14,1386,15.4
1511,8,7,550,6.1
1512,7,1,85,0.9
1513,34,34,3060,34
1514,29,18,1523,16.9
1515,32,23,1965,21.8
1516,2,0,40,0.4
1517,8,1,172,1.9
1518,16,11,1011,11.2
1519,21,18,1604,17.8
1520,2,1,49,0.5
1521,6,6,520,5.8
1522,33,32,2846,31.6
1523,38,30,2439,27.1
1524,36,25,2428,27
1525,9,2,241,2.7
1526,5,2,179,2
1527,11,2,168,1.9
1528,20,17,1396,15.5
1529,33,32,2781,30.9
1530,36,32,2884,32
1531,29,21,1855,20.6
1532,32,24,2106,23.4
1533,16,8,718,8
1534,28,23,2032,22.6
1535,23,22,1879,20.9
1536,31,31,2768,30.8
1537,23,21,1959,21.8
1538,31,29,2418,26.9
1539,1,0,20,0.2
1540,21,13,1115,12.4
1541,32,21,2026,22.5
1542,1,0,8,0.1
1543,1,0,6,0.1
1544,6,6,539,6
1545,31,24,2099,23.3
1546,1,0,6,0.1
1547,25,25,1964,21.8
1548,28,25,2181,24.2
1549,8,2,297,3.3
1550,33,26,2214,24.6
1551,10,7,440,4.9
1552,25,15,1510,16.8
1553,13,7,603,6.7
1554,34,34,3047,33.9
1555,2,1,66,0.7
1556,2,0,34,0.4
1557,27,23,1949,21.7
1558,16,13,1034,11.5
1559,2,0,30,0.3
1560,31,31,2693,29.9
1561,38,38,3420,38
1562,11,5,490,5.4
1563,15,14,1230,13.7
1564,15,9,810,9
1565,17,11,804,8.9
1566,1,1,90,1
1567,15,5,552,6.1
1568,7,0,105,1.2
1569,17,5,522,5.8
1570,35,34,2728,30.3
1571,17,12,1207,13.4
1572,1,0,19,0.2
1573,28,8,860,9.6
1574,5,2,207,2.3
1575,2,0,33,0.4
1576,5,0,29,0.3
1577,36,22,1876,20.8
1578,1,1,58,0.6
1579,31,30,2602,28.9
1580,35,25,2338,26
1581,14,8,699,7.8
1582,12,4,458,5.1
1583,27,25,2309,25.7
1584,33,33,2852,31.7
1585,37,37,3330,37
1586,29,24,2180,24.2
1587,28,27,2392,26.6
1588,10,3,398,4.4
1589,17,17,1525,16.9
1590,10,1,212,2.4
1591,35,31,2810,31.2
1592,1,1,90,1
1593,7,4,321,3.6
1594,24,24,2109,23.4
1595,35,32,2691,29.9
1596,9,9,810,9
1597,30,27,2298,25.5
1598,13,10,825,9.2
1599,6,2,294,3.3
1600,19,11,1077,12
1601,23,13,1170,13
1602,8,2,229,2.5
1603,23,11,1177,13.1
1604,13,7,623,6.9
1605,1,1,78,0.9
1606,16,12,1050,11.7
1607,34,34,2907,32.3
1608,21,19,1672,18.6
1609,4,4,334,3.7
1610,24,17,1561,17.3
1611,34,33,3014,33.5
1612,33,30,2645,29.4
1613,25,17,1520,16.9
1614,8,5,514,5.7
1615,22,18,1451,16.1
1616,10,10,900,10
1617,21,20,1765,19.6
1618,16,5,513,5.7
1619,24,16,1432,15.9
1620,5,1,93,1
1621,9,3,269,3
1622,37,35,2965,32.9
1623,28,22,2089,23.2
1624,24,19,1742,19.4
1625,1,0,1,0
1626,25,24,2128,23.6
1627,21,18,1588,17.6
1628,33,26,2198,24.4
1629,22,17,1480,16.4
1630,19,17,1540,17.1
1631,5,3,262,2.9
1632,2,1,96,1.1
1633,12,6,482,5.4
1634,14,7,589,6.5
1635,21,15,1483,16.5
1636,38,38,3420,38
1637,28,28,2519,28
1638,13,6,460,5.1
1639,19,4,466,5.2
1640,1,1,90,1
1641,38,30,2561,28.5
1642,7,6,540,6
1643,23,20,1551,17.2
1644,36,33,2966,33
1645,9,2,200,2.2
1646,4,2,133,1.5
1647,24,21,1762,19.6
1648,30,30,2563,28.5
1649,25,25,2250,25
1650,18,7,757,8.4
1651,3,0,32,0.4
1652,12,12,1006,11.2
1653,33,23,2037,22.6
1654,9,6,509,5.7
1655,22,18,1594,17.7
1656,10,3,314,3.5
1657,7,2,221,2.5
1658,15,12,997,11.1
1659,20,12,1106,12.3
1660,10,9,691,7.7
1661,3,3,220,2.4
1662,1,0,13,0.1
1663,1,0,24,0.3
1664,9,3,352,3.9
1665,1,0,36,0.4
1666,33,29,2512,27.9
1667,26,2,502,5.6
1668,35,23,2030,22.6
1669,21,19,1463,16.3
1670,22,8,820,9.1
1671,31,18,1551,17.2
1672,2,0,23,0.3
1673,11,2,257,2.9
1674,2,1,56,0.6
1675,22,19,1642,18.2
1676,31,27,2380,26.4
1677,8,5,428,4.8
1678,21,15,1160,12.9
1679,32,28,2210,24.6
1680,18,17,1466,16.3
1681,23,12,1324,14.7
1682,30,30,2700,30
1683,16,10,821,9.1
1684,37,37,3330,37
1685,35,28,2397,26.6
1686,34,18,1702,18.9
1687,36,34,3069,34.1
1688,32,24,2129,23.7
1689,11,6,511,5.7
1690,24,23,2007,22.3
1691,16,7,639,7.1
1692,30,30,2693,29.9
1693,1,0,5,0.1
1694,18,8,820,9.1
1695,14,11,920,10.2
1696,16,4,588,6.5
1697,1,0,9,0.1
1698,17,4,414,4.6
1699,14,3,389,4.3
1700,29,21,1853,20.6
1701,26,26,2328,25.9
1702,22,13,1157,12.9
1703,17,15,1297,14.4
1704,22,19,1626,18.1
1705,32,23,2243,24.9
1706,34,30,2671,29.7
1707,33,26,2090,23.2
1708,1,1,61,0.7
1709,2,0,76,0.8
1710,13,11,953,10.6
1711,31,31,2745,30.5
1712,1,1,90,1
1713,26,24,2208,24.5
1714,23,15,1459,16.2
1715,3,1,95,1.1
1716,1,0,5,0.1
1717,16,14,1300,14.4
1718,22,22,1980,22
1719,26,25,2154,23.9
1720,13,4,549,6.1
1721,6,4,418,4.6
1722,29,18,1459,16.2
1723,25,21,1761,19.6
1724,35,35,3150,35
1725,35,33,3023,33.6
1726,36,36,3215,35.7
1727,21,17,1472,16.4
1728,9,8,712,7.9
1729,10,3,351,3.9
1730,20,9,789,8.8
1731,22,10,946,10.5
1732,1,0,16,0.2
1733,2,0,39,0.4
1734,26,13,1154,12.8
1735,1,0,2,0
1736,1,0,15,0.2
1737,21,18,1538,17.1
1738,16,4,698,7.8
1739,34,34,3034,33.7
1740,15,14,1220,13.6
1741,32,32,2746,30.5
1742,5,5,450,5
1743,14,13,1133,12.6
1744,31,27,2359,26.2
1745,16,14,1253,13.9
1746,32,22,1981,22
1747,1,0,2,0
1748,3,0,21,0.2
1749,2,0,41,0.5
1750,26,11,1070,11.9
1751,34,29,2412,26.8
1752,24,23,1937,21.5
1753,10,9,711,7.9
1754,9,2,293,3.3
1755,36,36,3194,35.5
1756,27,23,1901,21.1
1757,38,32,2877,32
1758,26,19,1732,19.2
1759,25,4,675,7.5
1760,22,18,1652,18.4
1761,13,13,1153,12.8
1762,19,19,1710,19
1763,27,13,1402,15.6
1764,32,31,2784,30.9
1765,27,22,1797,20
1766,34,30,2745,30.5
1767,12,7,647,7.2
1768,7,3,293,3.3
1769,8,1,221,2.5
1770,35,32,2733,30.4
1771,32,26,2073,23
1772,27,17,1555,17.3
1773,18,12,1222,13.6
1774,6,0,94,1
1775,11,3,299,3.3
1776,17,14,1204,13.4
1777,2,1,153,1.7
1778,33,17,1615,17.9
1779,29,18,1828,20.3
1780,29,28,2315,25.7
1781,4,0,72,0.8
1782,34,30,2355,26.2
1783,1,0,1,0
1784,5,0,38,0.4
1785,36,28,2660,29.6
1786,10,4,357,4
1787,27,12,1153,12.8
1788,16,7,564,6.3
1789,26,23,2082,23.1
1790,2,0,4,0
1791,37,37,3330,37
1792,22,17,1362,15.1
1793,5,2,239,2.7
1794,11,6,500,5.6
1795,4,1,113,1.3
1796,3,0,18,0.2
1797,32,23,2014,22.4
1798,5,3,267,3
1799,30,16,1363,15.1
1800,28,28,2493,27.7
1801,5,2,193,2.1
1802,23,20,1786,19.8
1803,33,30,2673,29.7
1804,30,23,2019,22.4
1805,13,10,829,9.2
1806,3,0,18,0.2
1807,1,0,11,0.1
1808,26,9,991,11
1809,27,24,2050,22.8
1810,19,6,743,8.3
1811,14,2,422,4.7
1812,26,26,2276,25.3
1813,29,29,2610,29
1814,35,31,2680,29.8
1815,36,32,2890,32.1
1816,30,14,1411,15.7
1817,11,2,296,3.3
1818,33,28,2528,28.1
1819,1,1,82,0.9
1820,1,0,19,0.2
1821,2,2,103,1.1
1822,28,21,1677,18.6
1823,35,32,2870,31.9
1824,28,18,1672,18.6
1825,31,31,2790,31
1826,2,0,4,0
1827,32,31,2674,29.7
1828,4,0,40,0.4
1829,27,21,1928,21.4
1830,28,23,1943,21.6
1831,16,14,1210,13.4
1832,3,0,41,0.5
1833,36,16,1436,16
1834,31,31,2699,30
1835,27,7,832,9.2
1836,26,17,1626,18.1
1837,14,7,569,6.3
1838,14,8,715,7.9
1839,4,2,229,2.5
1840,1,0,34,0.4
1841,32,17,1530,17
1842,26,7,881,9.8
1843,35,35,3147,35
1844,3,0,47,0.5
1845,13,11,1037,11.5
1846,26,13,1122,12.5
1847,20,19,1674,18.6
1848,20,12,1216,13.5
1849,23,23,2044,22.7
1850,6,4,307,3.4
1851,18,13,1246,13.8
1852,23,21,1813,20.1
1853,24,22,2000,22.2
1854,25,20,1594,17.7
1855,1,0,2,0
1856,22,22,1841,20.5
1857,4,0,46,0.5
1858,13,9,749,8.3
1859,32,31,2737,30.4
1860,1,0,9,0.1
1861,23,23,2070,23
1862,15,14,1221,13.6
1863,1,0,35,0.4
1864,31,28,2375,26.4
1865,34,34,2827,31.4
1866,29,29,2520,28
1867,2,2,168,1.9
1868,28,9,1001,11.1
1869,1,0,12,0.1
1870,26,25,2176,24.2
1871,6,0,42,0.5
1872,33,28,2091,23.2
1873,28,3,551,6.1
1874,4,0,51,0.6
1875,35,29,2198,24.4
1876,2,0,71,0.8
1877,22,4,701,7.8
1878,7,7,630,7
1879,31,30,2550,28.3
1880,11,2,309,3.4
1881,33,33,2970,33
1882,33,30,2622,29.1
1883,22,21,1797,20
1884,36,31,2675,29.7
1885,18,15,1415,15.7
1886,31,29,2438,27.1
1887,15,2,296,3.3
1888,30,25,2307,25.6
1889,3,2,157,1.7
1890,16,13,1132,12.6
1891,32,32,2866,31.8
1892,10,9,663,7.4
1893,9,4,422,4.7
1894,1,0,22,0.2
1895,28,21,1737,19.3
1896,2,0,14,0.2
1897,33,22,2033,22.6
1898,25,24,2162,24
1899,1,0,23,0.3
1900,16,0,284,3.2
1901,17,8,593,6.6
1902,17,4,423,4.7
1903,18,16,1358,15.1
1904,2,1,81,0.9
1905,28,19,1892,21
1906,13,0,111,1.2
1907,21,8,712,7.9
1908,36,35,2597,28.9
1909,32,20,1771,19.7
1910,12,6,700,7.8
1911,2,2,180,2
1912,32,26,2220,24.7
1913,4,2,120,1.3
1914,1,1,90,1
1915,12,11,987,11
1916,25,23,2109,23.4
1917,20,19,1641,18.2
1918,5,1,141,1.6
1919,38,31,2943,32.7
1920,14,10,871,9.7
1921,31,28,2323,25.8
1922,25,21,1896,21.1
1923,34,33,2908,32.3
1924,2,2,180,2
1925,28,25,2102,23.4
1926,4,0,61,0.7
1927,33,16,1469,16.3
1928,38,38,3420,38
1929,34,30,2631,29.2
1930,27,20,1922,21.4
1931,5,0,45,0.5
1932,3,3,270,3
1933,13,9,829,9.2
1934,28,28,2492,27.7
1935,22,17,1489,16.5
1936,25,14,1128,12.5
1937,13,11,914,10.2
1938,14,14,1260,14
1939,18,18,1615,17.9
1940,10,3,388,4.3
1941,9,1,198,2.2
1942,5,1,177,2
1943,31,29,2641,29.3
1944,31,30,2614,29
1945,2,1,91,1
1946,32,26,2194,24.4
1947,7,7,630,7
1948,31,31,2673,29.7
1949,4,1,181,2
1950,31,19,1843,20.5
1951,11,4,374,4.2
1952,20,10,918,10.2
1953,4,2,140,1.6
1954,29,25,2363,26.3
1955,30,27,2138,23.8
1956,9,2,186,2.1
1957,34,21,1755,19.5
1958,34,34,3060,34
1959,24,7,762,8.5
1960,24,17,1604,17.8
1961,24,16,1573,17.5
1962,23,21,1809,20.1
1963,16,16,1440,16
1964,6,2,187,2.1
1965,18,18,1559,17.3
1966,23,19,1737,19.3
1967,38,27,2420,26.9
1968,34,34,3058,34
1969,3,0,38,0.4
1970,15,15,1199,13.3
1971,7,3,308,3.4
1972,15,3,413,4.6
1973,24,13,1358,15.1
1974,13,2,253,2.8
1975,33,30,2408,26.8
1976,13,5,558,6.2
1977,28,15,1371,15.2
1978,17,7,758,8.4
1979,13,12,1076,12
1980,38,37,3349,37.2
1981,1,0,32,0.4
1982,15,9,749,8.3
1983,1,0,45,0.5
1984,1,0,13,0.1
1985,12,11,914,10.2
1986,36,28,2502,27.8
1987,9,7,572,6.4
1988,11,8,743,8.3
1989,2,0,9,0.1
1990,3,2,206,2.3
1991,32,31,2776,30.8
1992,2,0,90,1
1993,1,0,7,0.1
1994,3,1,63,0.7
1995,29,15,1404,15.6
1996,4,4,332,3.7
1997,22,21,1801,20
1998,1,0,2,0
1999,30,27,2275,25.3
2000,16,11,1046,11.6
2001,2,0,23,0.3
2002,21,16,1302,14.5
2003,36,36,3112,34.6
2004,4,0,56,0.6
2005,18,7,653,7.3
2006,24,18,1534,17
2007,3,2,200,2.2
2008,25,10,1122,12.5
2009,7,3,362,4
2010,3,0,121,1.3
2011,5,0,82,0.9
2012,25,18,1595,17.7
2013,37,37,3329,37
2014,1,1,65,0.7
2015,31,31,2716,30.2
2016,24,22,1943,21.6
2017,34,34,3060,34
2018,1,0,2,0
2019,14,12,1104,12.3
2020,1,0,1,0
2021,33,17,1584,17.6
2022,33,28,2417,26.9
2023,6,3,363,4
2024,4,4,360,4
2025,15,9,887,9.9
2026,29,24,2093,23.3
2027,37,28,2415,26.8
2028,27,20,1591,17.7
2029,37,37,3253,36.1
2030,1,1,90,1
2031,23,22,1692,18.8
2032,1,1,90,1
2033,13,6,614,6.8
2034,16,0,230,2.6
2035,34,30,2598,28.9
2036,11,7,639,7.1
2037,12,5,542,6
2038,19,12,1207,13.4
2039,4,3,229,2.5
2040,7,2,207,2.3
2041,6,3,383,4.3
2042,19,12,1116,12.4
2043,3,3,270,3
2044,3,3,253,2.8
2045,29,16,1616,18
2046,27,16,1549,17.2
2047,28,16,1467,16.3
2048,26,3,543,6
2049,23,16,1430,15.9
2050,33,30,2577,28.6
2051,35,29,2549,28.3
2052,15,10,959,10.7
2053,15,2,272,3
2054,30,14,1427,15.9
2055,34,34,2925,32.5
2056,25,15,1331,14.8
2057,21,6,773,8.6
2058,22,16,1347,15
2059,3,3,270,3
2060,24,12,1159,12.9
2061,28,19,1759,19.5
2062,22,15,1297,14.4
2063,4,1,128,1.4
2064,14,9,741,8.2
2065,32,32,2879,32
2066,32,20,1795,19.9
2067,36,35,3140,34.9
2068,7,3,308,3.4
2069,2,2,180,2
2070,28,21,1645,18.3
2071,26,9,964,10.7
2072,32,12,1301,14.5
2073,1,0,4,0
2074,20,11,958,10.6
2075,18,3,532,5.9
2076,32,32,2743,30.5
2077,24,21,1828,20.3
2078,24,13,1111,12.3
2079,4,1,93,1
2080,3,3,214,2.4
2081,17,8,581,6.5
2082,29,28,2428,27
2083,33,20,1828,20.3
2084,17,15,1456,16.2
2085,1,0,1,0
2086,32,18,1630,18.1
2087,9,3,361,4
2088,1,0,59,0.7
2089,3,0,67,0.7
2090,20,8,703,7.8
2091,31,31,2742,30.5
2092,6,4,318,3.5
2093,30,30,2682,29.8
2094,29,28,2305,25.6
2095,20,13,1266,14.1
2096,33,31,2575,28.6
2097,8,1,169,1.9
2098,24,6,797,8.9
2099,1,0,23,0.3
2100,18,18,1481,16.5
2101,5,2,228,2.5
2102,11,5,455,5.1
2103,35,15,1418,15.8
2104,19,6,627,7
2105,36,30,2517,28
2106,16,12,1071,11.9
2107,29,19,1803,20
2108,1,0,45,0.5
2109,20,17,1229,13.7
2110,24,22,1661,18.5
2111,26,21,1897,21.1
2112,19,10,851,9.5
2113,1,0,6,0.1
2114,18,4,383,4.3
2115,37,22,1908,21.2
2116,12,5,523,5.8
2117,10,7,575,6.4
2118,22,12,1186,13.2
2119,32,32,2880,32
2120,3,0,66,0.7
2121,2,1,70,0.8
2122,16,3,418,4.6
2123,37,24,2184,24.3
2124,26,25,2119,23.5
2125,22,19,1623,18
2126,27,14,1354,15
2127,14,4,491,5.5
2128,1,0,5,0.1
2129,30,24,2190,24.3
2130,15,10,718,8
2131,14,3,353,3.9
2132,33,15,1611,17.9
2133,28,28,2517,28
2134,24,21,1816,20.2
2135,7,2,213,2.4
2136,29,29,2610,29
2137,35,22,2170,24.1
2138,14,2,292,3.2
2139,31,21,2002,22.2
2140,33,32,2885,32.1
2141,27,18,1738,19.3
2142,11,9,754,8.4
2143,33,25,2204,24.5
2144,28,18,1476,16.4
2145,8,5,341,3.8
2146,19,12,1191,13.2
2147,12,0,167,1.9
2148,5,1,150,1.7
2149,4,0,35,0.4
2150,34,25,2313,25.7
2151,31,25,2187,24.3
2152,21,21,1890,21
2153,21,13,1121,12.5
2154,12,4,396,4.4
2155,12,5,611,6.8
2156,1,1,90,1
2157,33,24,2232,24.8
2158,2,1,135,1.5
2159,31,30,2458,27.3
2160,3,2,207,2.3
2161,23,15,1361,15.1
2162,1,0,1,0
2163,37,37,3285,36.5
2164,37,25,2233,24.8
2165,5,3,304,3.4
2166,25,13,1246,13.8
2167,25,10,969,10.8
2168,20,16,1285,14.3
2169,15,15,1275,14.2
2170,38,38,3420,38
2171,22,13,1089,12.1
2172,22,6,626,7
2173,1,1,90,1
2174,3,3,270,3
2175,8,8,703,7.8
2176,37,33,2920,32.4
2177,24,14,1462,16.2
2178,27,13,1232,13.7
2179,4,4,360,4
2180,7,7,630,7
2181,27,20,1776,19.7
2182,30,28,2313,25.7
2183,17,8,734,8.2
2184,7,0,102,1.1
2185,29,17,1738,19.3
2186,31,26,2247,25
2187,3,1,88,1
2188,27,26,2244,24.9
2189,33,28,2372,26.4
2190,29,29,2610,29
2191,14,12,1058,11.8
2192,1,0,24,0.3
2193,14,1,257,2.9
2194,3,2,181,2
2195,2,1,60,0.7
2196,11,6,653,7.3
2197,38,38,3420,38
2198,4,4,272,3
2199,32,27,2279,25.3
2200,30,20,1833,20.4
2201,1,0,15,0.2
2202,32,23,1976,22
2203,38,38,3420,38
2204,5,3,283,3.1
2205,29,28,2149,23.9
2206,1,0,30,0.3
2207,1,0,4,0
2208,3,0,67,0.7
2209,29,26,2229,24.8
2210,32,32,2879,32
2211,11,11,944,10.5
2212,3,1,89,1
2213,2,0,4,0
2214,34,33,2861,31.8
2215,29,16,1416,15.7
2216,32,27,2183,24.3
2217,10,8,810,9
2218,33,19,1820,20.2
2219,23,12,1139,12.7
2220,36,33,2846,31.6
2221,35,25,2090,23.2
2222,38,35,3054,33.9
2223,19,5,652,7.2
2224,34,26,2236,24.8
2225,18,15,1350,15
2226,17,1,239,2.7
2227,21,7,640,7.1
2228,19,16,1425,15.8
2229,13,13,1170,13
2230,15,9,946,10.5
2231,27,14,1340,14.9
2232,38,38,3383,37.6
2233,28,24,2162,24
2234,28,20,1560,17.3
2235,11,9,877,9.7
2236,18,18,1620,18
2237,19,2,561,6.2
2238,6,2,177,2
2239,2,0,22,0.2
2240,25,17,1404,15.6
2241,2,2,180,2
2242,27,19,1625,18.1
2243,12,8,733,8.1
2244,34,31,2748,30.5
2245,26,14,1288,14.3
2246,15,5,537,6
2247,22,11,1095,12.2
2248,20,4,511,5.7
2249,33,12,1374,15.3
2250,35,34,2864,31.8
2251,23,21,1764,19.6
2252,31,12,1265,14.1
2253,4,0,30,0.3
2254,16,15,1238,13.8
2255,16,2,426,4.7
2256,22,10,983,10.9
2257,14,14,1165,12.9
2258,28,21,1877,20.9
2259,7,0,104,1.2
2260,22,21,1907,21.2
2261,31,29,2545,28.3
2262,21,20,1763,19.6
2263,33,31,2802,31.1
2264,17,14,1232,13.7
2265,26,21,1887,21
2266,35,33,3021,33.6
2267,20,14,1229,13.7
2268,19,6,651,7.2
2269,20,12,1187,13.2
2270,16,12,1094,12.2
2271,3,3,187,2.1
2272,10,5,375,4.2
2273,2,1,91,1
2274,19,19,1710,19
2275,25,21,1678,18.6
2276,2,2,180,2
2277,7,1,205,2.3
2278,16,12,1001,11.1
2279,1,1,90,1
2280,6,3,208,2.3
2281,27,17,1669,18.5
2282,28,21,1593,17.7
2283,33,29,2569,28.5
2284,1,1,67,0.7
2285,7,1,186,2.1
2286,27,24,2157,24
2287,2,2,180,2
2288,4,0,44,0.5
2289,9,2,241,2.7
2290,3,3,270,3
2291,11,11,990,11
2292,24,10,1069,11.9
2293,11,10,945,10.5
2294,21,3,469,5.2
2295,6,0,56,0.6
2296,7,0,125,1.4
2297,33,33,2909,32.3
2298,1,0,13,0.1
2299,27,24,2026,22.5
2300,32,27,2016,22.4
2301,16,7,622,6.9
2302,25,19,1560,17.3
2303,21,2,453,5
2304,27,27,2407,26.7
2305,32,30,2553,28.4
2306,29,26,2385,26.5
2307,1,0,8,0.1
2308,4,3,276,3.1
2309,6,4,375,4.2
2310,37,34,3078,34.2
2311,21,7,755,8.4
2312,20,20,1800,20
2313,15,15,1350,15
2314,12,8,844,9.4
2315,28,22,1661,18.5
2316,28,25,1933,21.5
2317,7,2,200,2.2
2318,31,31,2563,28.5
2319,29,24,2161,24
2320,36,26,2448,27.2
2321,30,10,1130,12.6
2322,24,17,1460,16.2
2323,14,12,978,10.9
2324,16,10,932,10.4
2325,24,11,1035,11.5
2326,23,14,1270,14.1
2327,9,5,495,5.5
2328,30,12,1146,12.7
2329,18,17,1486,16.5
2330,34,29,2638,29.3
2331,16,11,921,10.2
2332,16,10,976,10.8
2333,1,1,49,0.5
2334,27,27,2430,27
2335,26,24,2062,22.9
2336,26,20,1858,20.6
2337,32,18,1805,20.1
2338,14,11,1071,11.9
2339,32,24,2084,23.2
2340,1,0,17,0.2
2341,1,0,10,0.1
2342,9,3,294,3.3
2343,12,10,826,9.2
2344,26,11,1169,13
2345,3,3,270,3
2346,30,28,2209,24.5
2347,4,0,37,0.4
2348,10,7,586,6.5
2349,30,24,2216,24.6
2350,2,0,52,0.6
2351,9,5,389,4.3
2352,9,3,388,4.3
2353,27,13,1320,14.7
2354,32,30,2506,27.8
2355,2,0,76,0.8
2356,8,5,452,5
2357,9,6,463,5.1
2358,24,9,785,8.7
2359,27,26,2165,24.1
2360,33,33,2953,32.8
2361,19,17,1487,16.5
2362,26,13,1352,15
2363,1,0,1,0
2364,18,13,1246,13.8
2365,10,3,342,3.8
2366,1,0,15,0.2
2367,29,26,2247,25
2368,29,20,1866,20.7
2369,32,5,744,8.3
2370,32,30,2626,29.2
2371,24,18,1654,18.4
2372,16,15,1285,14.3
2373,27,15,1428,15.9
2374,38,38,3420,38
2375,31,27,2393,26.6
2376,22,13,1177,13.1
2377,12,4,416,4.6
2378,28,24,2197,24.4
2379,19,10,942,10.5
2380,34,28,2512,27.9
2381,13,6,610,6.8
2382,26,26,2340,26
2383,2,0,34,0.4
2384,3,3,153,1.7
2385,1,1,90,1
2386,9,1,191,2.1
2387,23,7,813,9
2388,4,0,66,0.7
2389,6,6,540,6
2390,34,34,2983,33.1
2391,16,8,885,9.8
2392,18,4,603,6.7
2393,29,23,2064,22.9
2394,36,36,3240,36
2395,25,24,1953,21.7
2396,12,9,707,7.9
2397,1,0,1,0
2398,23,17,1574,17.5
2399,13,2,343,3.8
2400,1,0,8,0.1
2401,10,6,572,6.4
2402,13,3,461,5.1
2403,14,5,556,6.2
2404,16,7,735,8.2
2405,32,30,2654,29.5
2406,30,29,2617,29.1
2407,31,16,1677,18.6
2408,2,0,11,0.1
2409,7,0,21,0.2
2410,1,0,11,0.1
2411,30,21,1980,22
2412,11,7,697,7.7
2413,24,6,652,7.2
2414,1,0,34,0.4
2415,36,24,2253,25
2416,4,0,49,0.5
2417,2,0,34,0.4
2418,24,18,1599,17.8
2419,32,32,2760,30.7
2420,26,24,2065,22.9
2421,31,26,2368,26.3
2422,21,17,1399,15.5
2423,32,11,1369,15.2
2424,1,0,3,0
2425,4,4,355,3.9
2426,12,6,600,6.7
2427,32,32,2880,32
2428,23,23,1935,21.5
2429,34,34,3060,34
2430,19,19,1615,17.9
2431,33,19,1740,19.3
2432,33,28,2324,25.8
2433,37,37,3330,37
2434,1,0,2,0
2435,5,0,58,0.6
2436,28,20,1854,20.6
2437,22,19,1570,17.4
2438,36,34,3071,34.1
2439,4,3,344,3.8
2440,32,32,2880,32
2441,6,0,78,0.9
2442,36,29,2581,28.7
2443,25,15,1585,17.6
2444,9,6,474,5.3
2445,1,1,71,0.8
2446,5,2,169,1.9
2447,32,32,2785,30.9
2448,28,28,2520,28
2449,26,12,1179,13.1
2450,23,12,1164,12.9
2451,32,31,2777,30.9
2452,13,3,419,4.7
2453,19,1,234,2.6
2454,1,0,20,0.2
2455,18,4,579,6.4
2456,3,2,172,1.9
2457,16,13,1111,12.3
2458,20,18,1440,16
2459,8,6,526,5.8
2460,3,0,5,0.1
2461,10,8,746,8.3
2462,19,12,1134,12.6
2463,5,0,49,0.5
2464,16,11,1113,12.4
2465,18,8,899,10
2466,16,3,486,5.4
2467,29,16,1438,16
2468,32,31,2735,30.4
2469,31,31,2712,30.1
2470,28,10,1106,12.3
2471,10,5,559,6.2
2472,28,28,2520,28
2473,37,37,3250,36.1
2474,15,3,393,4.4
2475,26,25,2042,22.7
2476,1,0,1,0
2477,33,28,2413,26.8
2478,21,12,1184,13.2
2479,1,0,10,0.1
2480,38,38,3419,38
2481,1,0,5,0.1
2482,14,5,458,5.1
2483,20,19,1755,19.5
2484,3,1,145,1.6
2485,32,21,1919,21.3
2486,3,0,4,0
2487,23,14,1224,13.6
2488,1,0,6,0.1
2489,28,25,2175,24.2
2490,15,10,1000,11.1
2491,23,19,1819,20.2
2492,27,25,2124,23.6
2493,15,13,1261,14
2494,1,0,22,0.2
2495,32,32,2880,32
2496,24,22,1956,21.7
2497,1,1,90,1
2498,33,31,2793,31
2499,21,19,1566,17.4
2500,1,1,90,1
2501,23,14,1276,14.2
2502,7,3,261,2.9
2503,18,17,1537,17.1
2504,31,28,2536,28.2
2505,30,30,2700,30
2506,30,23,1961,21.8
2507,19,4,538,6
2508,22,22,1933,21.5
2509,9,9,810,9
2510,29,21,1846,20.5
2511,18,18,1314,14.6
2512,11,1,233,2.6
2513,27,22,2075,23.1
2514,33,30,2638,29.3
2515,10,4,423,4.7
2516,6,6,445,4.9
2517,31,28,2434,27
2518,35,34,2852,31.7
2519,32,30,2508,27.9
2520,5,3,305,3.4
2521,20,16,1505,16.7
2522,34,28,2210,24.6
2523,7,3,233,2.6
2524,34,24,1852,20.6
2525,2,0,8,0.1
2526,20,13,1116,12.4
2527,4,1,97,1.1
2528,18,8,733,8.1
2529,30,30,2677,29.7
2530,3,1,99,1.1
2531,29,13,1443,16
2532,12,8,850,9.4
2533,27,24,2219,24.7
2534,2,0,38,0.4
2535,23,16,1368,15.2
2536,33,28,2304,25.6
2537,6,6,487,5.4
2538,32,32,2701,30
2539,31,29,2652,29.5
2540,38,38,3404,37.8
2541,36,36,3240,36
2542,1,1,90,1
2543,3,1,103,1.1
2544,5,0,69,0.8
2545,4,0,43,0.5
2546,2,1,85,0.9
2547,3,0,65,0.7
2548,29,28,2426,27
2549,1,0,16,0.2
2550,1,0,13,0.1
2551,15,4,495,5.5
2552,36,36,3063,34
2553,2,1,110,1.2
2554,18,7,745,8.3
2555,9,8,690,7.7
2556,17,2,413,4.6
2557,29,12,1283,14.3
2558,10,2,270,3
2559,6,4,351,3.9
2560,31,31,2790,31
2561,4,2,272,3
2562,34,30,2436,27.1
2563,25,22,1869,20.8
2564,22,18,1481,16.5
2565,1,0,20,0.2
2566,24,5,754,8.4
2567,36,33,2732,30.4
2568,19,15,1452,16.1
2569,24,9,1029,11.4
2570,27,12,1256,14
2571,1,0,1,0
2572,14,12,969,10.8
2573,34,34,3024,33.6
2574,37,31,2624,29.2
2575,8,3,313,3.5
2576,33,29,2648,29.4
2577,29,20,1731,19.2
2578,29,17,1494,16.6
2579,1,0,12,0.1
2580,38,37,3357,37.3
2581,27,26,2299,25.5
2582,6,0,56,0.6
2583,7,1,125,1.4
2584,30,15,1395,15.5
2585,15,15,1330,14.8
2586,35,34,2811,31.2
2587,16,7,781,8.7
2588,26,18,1490,16.6
2589,31,29,2537,28.2
2590,31,31,2715,30.2
2591,8,6,553,6.1
2592,1,0,45,0.5
2593,17,16,1466,16.3
2594,25,17,1330,14.8
2595,23,21,1782,19.8
2596,12,9,726,8.1
2597,26,24,1940,21.6
2598,3,0,21,0.2
2599,6,1,170,1.9
2600,19,3,518,5.8
2601,24,15,1306,14.5
2602,33,15,1400,15.6
2603,33,33,2970,33
2604,35,19,1894,21
2605,25,17,1548,17.2
2606,14,11,969,10.8
2607,5,0,48,0.5
2608,29,20,1681,18.7
2609,17,8,704,7.8
2610,26,25,2090,23.2
2611,34,25,2258,25.1
2612,25,25,2234,24.8
2613,6,0,74,0.8
2614,37,28,2649,29.4
2615,19,0,304,3.4
2616,36,29,2317,25.7
2617,2,0,54,0.6
2618,3,0,18,0.2
2619,22,19,1700,18.9
2620,2,0,39,0.4
2621,35,34,3000,33.3
2622,7,1,98,1.1
2623,34,34,2993,33.3
2624,33,33,2970,33
2625,26,22,2035,22.6
2626,21,12,1166,13
2627,35,30,2527,28.1
2628,31,30,2572,28.6
2629,28,3,706,7.8
2630,10,3,300,3.3
2631,28,28,2475,27.5
2632,35,30,2607,29
2633,5,1,109,1.2
2634,29,23,1951,21.7
2635,1,0,43,0.5
2636,2,0,7,0.1
2637,9,4,404,4.5
2638,27,19,1765,19.6
2639,2,1,50,0.6
2640,19,16,1459,16.2
2641,6,0,170,1.9
2642,25,19,1724,19.2
2643,9,8,711,7.9
2644,3,1,65,0.7
2645,36,32,2503,27.8
2646,1,1,90,1
2647,13,6,645,7.2
2648,28,15,1318,14.6
2649,9,1,281,3.1
2650,29,27,2330,25.9
2651,1,0,2,0
2652,20,18,1494,16.6
2653,5,5,450,5
2654,3,1,115,1.3
2655,11,6,499,5.5
2656,1,1,70,0.8
2657,20,4,491,5.5
2658,3,1,103,1.1
2659,21,15,1348,15
2660,30,9,950,10.6
2661,24,15,1330,14.8
2662,31,31,2715,30.2
2663,34,31,2840,31.6
2664,30,18,1612,17.9
2665,1,0,32,0.4
2666,11,9,611,6.8
2667,15,1,164,1.8
2668,8,5,562,6.2
2669,24,21,1848,20.5
2670,8,3,283,3.1
2671,1,1,90,1
2672,6,1,118,1.3
2673,23,19,1723,19.1
2674,21,15,1316,14.6
2675,28,25,2281,25.3
2676,28,19,1701,18.9
2677,28,21,1757,19.5
2678,21,12,980,10.9
2679,33,17,1620,18
2680,33,33,2944,32.7
2681,29,25,2053,22.8
2682,1,0,12,0.1
2683,21,16,1492,16.6
2684,27,12,998,11.1
2685,30,20,1722,19.1
2686,30,29,2574,28.6
2687,32,25,2316,25.7
2688,4,4,360,4
2689,3,0,52,0.6
2690,20,9,767,8.5
2691,12,5,595,6.6
2692,23,14,1138,12.6
2693,2,1,86,1
2694,34,25,2348,26.1
2695,4,2,226,2.5
2696,21,19,1590,17.7
2697,31,11,1203,13.4
2698,21,10,969,10.8
2699,35,16,1589,17.7
2700,33,21,1859,20.7
2701,21,19,1781,19.8
2702,2,1,173,1.9
2703,9,3,308,3.4
2704,17,12,1036,11.5
2705,1,0,48,0.5
2706,19,5,520,5.8
2707,10,3,298,3.3
2708,37,34,2923,32.5
2709,7,5,371,4.1
2710,18,11,1000,11.1
2711,24,20,1841,20.5
2712,24,17,1359,15.1
2713,1,1,66,0.7
2714,35,34,2769,30.8
2715,32,30,2734,30.4
2716,1,0,1,0
2717,9,6,519,5.8
2718,13,11,810,9
2719,25,13,1305,14.5
2720,28,15,1371,15.2
2721,4,0,33,0.4
2722,30,23,2055,22.8
2723,21,20,1618,18
2724,1,0,13,0.1
2725,24,22,1946,21.6
2726,30,30,2645,29.4
2727,19,18,1618,18
2728,25,24,1919,21.3
2729,34,34,3060,34
2730,26,25,2256,25.1
2731,38,38,3420,38
2732,35,35,2979,33.1
2733,37,37,3328,37
2734,3,0,39,0.4
2735,28,7,878,9.8
2736,29,29,2594,28.8
2737,34,33,2941,32.7
2738,5,2,226,2.5
2739,32,24,2133,23.7
2740,24,17,1545,17.2
2741,22,15,1457,16.2
2742,22,15,1254,13.9
2743,35,29,2602,28.9
2744,38,38,3410,37.9
2745,36,36,3191,35.5
2746,38,34,2941,32.7
2747,2,0,2,0
2748,8,7,474,5.3
2749,4,2,188,2.1
2750,38,27,2387,26.5
2751,6,3,249,2.8
2752,2,0,57,0.6
2753,9,7,661,7.3
2754,25,16,1406,15.6
2755,7,2,238,2.6
2756,14,11,978,10.9
2757,26,23,2084,23.2
2758,1,0,1,0
2759,15,9,861,9.6
2760,29,25,2224,24.7
2761,38,30,2674,29.7
2762,15,13,1130,12.6
2763,32,14,1378,15.3
2764,31,29,2551,28.3
2765,6,1,147,1.6
2766,26,7,823,9.1
2767,33,32,2741,30.5
2768,2,0,34,0.4
2769,33,11,1200,13.3
2770,31,29,2522,28
2771,13,8,647,7.2
2772,19,15,1379,15.3
2773,10,10,900,10
2774,15,1,375,4.2
2775,32,10,1086,12.1
2776,6,5,436,4.8
2777,28,23,2051,22.8
2778,4,3,300,3.3
2779,16,15,1317,14.6
2780,12,3,462,5.1
2781,32,25,2274,25.3
2782,26,16,1391,15.5
2783,26,16,1425,15.8
2784,3,1,77,0.9
2785,29,14,1229,13.7
2786,36,33,2609,29
2787,9,3,276,3.1
2788,2,0,65,0.7
2789,3,1,122,1.4
2790,30,29,2612,29
2791,31,22,1863,20.7
2792,25,15,1419,15.8
2793,12,6,639,7.1
2794,1,0,11,0.1
2795,36,29,2587,28.7
2796,27,18,1637,18.2
2797,12,12,968,10.8
2798,37,29,2379,26.4
2799,34,27,2395,26.6
2800,25,23,2045,22.7
2801,5,1,100,1.1
2802,29,15,1491,16.6
2803,22,10,905,10.1
2804,24,23,1740,19.3
2805,28,14,1289,14.3
2806,31,31,2790,31
2807,9,0,171,1.9
2808,27,15,1187,13.2
2809,1,0,51,0.6
2810,36,32,2523,28
2811,20,15,1478,16.4
2812,4,0,113,1.3
2813,3,1,92,1
2814,23,15,1172,13
2815,7,7,603,6.7
2816,23,2,436,4.8
2817,24,22,2029,22.5
2818,24,21,1959,21.8
2819,20,6,585,6.5
2820,31,17,1882,20.9
2821,14,9,866,9.6
2822,7,3,234,2.6
2823,32,27,2078,23.1
